command,repos
.vglrun.vars64,extra
0ad,extra
1password2john,extra
3BandEQ,extra
3BandSplitter,extra
3cpio,extra
411toppm,extra
4channels,extra
4ti2gmp,extra
4ti2int32,extra
4ti2int64,extra
6to4test.sh,extra
6tunnel,extra
7z,extra
7z2john,extra
7za,extra
7zr,extra
ADLplug,extra
AIDA-X,extra
ATR_analysis,extra
Adie.stx,extra
AllRADecoder,extra
Allure,extra
AmplitudeImposer,extra
AusweisApp,extra
B_A,extra
B_A_center,extra
B_D,extra
B_D_center,extra
B_S,extra
B_S_center,extra
BespokeSynth,extra
BinauralDecoder,extra
Cardinal,extra
CardinalMini,extra
CardinalNative,extra
CheckLDAPStatus.py,extra
ChiPass,extra
ChiPass-cli,extra
ChiPass-proxy,extra
ControlPanel,extra
ConvertCDDextToLatte,extra
ConvertCDDineToLatte,extra
CoordinateConverter,extra
CreateDOMDocument,extra
CsoundQt-d-cs6,extra
CycleShifter,extra
DHT_bootstrap,extra
DOMCount,extra
DOMPrint,extra
DPAPImk2john,extra
DRAWEXE,extra
DRAWEXE-7.9.3,extra
Dexed,extra
DirectionalCompressor,extra
DirectivityShaper,extra
DistanceCompensator,extra
DllPlugInTester,extra
Dnxk,extra
DragonflyEarlyReflections,extra
DragonflyHallReverb,extra
DragonflyPlateReverb,extra
DragonflyRoomReverb,extra
DroidSans.ttf,extra
DualDelay,extra
DumpNTLMInfo.py,extra
ESingular,extra
ETL-config,extra
EmptyEpsilon,extra
EnergyVisualizer,extra
EnumVal,extra
ExpToCasExe,extra
ExpToCasExe-7.9.3,extra
FBReader,extra
FdnReverb,extra
FileCheck,extra
FileCheck-18,extra
FileCheck-19,extra
FileCheck-20,extra
FileCheck-21,extra
FontEditor,extra
Forcevideo-drbl-live,extra
FreeCAD,extra
FreeCADCmd,extra
FvwmCommand,extra
FvwmPrompt,extra
Get-GPPPassword.py,extra
GetADComputers.py,extra
GetADUsers.py,extra
GetLAPSPassword.py,extra
GetNPUsers.py,extra
GetUserSPNs.py,extra
GranularEncoder,extra
GraphicsMagick++-config,extra
GraphicsMagick-config,extra
GraphicsMagickWand-config,extra
HPXcvt,extra
HTMLLinker,extra
HandBrakeCLI,extra
HsColour,extra
Hyprland,extra
ImageEditor,extra
JKQTPCSSParser_test,extra
JKQTPDataCache_benchmark,extra
JKQTPDataCache_test,extra
JKQTPStringTools_test,extra
JxrDecApp,extra
JxrEncApp,extra
Kars,extra
KateDJ,extra
LCDd,extra
LambdaHack,extra
LayoutEditor,extra
LimeQuickTest,extra
LimeSuiteGUI,extra
LimeUtil,extra
MCTSExtractorHighBitDepthStatic,extra
MCTSExtractorStatic,extra
MP4Box,extra
MPEG2TransportStreamIndexer,extra
MVerb,extra
MaBitcrush,extra
MaFreeverb,extra
MaGigaverb,extra
MaPitchshift,extra
Magick++-config,extra
MagickCore-config,extra
MagickWand-config,extra
MaterialXGraphEditor,extra
MaterialXView,extra
MatrixMultiplier,extra
MauiManServer4,extra
MediaElch,extra
MemParse,extra
ModemManager,extra
MultiBandCompressor,extra
MultiEQ,extra
MultiEncoder,extra
NRswitchg,extra
Nekobi,extra
NetworkManager,extra
OB-Xf,extra
OPNplug,extra
OgreCmgenToCubemap,extra
OgreMeshTool,extra
OgreMeshUpgrader,extra
OgreXMLConverter,extra
OmniCompressor,extra
OneTrick B-BOI,extra
OneTrick CHONK,extra
OneTrick CRYPTID,extra
OneTrick KEYS,extra
OneTrick SIMIAN2,extra
OneTrick URCHIN,extra
OpenToonz,extra
PPSSPPHeadless,extra
PPSSPPSDL,extra
PParse,extra
PSVIWriter,extra
PTBatcherGUI,extra
PTblender,extra
PTcrop,extra
PTinfo,extra
PTmasker,extra
PTmender,extra
PToptimizer,extra
PTroller,extra
PTtiff2psd,extra
PTtiffdump,extra
PTuncrop,extra
Packer,extra
PathFinder,extra
PingPongPan,extra
ProbeDecoder,extra
Projucer,extra
QtWebEngineProcess6,extra
R,extra
RHVoice-test,extra
ROPgadget,extra
RecastDemo,extra
Redirect,extra
RockboxUtility,extra
RoomEncoder,extra
Rscript,extra
SAX2Count,extra
SAX2Print,extra
SAXCount,extra
SAXPrint,extra
SCMPrint,extra
SEIFilmGrainAppHighBitDepthStatic,extra
SEIFilmGrainAppStatic,extra
SEIRemovalAppHighBitDepthStatic,extra
SEIRemovalAppStatic,extra
SEnumVal,extra
SIPdump,extra
SceneRotator,extra
SciTE,extra
Shape_PointInPoly,extra
SigDigger,extra
SimpleDecoder,extra
SimpleITKTclsh,extra
Singular,extra
SkinEditor,extra
SnapPy,extra
SoapySDRServer,extra
SoapySDRUtil,extra
SoulForce,extra
StdInParse,extra
StellarSolverTester,extra
StereoEncoder,extra
Stochas,extra
Surge XT,extra
Surge XT Effects,extra
SvtAv1EncApp,extra
SvtHevcEncApp,extra
SvtVp9EncApp,extra
SysTray-X,extra
TAppDecoderAnalyserHighBitDepthStatic,extra
TAppDecoderAnalyserStatic,extra
TAppDecoderHighBitDepthStatic,extra
TAppDecoderStatic,extra
TAppEncoderHighBitDepthStatic,extra
TAppEncoderStatic,extra
TSingular,extra
Telegram,extra
Tensile,extra
TensileBenchmarkCluster,extra
TensileCreateLibrary,extra
TensileGetPath,extra
TensileRetuneLibrary,extra
Thunar,extra
ToolBox,extra
UTkamene,extra
UnicodeNameMappingGenerator,extra
UnicodeNameMappingGenerator-18,extra
UnicodeNameMappingGenerator-19,extra
UnicodeNameMappingGenerator-20,extra
UnicodeNameMappingGenerator-21,extra
VASTvaporizer2,extra
VBox,extra
VBoxAudioTest,extra
VBoxAutostart,extra
VBoxBalloonCtrl,extra
VBoxBugReport,extra
VBoxClient,extra
VBoxClient-all,extra
VBoxControl,extra
VBoxDRMClient,extra
VBoxHeadless,extra
VBoxManage,extra
VBoxSDL,extra
VBoxService,extra
VGAuthService,extra
VRMLConverter,extra
VirtualBox,extra
VirtualBoxVM,extra
WPEWebDriver,extra
WPrefs,extra
WebKitWebDriver,extra
X,extra
XInclude,extra
Xalan,extra
Xdummy,extra
Xephyr,extra
Xnest,extra
Xorg,extra
Xspice,extra
Xvfb,extra
Xvnc,extra
Xwayland,extra
ZXingQtCamReader,extra
ZXingReader,extra
ZXingWriter,extra
ZaMaximX2,extra
ZaMultiComp,extra
ZaMultiCompX2,extra
ZamAutoSat,extra
ZamComp,extra
ZamCompX2,extra
ZamDelay,extra
ZamDynamicEQ,extra
ZamEQ2,extra
ZamEcho,extra
ZamGEQ31,extra
ZamGate,extra
ZamGateX2,extra
ZamGrains,extra
ZamHeadX2,extra
ZamNoise,extra
ZamPhono,extra
ZamTube,extra
ZamVerb,extra
ZydisDisasm,extra
ZydisInfo,extra
[,core
_cvpcb.kiface,extra
_eeschema.kiface,extra
_gerbview.kiface,extra
_kipython.kiface,extra
_pcb_calculator.kiface,extra
_pcbnew.kiface,extra
_pl_editor.kiface,extra
a2j,extra
a2j_control,extra
a2jmidi_bridge,extra
a2jmidid,extra
a2ping,extra
a2ps,extra
a2ps-lpr-wrapper,extra
a2x,extra
a52dec,extra
a5toa4,extra
a68g,extra
aa-audit,extra
aa-autodep,extra
aa-cleanprof,extra
aa-complain,extra
aa-decode,extra
aa-disable,extra
aa-easyprof,extra
aa-enabled,extra
aa-enforce,extra
aa-exec,extra
aa-features-abi,extra
aa-genprof,extra
aa-load,extra
aa-logprof,extra
aa-mergeprof,extra
aa-notify,extra
aa-remove-unknown,extra
aa-status,extra
aa-teardown,extra
aa-unconfined,extra
aacs_info,extra
aafigure,extra
aafire,extra
aainfo,extra
aalib-config,extra
aarch64-linux-gnu-addr2line,extra
aarch64-linux-gnu-ar,extra
aarch64-linux-gnu-as,extra
aarch64-linux-gnu-c++,extra
aarch64-linux-gnu-c++filt,extra
aarch64-linux-gnu-cpp,extra
aarch64-linux-gnu-elfedit,extra
aarch64-linux-gnu-g++,extra
aarch64-linux-gnu-gcc,extra
aarch64-linux-gnu-gcc-16.1.0,extra
aarch64-linux-gnu-gcc-ar,extra
aarch64-linux-gnu-gcc-nm,extra
aarch64-linux-gnu-gcc-ranlib,extra
aarch64-linux-gnu-gcov,extra
aarch64-linux-gnu-gcov-dump,extra
aarch64-linux-gnu-gcov-tool,extra
aarch64-linux-gnu-gdb,extra
aarch64-linux-gnu-gdb-add-index,extra
aarch64-linux-gnu-gfortran,extra
aarch64-linux-gnu-gprof,extra
aarch64-linux-gnu-gstack,extra
aarch64-linux-gnu-ld,extra
aarch64-linux-gnu-ld.bfd,extra
aarch64-linux-gnu-lto-dump,extra
aarch64-linux-gnu-nm,extra
aarch64-linux-gnu-objcopy,extra
aarch64-linux-gnu-objdump,extra
aarch64-linux-gnu-ranlib,extra
aarch64-linux-gnu-readelf,extra
aarch64-linux-gnu-size,extra
aarch64-linux-gnu-strings,extra
aarch64-linux-gnu-strip,extra
aarch64-linux-musl-gcc,extra
aasavefont,extra
aatest,extra
ab,extra
abc,extra
abc2abc,extra
abc2ly,extra
abc2midi,extra
abcconvert,extra
abcdiff,extra
abcecho,extra
abcechobounds,extra
abcls,extra
abcmatch,extra
abcstitcher,extra
abctree,extra
abduco,extra
abi-compliance-checker,extra
abi-dumper,extra
abicompat,extra
abidiff,extra
abidump,extra
abidw,extra
abigen,extra
abilint,extra
abipkgdiff,extra
abiword,extra
abuild,extra
abuild-addgroup,extra
abuild-adduser,extra
abuild-apk,extra
abuild-fetch,extra
abuild-gzsplit,extra
abuild-keygen,extra
abuild-rm,extra
abuild-rmtemp,extra
abuild-sign,extra
abuild-sudo,extra
abuild-tar,extra
abump,extra
abw2html,extra
abw2raw,extra
abw2text,extra
acat,extra
accerciser,extra
accessdb,core
accessibilityinspector,extra
accountwizard,extra
accuraterip-checksum,extra
ace,extra
aclocal,core
aclocal-1.18,core
acme,extra
acme-post,extra
acme-redirect,extra
acme-renew,extra
acme-tiny,extra
acme.sh,extra
aconnect,extra
acorn,extra
acorn2sfd,extra
acpi,extra
acpi_listen,extra
acpibin,extra
acpid,extra
acpidump,extra
acpiexamples,extra
acpiexec,extra
acpihelp,extra
acpisrc,extra
acpixtract,extra
acpl,extra
act,extra
actionlint,extra
activate-global-python-argcomplete,extra
activity-log-manager,extra
actmerge,extra
actsync,extra
actsyncd,extra
acyclic,extra
ada_count,extra
adb,extra
add-det,extra
add-determinism,extra
addcomputer.py,extra
adddebug,extra
addedgeg,extra
addftinfo,core
addgnupghome,core
addld,extra
addmocincludes,extra
addpart,core
addptg,extra
addr2line,core
addr2name,extra
address6,extra
addrinfo,extra
adf2hdf,extra
adguardhome,extra
adhocfilelist,extra
adie,extra
adiff,extra
adig,extra
adios2-config,extra
adios2_deactivate_bp,extra
adios2_iotest,extra
adios2_json_pp,extra
adios2_remote_server,extra
adios2_reorganize,extra
adios2_reorganize_mpi,extra
adjacency,extra
adjacency_gmp,extra
adljack,extra
adlrt,extra
adm2dgr,extra
adnmz,extra
adnsheloex,extra
adnshost,extra
adnslogres,extra
adnsresfilter,extra
adriconf,extra
adventure,extra
advtest,extra
adwaita-1-demo,extra
adxcsouf2john,extra
aegisub,extra
aem2john,extra
aeolus,extra
aerc,extra
aescrypt2hashcat.pl,extra
aeson-pretty,extra
afcclient,extra
afew,extra
affixcompress,extra
afl-addseeds,extra
afl-analyze,extra
afl-c++,extra
afl-cc,extra
afl-clang,extra
afl-clang++,extra
afl-clang-fast,extra
afl-clang-fast++,extra
afl-clang-lto,extra
afl-clang-lto++,extra
afl-cmin,extra
afl-cmin.awk,extra
afl-cmin.bash,extra
afl-cmin.py,extra
afl-collect,extra
afl-cron,extra
afl-fuzz,extra
afl-g++,extra
afl-g++-fast,extra
afl-gcc,extra
afl-gcc-fast,extra
afl-gotcpu,extra
afl-ld-lto,extra
afl-lto,extra
afl-lto++,extra
afl-minimize,extra
afl-multicore,extra
afl-multikill,extra
afl-network-client,extra
afl-network-server,extra
afl-persistent-config,extra
afl-plot,extra
afl-qemu-trace,extra
afl-showmap,extra
afl-stats,extra
afl-sync,extra
afl-system-config,extra
afl-tmin,extra
afl-vcrash,extra
afl-whatsup,extra
afm2afm,extra
afm2pl,extra
afm2tfm,extra
afmtodit,core
afp_client,extra
afpcmd,extra
afpfs,extra
afpfsd,extra
afpgetstatus,extra
aft-mtp-cli,extra
aft-mtp-mount,extra
ag,extra
ag-backup,extra
ag-tool,extra
agda,extra
agda-mode,extra
age,extra
age-inspect,extra
age-keygen,extra
age-plugin-batchpass,extra
age-plugin-tkey,extra
age-plugin-tpm,extra
age-plugin-yubikey,extra
agenda,extra
agentxtrap,extra
agetty,core
agreety,extra
agrep,extra
agrind,extra
aha,extra
ahost,extra
aichat,extra
aiodiscover,extra
aioesphomeapi-discover,extra
aioesphomeapi-logs,extra
aionostr,extra
aiosmtpd,extra
airbase-ng,extra
aircrack-ng,extra
airdecap-ng,extra
airdecloak-ng,extra
airdrop-ng,extra
aireplay-ng,extra
airgraph-ng,extra
airmon-ng,extra
airodump-join,extra
airodump-ng,extra
airodump-ng-oui-update,extra
airolib-ng,extra
airscan-discover,extra
airserv-ng,extra
airspy_gpio,extra
airspy_gpiodir,extra
airspy_info,extra
airspy_lib_version,extra
airspy_r820t,extra
airspy_rx,extra
airspy_si5351c,extra
airspy_spiflash,extra
airtun-ng,extra
airventriloquist-ng,extra
aix2john,extra
aj-snapshot,extra
akaidump,extra
akaiextract,extra
akit,extra
akonadi-db-migrator,extra
akonadi2xml,extra
akonadi_agent_launcher,extra
akonadi_agent_server,extra
akonadi_archivemail_agent,extra
akonadi_birthdays_resource,extra
akonadi_contacts_resource,extra
akonadi_control,extra
akonadi_davgroupware_resource,extra
akonadi_etesync_resource,extra
akonadi_ews_resource,extra
akonadi_ewsmta_resource,extra
akonadi_followupreminder_agent,extra
akonadi_google_resource,extra
akonadi_html_to_text,extra
akonadi_ical_resource,extra
akonadi_icaldir_resource,extra
akonadi_imap_resource,extra
akonadi_indexing_agent,extra
akonadi_knut_resource,extra
akonadi_maildir_resource,extra
akonadi_maildispatcher_agent,extra
akonadi_mailfilter_agent,extra
akonadi_mailmerge_agent,extra
akonadi_mbox_resource,extra
akonadi_migration_agent,extra
akonadi_mixedmaildir_resource,extra
akonadi_newmailnotifier_agent,extra
akonadi_openxchange_resource,extra
akonadi_pop3_resource,extra
akonadi_rds,extra
akonadi_sendlater_agent,extra
akonadi_unifiedmailbox_agent,extra
akonadi_vcard_resource,extra
akonadi_vcarddir_resource,extra
akonadiagentconfigdialog,extra
akonadiconsole,extra
akonadictl,extra
akonadiimportwizard,extra
akonadiselftest,extra
akonadiserver,extra
akonaditest,extra
akregator,extra
akregatorstorageexporter,extra
al,extra
al2,extra
alacarte,extra
alacritty,extra
albatross,extra
alc,extra
alcc,extra
aldebug,extra
aldirect,extra
alembic,extra
aleph,extra
alertmanager,extra
alex,extra
alffplay,extra
algernon,extra
alhrtf,extra
ali,extra
alicloud-vault,extra
align,extra
align_image_stack,extra
aliki,extra
aliki-rt,extra
alive2map.sh,extra
alive6,extra
aliyun,extra
allafplay,extra
allatency,extra
allcm,extra
alldefconfig,extra
allec,extra
allegro-config,extra
allfaces,extra
allfaces_gmp,extra
alligator,extra
allmodconfig,extra
allneeded,extra
allnoconfig,extra
alloopback,extra
allyesconfig,extra
almanah,extra
almultireverb,extra
alot,extra
alpine-chroot-install,extra
alplay,extra
alpm-buildinfo,extra
alpm-db-desc,extra
alpm-db-files,extra
alpm-lint,extra
alpm-mtree,extra
alpm-pkgbuild-bridge,extra
alpm-pkginfo,extra
alpm-repo-desc,extra
alpm-repo-files,extra
alpm-soname,extra
alpm-srcinfo,extra
alrecord,extra
alreverb,extra
als,extra
alsa-info.sh,extra
alsa-scarlett-gui,extra
alsa_delay,extra
alsa_in,extra
alsa_loopback,extra
alsa_out,extra
alsabat,extra
alsabat-test.sh,extra
alsactl,extra
alsaloop,extra
alsamixer,extra
alsatplg,extra
alsaucm,extra
alsoft-config,extra
alstream,extra
altonegen,extra
alurecdplay,extra
alureplay,extra
alurestream,extra
amarok,extra
amarok_afttagger,extra
amarokcollectionscanner,extra
amavisd,extra
amavisd-agent,extra
amavisd-milter,extra
amavisd-nanny,extra
amavisd-release,extra
amavisd-signer,extra
amavisd-snmp-subagent,extra
amavisd-snmp-subagent-zmq,extra
ambdec,extra
ambdec_cli,extra
amberol,extra
ambiguous_words,extra
amd-bios,extra
amd-ctk,extra
amd-pstate,extra
amd-s2idle,extra
amd-ttm,extra
amd_hdmi_compliance,extra
amdgpu-arch,extra
amdgpu_stress,extra
amdgpu_top,extra
ameba,extra
ameba-ls,extra
amfora,extra
amidi,extra
amixer,extra
amk_ccc,extra
amk_fft2,extra
amk_grf,extra
amk_hy,extra
amk_m2,extra
amk_p2,extra
amm,extra
ampctl,extra
ampctld,extra
amqp-consume,extra
amqp-declare-queue,extra
amqp-delete-queue,extra
amqp-get,extra
amqp-publish,extra
amrnb-dec,extra
amrnb-enc,extra
amrwb-dec,extra
ams,extra
ams_driver,extra
amstex,extra
amsynth,extra
amtog,extra
amtool,extra
amuFormat.sh,extra
amule,extra
amulecmd,extra
amuled,extra
amulegui,extra
amuleweb,extra
anacron,extra
analyseplugin,extra
analyze,extra
analyze-build,extra
analyze-tiers.py,extra
ananicy-cpp,extra
ananta,extra
anariInfo,extra
anariRenderTests,extra
ancestorg,extra
andotp2john,extra
android-file-transfer,extra
android2po,extra
android_deploy.py,extra
androidbackup2john,extra
androiddeployqt6,extra
androidfde2john,extra
androidqf,extra
anewer,extra
angband,extra
angelfish,extra
angelfish-webapp,extra
anim_diff,extra
anim_dump,extra
animate,extra
anki,extra
ankiw,extra
annotate,extra
ansi2html,extra
ansible,extra
ansible-bender,extra
ansible-community,extra
ansible-config,extra
ansible-console,extra
ansible-creator,extra
ansible-doc,extra
ansible-galaxy,extra
ansible-inventory,extra
ansible-lint,extra
ansible-navigator,extra
ansible-playbook,extra
ansible-pull,extra
ansible-runner,extra
ansible-test,extra
ansible-vault,extra
ansible2john,extra
ant,extra
anthy-agent,extra
anthy-dic-tool,extra
anthy-morphological-analyzer,extra
antimicrox,extra
antiword,extra
antlr4,extra
anubis,extra
anubis-iplist2rule,extra
anubis-robots2policy,extra
any2djvu,extra
anything-sync-daemon,extra
anytopnm,extra
anytovcd.sh,extra
aom-fullref,extra
aomdec,extra
aomenc,extra
aoss,extra
apachectl,extra
apack,extra
apcaccess,extra
apctest,extra
apcupsd,extra
apex2john,extra
apfs-label,extra
apfs-snap,extra
apfs2hashcat.py,extra
apfsck,extra
apitrace,extra
apk,extra
apkbuild-cpan,extra
apkbuild-fixer,extra
apkbuild-gem-resolver,extra
apkbuild-lint,extra
apkbuild-pypi,extra
apkgrel,extra
apkinfo,extra
apko,extra
apksigcopier,extra
aplay,extra
aplaymidi,extra
aplaymidi2,extra
aplist,extra
aports-lint,extra
apostrophe,extra
app-icon-preview,extra
app-identifier,extra
app.drey.Biblioteca,extra
app.drey.Elastic,extra
apparmor_parser,extra
apparmor_status,extra
appdata2solv,extra
append2simg,extra
applenotes2john,extra
applycal,extra
applygeo,extra
applygnupgdefaults,core
applyplugin,extra
appres,extra
apprise,extra
appstream-builder,extra
appstream-compose,extra
appstream-generator,extra
appstream-util,extra
appstreamcli,extra
apptainer,extra
apr-1-config,extra
aprofutil,extra
apropos,core;extra
apsw,extra
apt,extra
apt-cache,extra
apt-cdrom,extra
apt-config,extra
apt-ftparchive,extra
apt-get,extra
apt-mark,extra
apt-sortpkgs,extra
apt-swarm,extra
apu-1-config,extra
apxs,extra
aqbanking-cli,extra
aqbanking-config,extra
aqebics-tool,extra
aqhbci-tool4,extra
aqofxconnect-tool,extra
aqpaypal-tool,extra
ar,core
arandr,extra
arara,extra
arb2po,extra
arbfplight,extra
arbfplight32,multilib
arbfslight,extra
arbfslight32,multilib
arbocclude,extra
arbocclude2,extra
arbocclude232,multilib
arbocclude32,multilib
arbtt-capture,extra
arbtt-dump,extra
arbtt-import,extra
arbtt-recover,extra
arbtt-stats,extra
arca,extra
arch-audit,extra
arch-audit-gtk,extra
arch-chroot,extra
arch-hs,extra
arch-hs-diff,extra
arch-hs-rdepcheck,extra
arch-hs-sync,extra
arch-meson,extra
arch-meson-check-wraps,extra
arch-nspawn,extra
arch-pkg-repo-updater,extra
arch-rebuild-order,extra
arch-release-promotion,extra
arch-release-sync,extra
arch-repro-status,extra
archbuild,extra
archinstall,extra
archive,extra
archive-cleaner,extra
archive.inn,extra
archive_color,extra
archlinux-java,extra
archlinux-keyring-wkd-sync,core
archlinux-repro,extra
archlinux-userland-fs-cmp,extra
archpkgs2solv,extra
archrelease,extra
archrepo2solv,extra
arcsign,extra
arcverify,extra
ardour9,extra
ardour9-export,extra
ardour9-lua,extra
ardour9-new_empty_session,extra
ardour9-new_session,extra
arduino-cli,extra
arduino-fwuploader,extra
arduino-language-server,extra
aread,extra
arecord,extra
arecordmidi,extra
arecordmidi2,extra
arepack,extra
ares,extra
argbash,extra
argbash-1to2,extra
argbash-init,extra
argo,extra
argocd,extra
argocd-application-controller,extra
argocd-cmp-server,extra
argocd-dex,extra
argocd-git-ask-pass,extra
argocd-notifications,extra
argocd-repo-server,extra
argocd-server,extra
argon2,extra
argparse-manpage,extra
aria2c,extra
aria_chk,extra
aria_dump_log,extra
aria_ftdump,extra
aria_pack,extra
aria_read_log,extra
aria_s3_copy,extra
arianna,extra
ario,extra
arithmetic,extra
arj,extra
arj-register,extra
arjdisp,extra
ark,extra
arlatex,extra
arm-none-eabi-addr2line,extra
arm-none-eabi-ar,extra
arm-none-eabi-as,extra
arm-none-eabi-c++,extra
arm-none-eabi-c++filt,extra
arm-none-eabi-cpp,extra
arm-none-eabi-elfedit,extra
arm-none-eabi-g++,extra
arm-none-eabi-gcc,extra
arm-none-eabi-gcc-16.2.0,extra
arm-none-eabi-gcc-ar,extra
arm-none-eabi-gcc-nm,extra
arm-none-eabi-gcc-ranlib,extra
arm-none-eabi-gcov,extra
arm-none-eabi-gcov-dump,extra
arm-none-eabi-gcov-tool,extra
arm-none-eabi-gdb,extra
arm-none-eabi-gdb-add-index,extra
arm-none-eabi-gprof,extra
arm-none-eabi-gstack,extra
arm-none-eabi-ld,extra
arm-none-eabi-ld.bfd,extra
arm-none-eabi-lto-dump,extra
arm-none-eabi-nm,extra
arm-none-eabi-objcopy,extra
arm-none-eabi-objdump,extra
arm-none-eabi-ranlib,extra
arm-none-eabi-readelf,extra
arm-none-eabi-size,extra
arm-none-eabi-strings,extra
arm-none-eabi-strip,extra
armagetronad,extra
armagetronad-master,extra
arp,core
arp-fingerprint,extra
arp-scan,extra
arpaname,extra
arpd,core
arping,core
arpsnmp,extra
arpspoof,extra
arptables,core
arptables-nft,core
arptables-nft-restore,core
arptables-nft-save,core
arptables-restore,core
arptables-save,core
arptables-translate,core
arpwatch,extra
array,extra
array32,multilib
arrow-file-to-stream,extra
arrow-stream-to-file,extra
art,extra
artem,extra
arti,extra
artikulate,extra
artikulate_editor,extra
artist_to_albumartist,extra
aruba2john,extra
as,core
as10k1,extra
as2gbmap,extra
asapcat,extra
asar,extra
asc2xml,extra
ascii,extra
ascii-xfr,extra
ascii85,extra
asciidoc,extra
asciidoc2po,extra
asciidoctor,extra
asciidoctor-pdf,extra
asciidoctor-pdf-optimize,extra
asciinema,extra
asciiquarium,extra
asciitopgm,extra
asd,extra
aseqdump,extra
aseqnet,extra
aseqsend,extra
aserver,extra
asg-hevc,extra
asm_count,extra
asn1Coding,core
asn1Decoding,core
asn1Parser,core
aspell,extra
aspell-import,extra
assembleg,extra
assimp,extra
assistant,extra
assistant-qt5,extra
assistant6,extra
ast-grep,extra
astraceroute,extra
astroid,extra
astromenace,extra
astroterm,extra
astyle,extra
asus-shutdown,extra
asusctl,extra
asusd,extra
asusd-user,extra
asy,extra
async-json-rpc-server,extra
async-service,extra
at,extra
at51,extra
atac,extra
atari-convert-dir,extra
atari-hd-image,extra
atc,extra
atd,extra
atexec.py,extra
atftp,extra
atftpd,extra
atktopbm,extra
atlas,extra
atmaddr,extra
atmarp,extra
atmarpd,extra
atmdiag,extra
atmdump,extra
atmloop,extra
atmsigd,extra
atmswitch,extra
atmtcp,extra
atoc_conv,extra
atomicparsley,extra
atomix,extra
atool,extra
atop,extra
atop-2.13.0,extra
atopacctd,extra
atopcat,extra
atopconvert,extra
atopgpud,extra
atophide,extra
atopsar,extra
atopsar-2.13.0,extra
atq,extra
atril,extra
atril-previewer,extra
atril-thumbnailer,extra
atrm,extra
atrun,extra
atsa,extra
atst,extra
attr,core
attrib.py,extra
atuin,extra
atuin-server,extra
aubio,extra
aubiocut,extra
aubiomfcc,extra
aubionotes,extra
aubioonset,extra
aubiopitch,extra
aubioquiet,extra
aubiotrack,extra
aucat,extra
aucat32,multilib
audacious,extra
audacity,extra
audaconvert,extra
audainfo,extra
audaplay,extra
audaremap,extra
audex,extra
audio-convert,extra
audio-sharing,extra
audiotube,extra
audisp-af_unix,core
audisp-filter,core
audisp-ids,core
audisp-remote,core
audisp-statsd,core
audisp-syslog,core
audispd-zos-remote,core
auditctl,core
auditd,core
auditwheel,extra
audtool,extra
augenrules,core
augmatch,extra
augparse,extra
augprint,extra
augtool,extra
augustus,extra
aulast,core
aulastlog,core
aunpack,extra
aureport,core
aurpublish,extra
ausearch,core
austro,extra
ausyscall,core
auth-tarball-from-git,extra
authenticator,extra
authorindex,extra
authoscope,extra
authvar,extra
auto-multiple-choice,extra
autob5,extra
autoconf,core
autoexpect,extra
autogb,extra
autogen,extra
autogsdoc,extra
autoheader,core
autoinst,extra
autom4te,core
automake,core
automake-1.18,core
automat-visualize,extra
autooptimiser,extra
autoopts-config,extra
autopasswd,extra
autopep8,extra
autopoint,core
autorandr,extra
autoreconf,core
autoscan,core
autosp,extra
autossh,extra
autotailor,extra
autotiling,extra
autotiling-rs,extra
autoupdate,core
av1an,extra
av1encode,extra
avahi-autoipd,extra
avahi-bookmarks,extra
avahi-browse,extra
avahi-browse-domains,extra
avahi-daemon,extra
avahi-discover,extra
avahi-discover-standalone,extra
avahi-dnsconfd,extra
avahi-publish,extra
avahi-publish-address,extra
avahi-publish-service,extra
avahi-resolve,extra
avahi-resolve-address,extra
avahi-resolve-host-name,extra
avahi-set-host-name,extra
avbtool,extra
avcenc,extra
avcstreamoutdemo,extra
average,extra
avfs-config,extra
avfsd,extra
avidemux3_cli,extra
avidemux3_jobs_qt5,extra
avidemux3_qt5,extra
avifdec,extra
avifenc,extra
avifgainmaputil,extra
avinfo,extra
avivotool,extra
avr-addr2line,extra
avr-ar,extra
avr-as,extra
avr-c++,extra
avr-c++filt,extra
avr-cpp,extra
avr-elfedit,extra
avr-g++,extra
avr-gcc,extra
avr-gcc-16.1.0,extra
avr-gcc-ar,extra
avr-gcc-nm,extra
avr-gcc-ranlib,extra
avr-gcov,extra
avr-gcov-dump,extra
avr-gcov-tool,extra
avr-gdb,extra
avr-gdb-add-index,extra
avr-gprof,extra
avr-gstack,extra
avr-ld,extra
avr-ld.bfd,extra
avr-lto-dump,extra
avr-man,extra
avr-nm,extra
avr-objcopy,extra
avr-objdump,extra
avr-ranlib,extra
avr-readelf,extra
avr-size,extra
avr-strings,extra
avr-strip,extra
avrdude,extra
avstopam,extra
avtest,extra
awesome,extra
awesome-client,extra
awk,core
awk_count,extra
awrite,extra
aws,extra
aws-vault,extra
aws_completer,extra
aws_zsh_completer.sh,extra
awww,extra
awww-daemon,extra
awx,extra
axcrypt2john,extra
axel,extra
axfer,extra
axfr-reverse.sh,extra
axfr.sh,extra
axohelp,extra
az,extra
azcopy,extra
azote,extra
b1ff,extra
b2,extra
b2sum,core
b2view,extra
b3sum,extra
b4,extra
b43-fwcutter,core
babel,extra
babeld,extra
babl,extra
backend-test-tools,extra
backup,core
bacon,extra
badblocks,core
badsuccessor.py,extra
badtouch,extra
badvpn-client,extra
badvpn-flooder,extra
badvpn-ncd,extra
badvpn-ncd-request,extra
badvpn-server,extra
badvpn-tun2socks,extra
badvpn-tunctl,extra
badvpn-udpgw,extra
baidupcs,extra
baka-mplayer,extra
bake,extra
baketextures,extra
baksmali,extra
baloo_filemetadata_temp_extractor,extra
balooctl6,extra
baloosearch6,extra
balooshow6,extra
balsa,extra
balsa-ab,extra
bam,extra
bandit,extra
bandit-baseline,extra
bandit-config-generator,extra
bandwhich,extra
bao,extra
baobab,extra
barcode,extra
barectf,extra
baresip,extra
barrage,extra
base32,core
base58,extra
base64,core
base64conv,extra
base64url,extra
basename,core
basenc,core
bash,core
bash-language-server,extra
bashbrew,extra
bashbug,core
bashburn,extra
bashreadline,extra
bashrun,extra
bashtop,extra
basisu,extra
bass,extra
bat,extra
bat-modules,extra
batch,extra
batcher,extra
batctl,extra
batdiff,extra
batgrep,extra
batman,extra
batpipe,extra
bats,extra
batsignal,extra
battlestar,extra
batwatch,extra
bazaar,extra
bazaar-daemon,extra
bazaar-dl-worker,extra
bazel,extra
bazel-9.x-linux-x86_64,extra
bazel-real,extra
bazelisk,extra
bbl2bib,extra
bbox,extra
bbpager,extra
bbtw,extra
bc,extra
bcachefs,extra
bcachefsdist,extra
bcachefsslower,extra
bcat,extra
bchunk,extra
bcmfw,extra
bcomps,extra
bcrelay,extra
bd_info,extra
bd_list_titles,extra
bd_splice,extra
bdaddr,extra
bdftogd,extra
bdftopcf,extra
bdftruncate,extra
bear,extra
beep,extra
beesd,extra
beet,extra
bemenu,extra
bemenu-run,extra
benchcmp,extra
benchmark,extra
benzene,extra
besside-ng,extra
besside-ng-crawler,extra
bestcrypt2john,extra
bettercap,extra
bezier,extra
bezier32,multilib
bf,extra
bf_compact,extra
bf_copy,extra
bf_tar,extra
bfort,extra
bfs,extra
bftpd,extra
bg5+latex,extra
bg5+pdflatex,extra
bg5conv,extra
bg5latex,extra
bg5pdflatex,extra
bge-demo,extra
bglafile,extra
bglafile.sh,extra
bgldepend,extra
bgldepend.sh,extra
bglmake,extra
bglmake.sh,extra
bglmco,extra
bglmco.sh,extra
bglmemrun,extra
bglpp,extra
bglpp.sh,extra
bglprof,extra
bglprof.sh,extra
bgltags,extra
bgltags.sh,extra
bib2gls,extra
bib2html,extra
bib2xml,extra
bibcop,extra
bibdiff,extra
bibdoiadd,extra
bibexport,extra
bibhva,extra
biblatex2xml,extra
bibletime,extra
biblex,extra
biblioteca,extra
bibmradd,extra
bibparse,extra
bibtex,extra
bibtex8,extra
bibtexu,extra
bibtool,extra
biburl2doi,extra
bibzbladd,extra
bigloo,extra
bigloo.sh,extra
bigloo4.7a,extra
bijiben,extra
bin2ecm,extra
bin2fex,extra
bin2hex.py,extra
bin2obj,extra
binary,extra
binaryornot,extra
binaural,extra
bindgen,extra
bindsnoop,extra
bingrep,extra
binocle,extra
binsider,extra
binwalk,extra
biodiff,extra
biolatency,extra
biome,extra
biopattern,extra
bioradtopgm,extra
biosdecode,extra
biosnoop,extra
biostacks,extra
biotop,extra
biplabg,extra
bird,extra
birdc,extra
birdcl,extra
birdfont,extra
birdfont-autotrace,extra
birdfont-export,extra
birdfont-import,extra
bison,core
bisq2hashcat.py,extra
bitcoin,extra
bitcoin-cli,extra
bitcoin-qt,extra
bitcoin-tx,extra
bitcoin-util,extra
bitcoin-wallet,extra
bitcoin2john,extra
bitcoind,extra
bitesize,extra
bitlocker2hashcat.py,extra
bitlocker2john,extra
bitmap,extra
bitmap2component,extra
bitmap32,multilib
bits,core
bitshares2john,extra
bitwarden-desktop,extra
bitwarden2hashcat.py,extra
bitwarden2john,extra
bjam,extra
bks2john,extra
black,extra
black-hole-solve,extra
blackbox,extra
blackd,extra
blackmagic,extra
bladeRF-cli,extra
bladeRF-fsk,extra
bladeRF-power,extra
bladeRF-update,extra
blanket,extra
bleachbit,extra
blender,extra
blender-thumbnailer,extra
blendr,extra
blescan,extra
blind_id,extra
blinken,extra
blinking-teapot,extra
blinking-teapot32,multilib
blinksocks,extra
blisp,extra
bliss,extra
blitz,extra
blkcalc,extra
blkcat,extra
blkdeactivate,core
blkdiscard,core
blkid,core
blkls,extra
blkpr,core
blkstat,extra
blkzone,core
bloaty,extra
blobby,extra
blobby-server,extra
blobwars,extra
blockchain2john,extra
blockdev,core
blocks,extra
blsync,extra
bluedevil-sendfile,extra
bluedevil-wizard,extra
bluefish,extra
blueman-adapters,extra
blueman-applet,extra
blueman-manager,extra
blueman-sendto,extra
blueman-services,extra
blueman-tray,extra
bluemoon,extra
blueprint-compiler,extra
bluetooth,extra
bluetooth-player,extra
bluetooth-sendto,extra
bluetoothctl,extra
bluetui,extra
blur_image,extra
blurble,extra
bmake,extra
bmc-config,extra
bmc-device,extra
bmc-info,extra
bmc-watchdog,extra
bmkdep,extra
bmon,extra
bmptopnm,extra
bmptoppm,extra
bnamazu,extra
bneptest,extra
bnfc,extra
bob,extra
bogofilter,extra
bogolexer,extra
bogotune,extra
bogoupgrade,extra
bogoutil,extra
bogoutil-berkeleydb5.3,extra
bogus,extra
boinc,extra
boinc_client,extra
boinccmd,extra
boincmgr,extra
boinctui,extra
boltctl,extra
bombadil,extra
bombardment,extra
bomber,extra
bomtool,core
bon_csv2html,extra
bon_csv2txt,extra
bond2team,extra
bonnie++,extra
bonzomatic,extra
bookman,extra
bookshelf-listallfonts,extra
bookshelf-mkfontsel,extra
booster,extra
bootconfig,extra
bootctl,core
bore,extra
borg,extra
borgfs,extra
borgmatic,extra
botan,extra
botsay,extra
bottle,extra
bottle.py,extra
bounce,extra
bounce32,multilib
bovo,extra
bower,extra
bowler,extra
boxbuddy-rs,extra
boxdumper,extra
boxxy,extra
bp2h5,extra
bp2h5_mpi,extra
bp4dbg,extra
bp5dbg,extra
bpcmp.py,extra
bpdb,extra
bpf-linker,extra
bpf_asm,extra
bpf_dbg,extra
bpf_jit_disasm,extra
bpfc,extra
bpftool,extra
bpftop,extra
bpftrace,extra
bpftrace-aotrt,extra
bpls,extra
bpython,extra
bpython-urwid,extra
bpytop,extra
br2684ctl,extra
brasero,extra
brat,extra
brcm_iscsiuio,extra
break_filelist,extra
breathe-apidoc,extra
breeze-settings6,extra
brick,extra
brick32,multilib
bridge,core
brightnessctl,extra
brltty,extra
brltty-atb,extra
brltty-cldr,extra
brltty-clip,extra
brltty-cmdref,extra
brltty-config.sh,extra
brltty-ctb,extra
brltty-genkey,extra
brltty-hid,extra
brltty-ktb,extra
brltty-lsinc,extra
brltty-mkuser,extra
brltty-morse,extra
brltty-prologue.bash,extra
brltty-prologue.lua,extra
brltty-prologue.sh,extra
brltty-prologue.tcl,extra
brltty-setcaps,extra
brltty-term,extra
brltty-tmux,extra
brltty-trtxt,extra
brltty-ttb,extra
brltty-ttysize,extra
brltty-tune,extra
broadwayd,extra
brook,extra
brooklyn,extra
broot,extra
brotli,core
browserify,extra
browserpass,extra
brssl,extra
brush,extra
brushtopbm,extra
brute_key,extra
brz,extra
bs,extra
bs2bconvert,extra
bs2bstream,extra
bsatool,extra
bscalc,extra
bsdcat,core
bsdcpio,core
bsdl2jtag,extra
bsdtar,core
bsdunzip,core
bsetbg,extra
bsetroot,extra
bshell,extra
bspc,extra
bspwm,extra
bsqldb,extra
bsqlodbc,extra
bssh,extra
bstyleconvert,extra
bt-adapter,extra
bt-agent,extra
bt-device,extra
bt-network,extra
bt-obex,extra
bt747,extra
btattach,extra
btcflash,extra
btconfig,extra
btfdiff,extra
btfs,extra
btfsstat,extra
btgatt-client,extra
btgatt-server,extra
btinfo,extra
btiotest,extra
btm,extra
btmgmt,extra
btmon,extra
btop,extra
btpclient,extra
btpclientctl,extra
btplay,extra
btproxy,extra
btrbk,extra
btrfs,core
btrfs-assistant,extra
btrfs-assistant-bin,extra
btrfs-assistant-launcher,extra
btrfs-balance-least-used,extra
btrfs-convert,core
btrfs-extent-same,extra
btrfs-find-root,core
btrfs-heatmap,extra
btrfs-image,core
btrfs-map-logical,core
btrfs-orphan-cleaner-progress,extra
btrfs-search-metadata,extra
btrfs-select-super,core
btrfs-space-calculator,extra
btrfs-usage-report,extra
btrfsck,core
btrfsdist,extra
btrfsslower,extra
btrfstune,core
btsnoop,extra
buckle,extra
buckygen,extra
buddy-ng,extra
budgie-brightness-helper,extra
budgie-control-center,extra
budgie-daemon,extra
budgie-desktop,extra
budgie-desktop-settings,extra
budgie-extras-daemon,extra
budgie-panel,extra
budgie-run-dialog,extra
budgie-session,extra
budgie-session-inhibit,extra
budgie-session-quit,extra
buf,extra
buffchan,extra
buffindexed_d,extra
bugpoint,extra
bugpoint-18,extra
bugpoint-19,extra
bugpoint-20,extra
bugpoint-21,extra
buho,extra
build-jim-ext,extra
build-progress.sh,extra
build_docbook_index,extra
buildah,extra
buildbtw-client,extra
buildbtw-server,extra
buildbtw-worker,extra
buildctl,extra
buildhash,extra
buildinfo,extra
buildkitd,extra
bulky,extra
bullet3_examplebrowser,extra
bulletty,extra
bully,extra
bumblebee-bugreport,extra
bumblebeed,extra
bump,extra
bump-dependency-upper-bound,extra
bump32,multilib
bun,extra
bundle,extra
bundledoc,extra
bundler,extra
bunx,extra
bunzip2,core
bunzip3,extra
bup,extra
bupstash,extra
bus,extra
busctl,core
busted,extra
bustle,extra
busybox,extra
bvnc,extra
bw,extra
bwm-ng,extra
bwrap,extra
byacc,extra
byebug,extra
bz3cat,extra
bz3grep,extra
bz3less,extra
bz3more,extra
bz3most,extra
bzcat,core
bzdiff,core
bzgrep,core
bzip2,core
bzip2recover,core
bzip3,extra
bzmore,core
bzr,extra
bzr-receive-pack,extra
bzr-upload-pack,extra
bzz,extra
c++,core
c++-15,extra
c++-copy-class-and-file,extra
c++-rename-class-and-file,extra
c++filt,core
c-index-test,extra
c1541,extra
c2ch,extra
c2dec,extra
c2demo,extra
c2enc,extra
c2hs,extra
c2sim,extra
c2xml,extra
c3c,extra
c44,extra
c89,core
c89-15,extra
c99,core
c99-15,extra
c_count,extra
c_rehash,core
cabal,extra
cabal-doctest,extra
cabal-fmt,extra
cabal-plan,extra
cabextract,extra
caca-config,extra
cacaclock,extra
cacademo,extra
cacafire,extra
cacaplay,extra
cacaserver,extra
cacaview,extra
cache-info,extra
cache_check,core
cache_dump,core
cache_metadata_size,core
cache_repair,core
cache_restore,core
cache_writeback,core
cachedata2hashcat.py,extra
cachepic,extra
cachestat,extra
cadaver,extra
caddy,extra
caesar,extra
caff,extra
caffe2ncnn,extra
cage,extra
cairo-dock,extra
cairo-dock-session,extra
cairo-trace,extra
cairosvg,extra
caja,extra
caja-actions-config-tool,extra
caja-actions-new,extra
caja-actions-print,extra
caja-actions-run,extra
caja-autorun-software,extra
caja-connect-server,extra
caja-file-management-properties,extra
caja-sendto,extra
cake,extra
cal,core
calc,extra
calc-prorate,extra
calc_stat,extra
calc_tickadj,extra
calcmysky,extra
calculator,extra
calcurse,extra
calcurse-caldav,extra
calcurse-upgrade,extra
calcurse-vdir,extra
calendarjanitor,extra
calgebra,extra
calibrate_lens_gui,extra
calibre,extra
calibre-complete,extra
calibre-customize,extra
calibre-debug,extra
calibre-parallel,extra
calibre-server,extra
calibre-smtp,extra
calibredb,extra
calidns,extra
caligula,extra
calindac,extra
calindori,extra
callaudiocli,extra
callaudiod,extra
callgraph,extra
callgrind_annotate,extra
callgrind_control,extra
calligraconverter,extra
calligralauncher,extra
calligraplan,extra
calligraplanportfolio,extra
calligraplanwork,extra
calligrasheets,extra
calligrastage,extra
calligrawords,extra
cam,extra
cameractrls,extra
cameractrlsd,extra
cameractrlsgtk4,extra
cameratopam,extra
camlp5,extra
camlp5o,extra
camlp5o.opt,extra
camlp5r,extra
camlp5r.opt,extra
camlp5sch,extra
can_bridge,extra
can_logconvert,extra
can_logger,extra
can_player,extra
can_viewer,extra
canberra-boot,extra
canberra-gtk-play,extra
canbusutil6,extra
cancel,extra
canto-curses,extra
canto-daemon,extra
canto-remote,extra
cantor,extra
cantor_juliaserver,extra
cantor_pythonserver,extra
cantor_rserver,extra
cantor_scripteditor,extra
cap2hccapx,extra
capable,extra
caph,extra
capinfos,extra
capnp,extra
capnpc,extra
capnpc-c++,extra
capnpc-capnp,extra
caps2esc,extra
capsh,core
captoinfo,core
captree,core
captype,extra
card,extra
carddav-query,extra
cardos-tool,extra
cargo,extra
cargo-about,extra
cargo-all-features,extra
cargo-asm,extra
cargo-audit,extra
cargo-auditable,extra
cargo-bin,extra
cargo-binstall,extra
cargo-bloat,extra
cargo-build-all-features,extra
cargo-bundle-licenses,extra
cargo-cache,extra
cargo-capi,extra
cargo-cbuild,extra
cargo-check-all-features,extra
cargo-cinstall,extra
cargo-clean-all,extra
cargo-clippy,extra
cargo-clone,extra
cargo-codeclimate,extra
cargo-cov,extra
cargo-credential-oo7,extra
cargo-crev,extra
cargo-ctest,extra
cargo-cyclonedx,extra
cargo-deb,extra
cargo-debstatus,extra
cargo-deny,extra
cargo-depgraph,extra
cargo-dist,extra
cargo-docs-rs,extra
cargo-embed,extra
cargo-espflash,extra
cargo-expand,extra
cargo-feature,extra
cargo-flamegraph,extra
cargo-flash,extra
cargo-fmt,extra
cargo-fuzz,extra
cargo-geiger,extra
cargo-generate,extra
cargo-generate-rpm,extra
cargo-hack,extra
cargo-insta,extra
cargo-install-update,extra
cargo-install-update-config,extra
cargo-kani,extra
cargo-license,extra
cargo-llvm-cov,extra
cargo-llvm-ir,extra
cargo-machete,extra
cargo-maelstrom,extra
cargo-make,extra
cargo-miri,extra
cargo-modules,extra
cargo-msrv,extra
cargo-ndk,extra
cargo-nextest,extra
cargo-nm,extra
cargo-objcopy,extra
cargo-objdump,extra
cargo-outdated,extra
cargo-pgrx,extra
cargo-profdata,extra
cargo-psp,extra
cargo-public-api,extra
cargo-ratcn,extra
cargo-rdme,extra
cargo-readobj,extra
cargo-release,extra
cargo-semver-checks,extra
cargo-set-version,extra
cargo-shuttle,extra
cargo-size,extra
cargo-sonar,extra
cargo-sort,extra
cargo-sort-derives,extra
cargo-spellcheck,extra
cargo-sqlx,extra
cargo-strip,extra
cargo-supply-chain,extra
cargo-sweep,extra
cargo-tarpaulin,extra
cargo-tauri,extra
cargo-test-all-features,extra
cargo-udeps,extra
cargo-upgrade,extra
cargo-watch,extra
cargo-wizard,extra
cargo-zigbuild,extra
cargo2junit,extra
carla,extra
carla-control,extra
carla-database,extra
carla-jack-multi,extra
carla-jack-patchbayplugin,extra
carla-jack-single,extra
carla-osc-gui,extra
carla-patchbay,extra
carla-rack,extra
carla-settings,extra
carla-single,extra
cart,extra
cartconv,extra
cartridges,extra
cas,extra
cas_help,extra
caspol,extra
castget,extra
castool,extra
castxml,extra
casync,extra
cat,core
cataclysm,extra
cataclysm-tiles,extra
catalyst_replay,extra
catatonit,extra
catdoc,extra
catfish,extra
catg,extra
catimg,extra
catman,core;extra
catppt,extra
catstomp,extra
cauchydeclgen,extra
cauchymake,extra
cauchymc,extra
cava,extra
cb2ti3,extra
cb_console_runner,extra
cb_share_config,extra
cbatticon,extra
cbc,extra
cbcli,extra
cbindgen,extra
cbor-tool,extra
cbor2,extra
cc,core
cc-15,extra
ccache,extra
ccache-swig,extra
ccache2john,extra
cccheck,extra
ccd2iso,extra
cchardetect,extra
ccls,extra
ccmake,extra
ccmakedep,extra
ccomps,extra
cconfig,extra
ccrewrite,extra
cct,extra
cctiff,extra
ccxxmake,extra
cd-convert,extra
cd-create-profile,extra
cd-drive,extra
cd-fix-profile,extra
cd-iccdump,extra
cd-info,extra
cd-it8,extra
cd-paranoia,extra
cd-read,extra
cda2dcm,extra
cdb,extra
cdda-player,extra
cdda2mp3,extra
cdda2ogg,extra
cdda2wav,extra
cddb_query,extra
cddexec,extra
cddexec_gmp,extra
cdemu,extra
cdemu-daemon,extra
cdfdiff,extra
cdiff,extra
cdparanoia,extra
cdr2raw,extra
cdr2text,extra
cdr2xhtml,extra
cdrdao,extra
cdrecord,extra
cdrskin,extra
cdrwtool,extra
cdxa2mpeg,extra
cec-client,extra
cec-client-7.1.1,extra
cec-compliance,extra
cec-ctl,extra
cec-follower,extra
cecc-client,extra
cecc-client-7.1.1,extra
ceccomp,extra
cef5conv,extra
cef5latex,extra
cef5pdflatex,extra
cefconv,extra
ceflatex,extra
cefpdflatex,extra
cefsconv,extra
cefslatex,extra
cefspdflatex,extra
celeste_standalone,extra
celluloid,extra
censuslookup,extra
cepl,extra
cert-sync,extra
cert-to-efi-hash-list,extra
cert-to-efi-sig-list,extra
cert2spc,extra
certbot,extra
certmgr,extra
certtool,core
certutil,core
cf-wrangler,extra
cfcomp,extra
cfdisk,core
cffi-gen-src,extra
cfftot1,extra
cfitsio-imcopy,extra
cfitsio-smem,extra
cfitsio-speed,extra
cfn-lint,extra
cfr,extra
cfssl,extra
cfssl-bundle,extra
cfssl-certinfo,extra
cfssl-mkbundle,extra
cfssl-newkey,extra
cfssl-scan,extra
cfssljson,extra
cfte,extra
cftp,extra
cg_annotate,extra
cg_diff,extra
cg_merge,extra
cgal_create_CMakeLists,extra
cgal_create_cmake_script,extra
cgasm,extra
cgc,extra
cgcc,extra
cgconfig,extra
cgdb,extra
cgdisk,extra
cgi-fcgi,extra
cgnscalc,extra
cgnscheck,extra
cgnscompress,extra
cgnsconvert,extra
cgnsdiff,extra
cgnslist,extra
cgnsnames,extra
cgnsnodes,extra
cgnsplot,extra
cgnsupdate,extra
cgnsview,extra
cgps,extra
cgrep,extra
ch_lab,extra
ch_track,extra
ch_utt,extra
ch_wave,extra
cha,extra
chacl,core
chafa,extra
chage,core
change_tz,extra
changepasswd.py,extra
changestool,extra
chardet-config,extra
chardetect,extra
charm,extra
charon-cmd,extra
charon-systemd,extra
chartread,extra
chat,core
chatblade,extra
chattr,core
chatty,extra
chcp,core
chcpu,core
chdman,extra
chdosattr,extra
cheapskate,extra
cheapskate-dingus,extra
cheatmake,extra
check-exercises,extra
check-jsonschema,extra
check-model,extra
check-node,extra
check-pkg-urls,extra
check-regexp,extra
check-selftest,extra
check-sieve,extra
check-uuid,extra
checkMSSQLStatus.py,extra
checkXML6,extra
check_hd,extra
check_isa,extra
check_lft_balance.pl,extra
checkap,extra
checkapk,extra
checkbandwidth,extra
checkbashisms,extra
checkcites,extra
checkers,extra
checkgid,extra
checkisomd5,extra
checklistings,extra
checkmk,extra
checkpkg,extra
checkpto,extra
checkrad,extra
checkrebuild,extra
checkregularity,extra
checksctp,extra
checksec,extra
checkservices,extra
checksum-profile,extra
checkupdates,extra
cheetah,extra
cheetah-analyze,extra
cheetah-compile,extra
chef,extra
chem,core
cheroot,extra
cherryd,extra
cherrytree,extra
chess-clock,extra
chess-tui,extra
chewing-cli,extra
chewing-editor,extra
chezdav,extra
chezmoi,extra
chfn,core
chg,extra
chgpasswd,core
chgrp,core
chicken,extra
chicken-csc,extra
chicken-csi,extra
chicken-do,extra
chicken-install,extra
chicken-profile,extra
chicken-status,extra
chicken-uninstall,extra
chinese-calendar,extra
chinese-calendar-autostart,extra
chiro2allfinetriangs,extra
chiro2alltriangs,extra
chiro2circuits,extra
chiro2cocircuits,extra
chiro2dual,extra
chiro2finetriang,extra
chiro2finetriangs,extra
chiro2mintriang,extra
chiro2nallfinetriangs,extra
chiro2nalltriangs,extra
chiro2ncircuits,extra
chiro2ncocircuits,extra
chiro2nfinetriangs,extra
chiro2ntriangs,extra
chiro2placingtriang,extra
chiro2triangs,extra
chitose,extra
chkdvifont,extra
chkfont,extra
chklref,extra
chkstow,extra
chktex,extra
chktrust,extra
chkweb,extra
chm_http,extra
chmcmd,extra
chmem,core
chmls,extra
chmod,core
chmorph,extra
chntpw,extra
choom,core
choose,extra
chop,extra
chown,core
chpasswd,core
chromedriver,extra
chromium,extra
chromium-bsu,extra
chronic,extra
chronyc,extra
chronyd,extra
chroot,core
chroot.fakechroot,extra
chrootuid,extra
chrpath,extra
chrt,core
chsh,core
chsh.ldap,extra
chuck,extra
chvt,core
ci,extra
ciano,extra
cifs.idmap,extra
cifs.upcall,extra
cifscreds,extra
cifsdd,extra
cifsiostat,extra
cigloo,extra
cilium-cli,extra
cinder,extra
cinnamon,extra
cinnamon-calendar-server,extra
cinnamon-dbus-command,extra
cinnamon-desktop-editor,extra
cinnamon-file-dialog,extra
cinnamon-hover-click,extra
cinnamon-install-spice,extra
cinnamon-json-makepot,extra
cinnamon-killer-daemon,extra
cinnamon-launcher,extra
cinnamon-looking-glass,extra
cinnamon-menu-editor,extra
cinnamon-preview-gtk-theme,extra
cinnamon-screensaver,extra
cinnamon-screensaver-command,extra
cinnamon-screensaver-lock-dialog,extra
cinnamon-session,extra
cinnamon-session-cinnamon,extra
cinnamon-session-cinnamon2d,extra
cinnamon-session-quit,extra
cinnamon-settings,extra
cinnamon-settings-users,extra
cinnamon-slideshow,extra
cinnamon-spice-updater,extra
cinnamon-subprocess-wrapper,extra
cinnamon-unlock-desktop,extra
cinnamon-xlet-makepot,extra
cinnamon2d,extra
cinny,extra
ciptool,extra
circo,extra
circuits,extra
cisco-decrypt,extra
cisco2john,extra
cistopbm,extra
citations,extra
citeproc,extra
citeproc-lua,extra
cjb2,extra
cjdroute,extra
cjk-gs-integrate,extra
cjpeg,extra
cjs,extra
cjs-console,extra
cjxl,extra
ckb-next,extra
ckb-next-daemon,extra
ckb-next-dev-detect,extra
ckermit,extra
ckermit-sshsub,extra
ckermit.ini,extra
ckeygen,extra
cksfv,extra
cksum,core
cl,extra
clairvoyant,extra
clamav-config,extra
clamav-milter,extra
clambc,extra
clamconf,extra
clamd,extra
clamdscan,extra
clamdtop,extra
clamonacc,extra
clamscan,extra
clamsubmit,extra
clamtk,extra
clamui,extra
clamui-scheduled-scan,extra
clang,extra
clang++,extra
clang-22,extra
clang-apply-replacements,extra
clang-change-namespace,extra
clang-check,extra
clang-cl,extra
clang-cpp,extra
clang-doc,extra
clang-extdef-mapping,extra
clang-format,extra
clang-include-cleaner,extra
clang-include-fixer,extra
clang-installapi,extra
clang-linker-wrapper,extra
clang-move,extra
clang-nvlink-wrapper,extra
clang-offload-bundler,extra
clang-offload-packager,extra
clang-query,extra
clang-refactor,extra
clang-reorder-fields,extra
clang-repl,extra
clang-scan-deps,extra
clang-sycl-linker,extra
clang-tidy,extra
clangd,extra
clapgrep,extra
clapper,extra
clash,extra
clashi,extra
class-11d.x,extra
class-4d.x,extra
class-5d.x,extra
class-6d.x,extra
class.x,extra
classes,extra
classifier_tester,extra
claws-mail,extra
clazy,extra
clazy-standalone,extra
clblast_tuner_copy_fast,extra
clblast_tuner_copy_pad,extra
clblast_tuner_invert,extra
clblast_tuner_routine_xgemm,extra
clblast_tuner_routine_xtrsv,extra
clblast_tuner_transpose_fast,extra
clblast_tuner_transpose_pad,extra
clblast_tuner_xaxpy,extra
clblast_tuner_xconvgemm,extra
clblast_tuner_xdot,extra
clblast_tuner_xgemm,extra
clblast_tuner_xgemm_direct,extra
clblast_tuner_xgemv,extra
clblast_tuner_xger,extra
cldrparser,extra
clean-forward-declaration.sh,extra
clean-includes.sh,extra
cleanlinks,extra
cleanup-list,extra
cleanup-rules,extra
cleanup_digikamdb,extra
clear,core
clear-color,extra
clear-color32,multilib
clear-fbo,extra
clear-fbo-scissor,extra
clear-fbo-scissor32,multilib
clear-fbo-tex,extra
clear-fbo-tex32,multilib
clear-fbo32,multilib
clear-random,extra
clear-random32,multilib
clear-repeat,extra
clear-repeat32,multilib
clear-scissor,extra
clear-scissor32,multilib
clear-undefined,extra
clear-undefined32,multilib
clearspd,extra
clearspd32,multilib
clevercsv,extra
clevis,extra
clevis-decrypt,extra
clevis-decrypt-file,extra
clevis-decrypt-null,extra
clevis-decrypt-sss,extra
clevis-decrypt-tang,extra
clevis-decrypt-tpm2,extra
clevis-encrypt-file,extra
clevis-encrypt-null,extra
clevis-encrypt-sss,extra
clevis-encrypt-tang,extra
clevis-encrypt-tpm2,extra
clevis-luks-bind,extra
clevis-luks-common-functions,extra
clevis-luks-edit,extra
clevis-luks-list,extra
clevis-luks-pass,extra
clevis-luks-regen,extra
clevis-luks-report,extra
clevis-luks-unbind,extra
clevis-luks-unlock,extra
clientsession-generate,extra
clinfo,extra
clip,extra
clipcat-menu,extra
clipcat-notify,extra
clipcatctl,extra
clipcatd,extra
clipctl,extra
clipdel,extra
clipfsck,extra
cliphist,extra
clipmenu,extra
clipmenud,extra
clipnotify,extra
clippy-driver,extra
clisp,extra
clisp-link,extra
clit,extra
clitest,extra
clj,extra
cllayerinfo,extra
cllualatex,extra
cloc,extra
clockdiff,core
clojure,extra
clonezilla,extra
cloud-id,extra
cloud-init,extra
cloud-init-per,extra
cloud-localds,extra
cloudflare-speed-cli,extra
cloudflared,extra
clp,extra
clpeak,extra
clrunimap,core
cltest,extra
clubak,extra
cluset,extra
clush,extra
cluster,extra
clusterdb,extra
cluttex,extra
clxelatex,extra
cm,extra
cm256_rx,extra
cm256_test,extra
cm256_tx,extra
cmail,extra
cmake,extra
cmake-gui,extra
cmark,extra
cmark-gfm,extra
cmark-py3,extra
cmatrix,extra
cmctl,extra
cmdliner,extra
cmis-client,extra
cmp,core
cmsd,extra
cmsutil,core
cmtime,extra
cmucl,multilib
cmus,extra
cmus-remote,extra
cmuwmtopbm,extra
cmx2raw,extra
cmx2text,extra
cmx2xhtml,extra
cnfsheadconf,extra
cnfsstat,extra
cntraining,extra
cnvt-ocsiso-qcow2,extra
co,extra
cobalt,extra
cobol_count,extra
cocircuits2facets,extra
cockatrice,extra
cockney,extra
cockpit-bridge,extra
code,extra
code-oss,extra
code_cov_capture,extra
code_cov_gather_on_build,extra
code_cov_gather_on_test,extra
code_cov_gen_report,extra
code_cov_parse_info,extra
codeblocks,extra
codebook-lsp,extra
codepage,extra
coderay,extra
codesnap,extra
codespell,extra
codex,extra
codex-code-mode-host,extra
codex-responses-api-proxy,extra
codiff,extra
coffee,extra
cog,extra
cohpsk_demod,extra
cohpsk_get_test_bits,extra
cohpsk_mod,extra
cohpsk_put_test_bits,extra
coin-config,extra
col,core
colcrt,core
collateindex.pl,extra
collectl2pcp,extra
collink,extra
collision,extra
colm,extra
colm-wrap,extra
colord-kde-icc-importer,extra
colordiff,extra
coloredlogs,extra
colorgcc,extra
colorit,extra
colormap,extra
colormgr,extra
colorsvn,extra
colprof,extra
colrm,core
column,core
columns,extra
colverify,extra
com.argyllcms.metainfo.xml,extra
com.cassidyjames.clairvoyant,extra
com.github.babluboy.bookworm,extra
com.github.muriloventuroso.pdftricks,extra
com.github.phase1geo.minder,extra
com.github.philip_scott.notes-up,extra
com.github.philip_scott.spice-up,extra
com.github.robertsanseries.ciano,extra
com.github.tchx84.Flatseal,extra
combinator,extra
combinator3,extra
combinatorX,extra
combine,extra
combine_lang_model,extra
combine_tessdata,extra
combinediff,extra
combipow,extra
comm,core
commit,extra
commitpkg,extra
committed,extra
communicator,extra
comp_err,extra
compare,extra
comparenodedefs,extra
compel,extra
compface,extra
compile_et,core
compilebench,extra
compileserver,extra
complement,extra
complg,extra
composefs-info,extra
composeglyphs,extra
composer,extra
composite,extra
compress,extra
comps2solv,extra
compsize,extra
compton,extra
compton-trans,extra
compute_all,extra
compute_sloc_lang,extra
comsatd,extra
comtool,extra
comtool-i18n,extra
conch,extra
conda2solv,extra
conf.py,extra
conf2-compile,extra
conf2-sync-session,extra
conf2-sync-system,extra
configure-printer,extra
conjure,extra
conky,extra
conky-manager2,extra
conmon,extra
connect-distributed.sh,extra
connect-mirror-maker.sh,extra
connect-plugin-path.sh,extra
connect-standalone.sh,extra
connect6,extra
connman-vpnd,extra
connmanctl,extra
connmand,extra
connmand-wait-online,extra
connsplit6,extra
connsplit6.sh,extra
conntrack,extra
conntrackd,extra
conplay,extra
construct_mohawk,extra
consul,extra
consul-template,extra
contactprintthemeeditor,extra
contactthemeeditor,extra
container-diff,extra
container-runtime,extra
containerd,extra
containerd-rootless-setuptool.sh,extra
containerd-rootless.sh,extra
containerd-shim-runc-v2,extra
containerd-stress,extra
context,extra
context.lua,extra
contour,extra
contractor,extra
contrast,extra
controlbatch,extra
controlchan,extra
convbkmk,extra
convdate,extra
converseen,extra
converseg,extra
convert,extra
convert-dtsv0,extra
convert-json,extra
convert-ly,extra
convert-volatile-source,extra
convert_hd,extra
convert_to_should_syntax,extra
convertfilestopdf,extra
convertfilestops,extra
convertfonts,extra
convertformat,extra
convertgls2bib,extra
convertquota,extra
convertsegfilestopdf,extra
convertsegfilestops,extra
converttopdf,extra
converttops,extra
convmv,extra
convolution,extra
convolutions,extra
convolutions32,multilib
cookbook,extra
cooker6,extra
cookiecutter,extra
cool-retro-term,extra
copac2xml,extra
copr-cli,extra
copy-from-journal,extra
copy-to-journal,extra
copydatabase,extra
copyfilerange,core
copyg,extra
copyparty,extra
copypix,extra
copypix32,multilib
copyq,extra
coq-tex,extra
coq_makefile,extra
coqc,extra
coqchk,extra
coqdep,extra
coqdoc,extra
coqidetop,extra
coqnative,extra
coqpp,extra
coqtop,extra
coqtop.byte,extra
coqwc,extra
coqworkmgr,extra
cordova,extra
core-staging-x86_64-build,extra
core-staging-x86_64_v3-build,extra
core-stagingpkg,extra
core-testing-x86_64-build,extra
core-testing-x86_64_v3-build,extra
core-testingpkg,extra
corectrl,extra
coredumpctl,core
corepack,extra
coresched,core
corkscrew,extra
corrade-rc,extra
corrupt_mpeg2,extra
cosign,extra
cosmic-app-library,extra
cosmic-app-list,extra
cosmic-applet-a11y,extra
cosmic-applet-audio,extra
cosmic-applet-battery,extra
cosmic-applet-bluetooth,extra
cosmic-applet-input-sources,extra
cosmic-applet-minimize,extra
cosmic-applet-network,extra
cosmic-applet-notifications,extra
cosmic-applet-power,extra
cosmic-applet-status-area,extra
cosmic-applet-tiling,extra
cosmic-applet-time,extra
cosmic-applet-workspaces,extra
cosmic-applets,extra
cosmic-bg,extra
cosmic-comp,extra
cosmic-edit,extra
cosmic-files,extra
cosmic-files-applet,extra
cosmic-greeter,extra
cosmic-greeter-daemon,extra
cosmic-greeter-start,extra
cosmic-idle,extra
cosmic-initial-setup,extra
cosmic-launcher,extra
cosmic-monitor,extra
cosmic-notifications,extra
cosmic-osd,extra
cosmic-panel,extra
cosmic-panel-button,extra
cosmic-player,extra
cosmic-randr,extra
cosmic-screenshot,extra
cosmic-session,extra
cosmic-settings,extra
cosmic-settings-daemon,extra
cosmic-store,extra
cosmic-term,extra
cosmic-workspaces,extra
cotp,extra
count,extra
count-18,extra
count-19,extra
count-20,extra
count-21,extra
count-linear-forms-from-polynomial,extra
count_extensions,extra
count_unknown_ext,extra
countg,extra
countneg,extra
countryfetch,extra
coverage,extra
coverage-3.14,extra
coverage-check.py,extra
coverage3,extra
covert_send6,extra
covert_send6d,extra
cowfortune,extra
cowpatty,extra
cowsay,extra
cowthink,extra
coxeter,extra
cozy-stack,extra
cp,core
cpack,extra
cpaldjvu,extra
cpclean,extra
cpfind,extra
cpio,extra
cplay,extra
cpnt,extra
cpp,core
cpp-15,extra
cpp2html,extra
cppcheck,extra
cppcheck-gui,extra
cppcheck-htmlreport,extra
cpphs,extra
cppjieba_dict,extra
cprepair,extra
cpspc,extra
cpu-info,extra
cpu-x,extra
cpudist,extra
cpufetch,extra
cpufreq,extra
cpufreq-bench,extra
cpufreq-bench_plot.sh,extra
cpufreq-selector,extra
cpuid,extra
cpuid-dump,extra
cpuid_tool,extra
cpuinfo,extra
cpupower,extra
cpustat,extra
cracf2john,extra
crackNum,extra
cracklib-check,core
cracklib-format,core
cracklib-packer,core
cracklib-unpacker,core
cracklib-update,core
cram,extra
crane,extra
crash,extra
crashpad_handler,extra
crawl,extra
crawl-tiles,extra
crazy-complete,extra
crc32c,extra
create-cracklib-dict,core
create-debian-live,extra
create-drbl-live,extra
create-drbl-live-by-pkg,extra
create-gparted-live,extra
create-image,extra
create-ubuntu-live,extra
create_cvsignore,extra
create_makefile,extra
create_makefiles,extra
create_network_map.sh,extra
create_sjisfnt,extra
create_svnignore,extra
createdb,extra
createfp,extra
creatematerial,extra
createrepo_c,extra
createuser,extra
createwin,extra
createwin32,multilib
crecord,extra
cribbage,extra
crictl,extra
crio,extra
crit,extra
criterion-report,extra
critest,extra
critter,extra
criu,extra
criu-ns,extra
crlupdate,extra
crlutil,core
croc,extra
crond,extra
cronnext,extra
crontab,extra
cross,extra
crow,extra
crun,extra
crunch64,extra
cryfs,extra
cryfs-unmount,extra
cryload,extra
cryptdir,extra
cryptoflex-tool,extra
cryptol,extra
cryptol-html,extra
cryptoloop2hashcat.py,extra
cryptominisat5,extra
crypton-socks-example,extra
cryptsetup,core
crystal,extra
cs,extra
cs2cs,extra
csanalyze,extra
csb64enc,extra
csbeats,extra
csc,extra
cscope,extra
cscope-indexer,extra
csd-a11y-settings,extra
csd-automount,extra
csd-background,extra
csd-backlight-helper,extra
csd-clipboard,extra
csd-color,extra
csd-datetime-mechanism,extra
csd-housekeeping,extra
csd-input-helper,extra
csd-keyboard,extra
csd-media-keys,extra
csd-power,extra
csd-print-notifications,extra
csd-printer,extra
csd-screensaver-proxy,extra
csd-settings-remap,extra
csd-smartcard,extra
csd-wacom,extra
csd-xsettings,extra
csdebugger,extra
csdp,extra
csdpcert,extra
csepdjvu,extra
csh,extra
csh_count,extra
csharp,extra
csi,extra
csound,extra
csound-extract,extra
csoundqt,extra
cspctl,extra
csplain,extra
csplit,core
css-beautify,extra
cstool,extra
cstruct-stubgen,extra
csv-import,extra
csv2ods,extra
csv2po,extra
csv2pskc,extra
csv2rdf,extra
csv2shp,extra
csv2tbx,extra
csvclean,extra
csvcut,extra
csvformat,extra
csvgrep,extra
csvjoin,extra
csvjson,extra
csvlens,extra
csvlook,extra
csvpy,extra
csvsort,extra
csvsql,extra
csvstack,extra
csvstat,extra
csysdig,extra
ct,extra
ct-ng,extra
ct3_to_ntlm,extra
ct_run,extra
ctags,extra
ctan-o-mat,extra
ctanbib,extra
ctangle,extra
ctanify,extra
ctanupload,extra
ctest,extra
ctie,extra
ctlinnd,extra
ctop,extra
ctpl,extra
ctr,extra
ctracer,extra
ctrlaltdel,core
ctrtool,extra
ctstat,core
ctwill,extra
ctwill-proofsort,extra
ctwill-refsort,extra
ctwill-twinx,extra
ctwm,extra
cu,extra
cu2,extra
cubemap,extra
cubemap32,multilib
cuberender,extra
cuberender32,multilib
cubex,extra
cubhamg,extra
cubics,extra
cucumber,extra
cucumber-html-formatter,extra
cucumber-queue,extra
cue,extra
cue2toc,extra
cuebreakpoints,extra
cueconvert,extra
cueprint,extra
cuetag.sh,extra
cups-browsed,extra
cups-calibrate,extra
cups-config,extra
cups-genppd.5.3,extra
cups-genppdupdate,extra
cupsaccept,extra
cupsctl,extra
cupsd,extra
cupsdisable,extra
cupsenable,extra
cupsfilter,extra
cupsreject,extra
cupstestppd,extra
curl,core
curl-cffi,extra
curl-config,core
curl-impersonate,extra
curl-rustls,extra
curl_chrome100,extra
curl_chrome101,extra
curl_chrome104,extra
curl_chrome107,extra
curl_chrome110,extra
curl_chrome116,extra
curl_chrome119,extra
curl_chrome120,extra
curl_chrome123,extra
curl_chrome124,extra
curl_chrome131,extra
curl_chrome131_android,extra
curl_chrome133a,extra
curl_chrome136,extra
curl_chrome142,extra
curl_chrome145,extra
curl_chrome146,extra
curl_chrome150,extra
curl_chrome99,extra
curl_chrome99_android,extra
curl_edge101,extra
curl_edge99,extra
curl_firefox133,extra
curl_firefox135,extra
curl_firefox144,extra
curl_firefox147,extra
curl_safari153,extra
curl_safari155,extra
curl_safari170,extra
curl_safari172_ios,extra
curl_safari180,extra
curl_safari180_ios,extra
curl_safari184,extra
curl_safari184_ios,extra
curl_safari260,extra
curl_safari2601,extra
curl_safari260_ios,extra
curl_tor145,extra
curlftpfs,extra
curlie,extra
curse,extra
curtail,extra
curvetun,extra
cut,core
cutb,extra
cutile-cache,extra
cutter,extra
cuyo,extra
cv-ocsimg-v1-to-v2,extra
cvanal,extra
cvc-create,extra
cvc-print,extra
cvc4,extra
cvlc,extra
cvs,extra
cvs-clean,extra
cvsaddcurrentdir,extra
cvsbackport,extra
cvsblame,extra
cvsbug,extra
cvscheck,extra
cvsco.tdf,extra
cvsdiff.tdf,extra
cvsforwardport,extra
cvslastchange,extra
cvslastlog,extra
cvsrevertlast,extra
cvsup.tdf,extra
cvsversion,extra
cvt,extra
cvtbatch,extra
cvtenc,extra
cvtsudoers,core
cweave,extra
cwebp,extra
cws-11d.x,extra
cws-4d.x,extra
cws-5d.x,extra
cws-6d.x,extra
cws.x,extra
cx18-ctl,extra
cxf2ti3,extra
cxl,extra
cxpm,extra
cxx-rust-cssparser-parse,extra
cxx_to_docbook,extra
cxxbridge,extra
cxxmetric,extra
cycfx2prog,extra
cyclicdeadline,extra
cyclictest,extra
cygdb,extra
cygdb3,extra
cyme,extra
cysignals-CSI,extra
cython,extra
cython-lint,extra
cython3,extra
cythonize,extra
cythonize3,extra
d-spy,extra
d2,extra
dab,extra
dacledit.py,extra
dae,extra
dagger,extra
daktilo,extra
danmaQ,extra
darcs,extra
darkhttpd,extra
darkman,extra
darknet2ncnn,extra
darkstat,extra
darktable,extra
darktable-chart,extra
darktable-cli,extra
darktable-cltest,extra
darktable-cmstest,extra
darktable-generate-cache,extra
darktable-rs-identify,extra
dart,extra
dartaotruntime,extra
dash,core
dashlane2john,extra
dask,extra
dat,extra
dat2c,extra
dat2s,extra
data2inc,extra
datacopy,extra
datamash,extra
datasets-cli,extra
datastore-service,extra
datatool2bib,extra
date,core
dateadd,extra
dateconv,extra
datediff,extra
dategrep,extra
dateparser-download,extra
dateround,extra
dateseq,extra
datesort,extra
datetest,extra
datezone,extra
datovka,extra
datree,extra
dav,extra
dav1d,extra
dav2d,extra
davpass,extra
dawg2wordlist,extra
daxctl,extra
dazzle-list-counters,extra
db2dvi,extra
db2html,extra
db2man,extra
db2pdf,extra
db2ps,extra
db2rtf,extra
db2tex,extra
db2texi,extra
db2txt,extra
db2x_docbook2man,extra
db2x_docbook2texi,extra
db2x_manxml,extra
db2x_texixml,extra
db2x_xsltproc,extra
db4-entities.pl,extra
db_archive,core
db_checkpoint,core
db_convert,core
db_deadlock,core
db_dump,core
db_hotbackup,core
db_load,core
db_log_verify,core
db_printlog,core
db_recover,core
db_replicate,core
db_stat,core
db_tuner,core
db_upgrade,core
db_verify,core
dbar,extra
dbclient,extra
dbdump,core
dbeaver,extra
dbfadd,extra
dbfcat,extra
dbfcreate,extra
dbfdump,extra
dbfinfo,extra
dbhash,core
dbl2png,extra
dblatex,extra
dbm-fc-solver,extra
dbmail-deliver,extra
dbmail-export,extra
dbmail-httpd,extra
dbmail-imapd,extra
dbmail-lmtpd,extra
dbmail-pop3d,extra
dbmail-sievecmd,extra
dbmail-sieved,extra
dbmail-users,extra
dbmail-util,extra
dbmate,extra
dbmmanage,extra
dbpmda,extra
dbscan,extra
dbtotxt,core
dbus-binding-tool,extra
dbus-broker,core
dbus-broker-launch,core
dbus-cleanup-sockets,core
dbus-daemon,core
dbus-hslogger-client,extra
dbus-interface-diff,extra
dbus-interface-vcs-helper,extra
dbus-launch,core
dbus-monitor,core
dbus-run-session,core
dbus-send,core
dbus-test-tool,core
dbus-update-activation-environment,core
dbus-uuidgen,core
dbusxx-introspect,extra
dbusxx-xml2cpp,extra
dbwrap_tool,extra
dbxtool,extra
dc,extra
dc1394_reset_bus,extra
dcadec,extra
dcb,core
dcd-client,extra
dcd-server,extra
dcm-dump,extra
dcm-getframe,extra
dcm2cda,extra
dcm2img,extra
dcm2json,extra
dcm2pdf,extra
dcm2pnm,extra
dcm2xml,extra
dcmcjpeg,extra
dcmcjpls,extra
dcmconv,extra
dcmcrle,extra
dcmdecap,extra
dcmdjpeg,extra
dcmdjpls,extra
dcmdrle,extra
dcmdspfn,extra
dcmdump,extra
dcmencap,extra
dcmftest,extra
dcmgpdir,extra
dcmicmp,extra
dcmj2pnm,extra
dcml2pnm,extra
dcmmkcrv,extra
dcmmkdir,extra
dcmmklut,extra
dcmodify,extra
dcmp2pgm,extra
dcmprscp,extra
dcmprscu,extra
dcmpschk,extra
dcmpsmk,extra
dcmpsprt,extra
dcmpsrcv,extra
dcmpssnd,extra
dcmqridx,extra
dcmqrscp,extra
dcmqrti,extra
dcmquant,extra
dcmrecv,extra
dcmscale,extra
dcmsend,extra
dcmsign,extra
dcod2lum,extra
dcomexec.py,extra
dconf,extra
dconf-editor,extra
dconvlum,extra
dcraw,extra
dcraw_emu,extra
dcraw_half,extra
dcs,extra
dd,core
dd_rescue,extra
ddbugtopbm,extra
ddclient,extra
ddcmon,extra
ddcui,extra
ddcutil,extra
dde-am,extra
dde-application-manager,extra
dde-calendar,extra
dde-clipboard,extra
dde-clipboard-daemon,extra
dde-control-center,extra
dde-dconfig,extra
dde-dconfig-daemon,extra
dde-dconfig-editor,extra
dde-device-formatter,extra
dde-fakewm,extra
dde-file-dialog,extra
dde-file-manager,extra
dde-file-manager-daemon,extra
dde-file-manager-pkexec,extra
dde-grand-search,extra
dde-grand-search-daemon,extra
dde-grand-search-setting,extra
dde-hints-dialog,extra
dde-keyring-checker,extra
dde-license-dialog,extra
dde-lock,extra
dde-oom-score-adj,extra
dde-open,extra
dde-pixmix,extra
dde-printer,extra
dde-printer-helper,extra
dde-property-dialog,extra
dde-quick-login,extra
dde-seatd,extra
dde-seatd-launch,extra
dde-select-dialog-wayland,extra
dde-select-dialog-x11,extra
dde-session,extra
dde-shell,extra
dde-shortcut-tool,extra
dde-switchtogreeter,extra
dde-version-checker,extra
dde-widgets,extra
dde-wm-chooser,extra
dde-xsettings-checker,extra
ddemangle,extra
ddgr,extra
ddjvu,extra
ddm,extra
ddns-confgen,extra
ddrescue,extra
ddrescuelog,extra
de-macro,extra
deadline_test,extra
deallocvt,core
deb2solv,extra
debian-distro-info,extra
debootstrap,extra
debugapp,extra
debugedit,core
debugedit-classify-ar,core
debugfs,core
debuginfod,core
debuginfod-find,core
debugpy,extra
debugpy-adapter,extra
dec265,extra
decasify,extra
decibels,extra
decine,extra
decode-dimms,extra
decode-edid,extra
decode-vaio,extra
decode_tm6000,extra
decodemail,extra
decoder,extra
decomp,extra
decorate,extra
decryptdir,extra
deep,extra
deepin-anything-daemon,extra
deepin-anything-server,extra
deepin-boot-maker,extra
deepin-calculator,extra
deepin-camera,extra
deepin-compressor,extra
deepin-desktop-ts-convert,extra
deepin-devicecontrol,extra
deepin-devicemanager,extra
deepin-diskencrypt-service,extra
deepin-draw,extra
deepin-editor,extra
deepin-font-manager,extra
deepin-generate-mo,extra
deepin-gomoku,extra
deepin-greeter,extra
deepin-image-viewer,extra
deepin-lianliankan,extra
deepin-login-reminder,extra
deepin-menu,extra
deepin-movie,extra
deepin-picker,extra
deepin-pin-screenshots,extra
deepin-policy-ts-convert,extra
deepin-power-control,extra
deepin-scanner,extra
deepin-screen-recorder,extra
deepin-screensaver,extra
deepin-screensaver-preview,extra
deepin-service-manager,extra
deepin-shortcut-viewer,extra
deepin-system-monitor,extra
deepin-system-monitor-plugin-popup,extra
deepin-system-monitor-server,extra
deepin-terminal,extra
deepin-terminal-gtk,extra
deepin-turbo-invoker,extra
deepin-turbo-single-instance,extra
deepin-update-pot,extra
deepin-voice-note,extra
deepsound2john,extra
defaults,extra
defconfig,extra
defncopy,extra
defrag.f2fs,extra
deghosting_mask,extra
degob,extra
dehtmldiff,extra
dehydrated,extra
deja-dup,extra
dejagnu,extra
dekyra,extra
delaunay,extra
delayer,extra
deledgeg,extra
delfin,extra
delp,extra
delpart,core
delptg,extra
delta,extra
deltachat-desktop,extra
deltachat-rpc-server,extra
deltainfoxml2solv,extra
deluge,extra
deluge-console,extra
deluge-gtk,extra
deluge-web,extra
deluged,extra
delv,extra
demandoc,extra
demo-retrie,extra
denial6,extra
deno,extra
depdiagram_generate_all,extra
dependency-groups,extra
deploy.py,extra
depmod,core
deprince,extra
depth-dbm-fc-solver,extra
depythontex,extra
derb,core
deriv,extra
deriv32,multilib
describeTicket.py,extra
describeimage,extra
descumm,extra
design_filter,extra
designer,extra
designer-qt5,extra
designer6,extra
deskey_to_ntlm,extra
deskflow,extra
deskflow-core,extra
desktop-file-edit,extra
desktop-file-install,extra
desktop-file-validate,extra
desktoptojson,extra
desmume,extra
desmume-cli,extra
desword2,extra
desync,extra
detect-new-ip6,extra
detect_sniffer6,extra
determine_maximum_mpps.sh,extra
detex,extra
detox,extra
detwine,extra
deurlname,extra
dev.Cogitri.Health,extra
dev.geopjr.Tuba,extra
devdump,extra
devede_ng,extra
devhelp,extra
devilspie,extra
devlink,core
devnag,extra
devp2p,extra
deweb,extra
dewoff,extra
dex,extra
df,core
dfc,extra
dfm-open.sh,extra
dfmt,extra
dfrotz,extra
dfrs,extra
dftest,extra
dfu-prefix,extra
dfu-programmer,extra
dfu-suffix,extra
dfu-util,extra
dfuse-pack,extra
dgedit,extra
dgen,extra
dgen_tobin,extra
dggath,extra
dgmap,extra
dgop,extra
dgord,extra
dgpart,extra
dgscat,extra
dgtst,extra
dgvalidator,extra
dhall,extra
dhall-docs,extra
dhall-lsp-server,extra
dhall-to-bash,extra
dhall-to-json,extra
dhall-to-yaml,extra
dhall-to-yaml-ng,extra
dhclient,extra
dhclient-script,extra
dhcp-helper,extra
dhcp-server-detector,extra
dhcp_lease_time,extra
dhcp_release,extra
dhcp_release6,extra
dhcpcd,extra
dhcpclient,extra
dhcpd,extra
dhcping,extra
dhcrelay,extra
dhex,extra
dhtcluster,extra
dhtnode,extra
di-edid-decode,extra
diadia,extra
diagtool,extra
dialect,extra
dialog,extra
dialog-config,extra
dialyzer,extra
diatheke,extra
dice,extra
dict,extra
dict_lookup,extra
dictd,extra
dictdplugin-config,extra
dictfmt,extra
dictfmt_index2suffix,extra
dictfmt_index2word,extra
dictl,extra
dictunformat,extra
dictzip,extra
diebahn,extra
diesel,extra
diff,core
diff-cover,extra
diff-pdf,extra
diff-quality,extra
diff-so-fancy,extra
diff3,core
diff_tpl_auto_escape,extra
diffeet,extra
diffman-git,core
diffnav,extra
diffoci,extra
diffoscope,extra
diffpdf,extra
diffpkg,extra
diffpp,extra
diffstat,extra
difft,extra
diffuse,extra
dig,extra
digestif,extra
digikam,extra
digitaglinktree,extra
digraph,extra
dijkstra,extra
dikcube,extra
dillo,extra
dillo-install-hyphenation,extra
dilloc,extra
dimacs-solver,extra
dimacs-to-lgf,extra
dimacs2g,extra
din,extra
dino,extra
dinoshade,extra
dinoshade32,multilib
dir,core
dircolors,core
directg,extra
direnv,extra
dirmngr,core
dirmngr-client,core
dirname,core
disable-paste,core
disasmdis,extra
disco,extra
discord,extra
disdvi,extra
diskcryptor2john,extra
diskdevstat,extra
diskonaut,extra
diskus,extra
dislocate,extra
disorderfs,extra
dispcal,extra
display,extra
display-buttons,core
display-coords,core
displaycal,extra
displaycal-3dlut-maker,extra
displaycal-apply-profiles,extra
displaycal-curve-viewer,extra
displaycal-eecolor-to-madvr-converter,extra
displaycal-profile-info,extra
displaycal-scripting-client,extra
displaycal-synthprofile,extra
displaycal-testchart-editor,extra
displaycal-vrml-to-x3d-converter,extra
displaycal-vrml-to-x3d-converter-console,extra
dispread,extra
dispwin,extra
dissolve,extra
dissolve32,multilib
dist,extra
distcc,extra
distccd,extra
distccmon-gnome,extra
distccmon-text,extra
distgraphg,extra
distro,extra
distro-info,extra
distrobox,extra
distrobox-assemble,extra
distrobox-create,extra
distrobox-enter,extra
distrobox-ephemeral,extra
distrobox-export,extra
distrobox-generate-entry,extra
distrobox-host-exec,extra
distrobox-init,extra
distrobox-list,extra
distrobox-rm,extra
distrobox-stop,extra
distrobox-upgrade,extra
distrobuilder,extra
distroshelf,extra
ditaa,extra
dive,extra
django-admin,extra
django-admin3,extra
djoths,extra
djpeg,extra
djview,extra
djview4,extra
djvm,extra
djvmcvt,extra
djvudigital,extra
djvudump,extra
djvuextract,extra
djvumake,extra
djvups,extra
djvused,extra
djvuserve,extra
djvutoxml,extra
djvutxt,extra
djvuxmlparser,extra
djxl,extra
dk_responder.pl,extra
dkfilter.in,extra
dkfilter.out,extra
dkimsign,extra
dkimverify,extra
dkms,extra
dknewkey,extra
dkverify.pl,extra
dl10k1,extra
dlc3,extra
dlist-begin-call-end,extra
dlist-begin-call-end32,multilib
dlist-dangling,extra
dlist-dangling32,multilib
dlist-degenerate,extra
dlist-degenerate32,multilib
dlist-edgeflag,extra
dlist-edgeflag-dangling,extra
dlist-edgeflag-dangling32,multilib
dlist-edgeflag32,multilib
dlist-flat-tri,extra
dlist-flat-tri32,multilib
dlist-mat-tri,extra
dlist-mat-tri32,multilib
dlist-recursive-call,extra
dlist-recursive-call32,multilib
dlist-tri-flat-tri,extra
dlist-tri-flat-tri32,multilib
dlist-tri-mat-tri,extra
dlist-tri-mat-tri32,multilib
dlmextensionservice,extra
dlopen-notes,extra
dlsdump,extra
dltest,core
dlv,extra
dm-tool,extra
dmarc-policy-find,extra
dmcs,extra
dmd,extra
dmenu,extra
dmenu_path,extra
dmenu_run,extra
dmesg,core
dmevent_tool,core
dmeventd,core
dmg2john,extra
dmidecode,extra
dmraid,core
dms,extra
dmsetup,core
dmstats,core
dmtcp_command,extra
dmtcp_coordinator,extra
dmtcp_get_libc_offset,extra
dmtcp_launch,extra
dmtcp_nocheckpoint,extra
dmtcp_restart,extra
dmtcp_ssh,extra
dmtcp_sshd,extra
dmvdostats,core
dmypy,extra
dnet,extra
dnet-config,extra
dnf,extra
dnf-3,extra
dnf-automatic,extra
dnf-automatic-3,extra
dnf5,extra
dnf5daemon-client,extra
dnf5daemon-server,extra
dnie-tool,extra
dnoise,extra
dnsbulktest,extra
dnscrypt-proxy,extra
dnscrypt-wrapper,extra
dnsdict6,extra
dnsdist,extra
dnsdomainname,core
dnsget,extra
dnsgram,extra
dnsmasq,extra
dnspcap2calidns,extra
dnspcap2protobuf,extra
dnsproxy,extra
dnsreplay,extra
dnsrevenum6,extra
dnsrevenum6.sh,extra
dnsscan,extra
dnsscope,extra
dnssec-cds,extra
dnssec-dsfromkey,extra
dnssec-importkey,extra
dnssec-keyfromlabel,extra
dnssec-keygen,extra
dnssec-ksr,extra
dnssec-revoke,extra
dnssec-settime,extra
dnssec-signzone,extra
dnssec-verify,extra
dnssecwalk,extra
dnssecwalk.sh,extra
dnssort,extra
dnsspoof,extra
dnstcpbench,extra
dnswasher,extra
doas,extra
doc2lt,extra
doc_loadbios,extra
docbook2dvi,extra
docbook2html,extra
docbook2man,extra
docbook2pdf,extra
docbook2ps,extra
docbook2rtf,extra
docbook2tex,extra
docbook2texi,extra
docbook2txt,extra
docfdisk,extra
docheckgroups,extra
docker,extra
docker-compose,extra
docker-init,extra
docker-langserver,extra
docker-machine,extra
docker-proxy,extra
dockerd,extra
docstheme-build-pdf,extra
docstheme-build-translated.sh,extra
docstheme-lang-display-name.py,extra
doctest,extra
doctest-discover,extra
doctest-driver-gen,extra
doctext,extra
doctl,extra
docutils,extra
docx2txt,extra
doesitcache,extra
dog,extra
doge,extra
doggo,extra
doh-client,extra
doh-server,extra
doit,extra
dolphin,extra
dolphin-emu,extra
dolphin-emu-nogui,extra
dolphin-tool,extra
dolt,extra
dontpanic,extra
dool,extra
doomretro,extra
dopewars,extra
dos-new-ip6,extra
dos2unix,extra
dos_mld6.sh,extra
dosbox,extra
dosdebug,extra
dosemu,extra
dosemu.bin,extra
dosepsbin,extra
dosfsck,core
dosfslabel,core
dot,extra
dot-language-server,extra
dot2gxl,extra
dot2tex,extra
dot_builtins,extra
dot_sandbox,extra
dotenv,extra
dotlock,extra
dotlockfile,extra
dotnet,extra
dotslash,extra
double,extra
double-quote-cython-strings,extra
doublecmd,extra
doveadm,extra
doveconf,extra
dovecot,extra
dovecot-sysreport,extra
dovi_tool,extra
downloader,extra
doxx,extra
doxygen,extra
doxygen2man,extra
doxywizard,extra
dp,extra
dpapi.py,extra
dpapidump.py,extra
dpcd_reg,extra
dpdk-cmdline-gen.py,extra
dpdk-devbind.py,extra
dpdk-dumpcap,extra
dpdk-graph,extra
dpdk-hugepages.py,extra
dpdk-pdump,extra
dpdk-pmdinfo.py,extra
dpdk-proc-info,extra
dpdk-rss-flows.py,extra
dpdk-telemetry-exporter.py,extra
dpdk-telemetry.py,extra
dpdk-test,extra
dpdk-test-acl,extra
dpdk-test-bbdev,extra
dpdk-test-cmdline,extra
dpdk-test-compress-perf,extra
dpdk-test-crypto-perf,extra
dpdk-test-dma-perf,extra
dpdk-test-eventdev,extra
dpdk-test-fib,extra
dpdk-test-flow-perf,extra
dpdk-test-gpudev,extra
dpdk-test-mldev,extra
dpdk-test-pipeline,extra
dpdk-test-regex,extra
dpdk-test-sad,extra
dpdk-test-security-perf,extra
dpdk-testpmd,extra
dpid,extra
dpidc,extra
dpipe,extra
dpkg,extra
dpkg-architecture,extra
dpkg-buildapi,extra
dpkg-buildflags,extra
dpkg-buildpackage,extra
dpkg-buildtree,extra
dpkg-checkbuilddeps,extra
dpkg-deb,extra
dpkg-distaddfile,extra
dpkg-divert,extra
dpkg-genbuildinfo,extra
dpkg-genchanges,extra
dpkg-gencontrol,extra
dpkg-gensymbols,extra
dpkg-maintscript-helper,extra
dpkg-mergechangelogs,extra
dpkg-name,extra
dpkg-parsechangelog,extra
dpkg-query,extra
dpkg-realpath,extra
dpkg-scanpackages,extra
dpkg-scansources,extra
dpkg-shlibdeps,extra
dpkg-source,extra
dpkg-split,extra
dpkg-statoverride,extra
dpkg-trigger,extra
dpkg-vendor,extra
dpl4hydra.sh,extra
dpll,core
dprint,extra
dprof2calltree,extra
dqtool,extra
dra,extra
draco_decoder,extra
draco_decoder-1.5.7,extra
draco_encoder,extra
draco_encoder-1.5.7,extra
dracut,extra
dracut-catimages,extra
dragon,extra
draw2arrays,extra
draw2arrays32,multilib
draw_lib_dependencies,extra
drawarrays,extra
drawarrays32,multilib
drawelements,extra
drawelements-large,extra
drawelements-large32,multilib
drawelements32,multilib
drawing,extra
drawio,extra
drawl,extra
drawpix,extra
drawpix32,multilib
drawrange,extra
drawrange32,multilib
drawy,extra
drbl-3n-conf,extra
drbl-add-vir-netdev,extra
drbl-all-service,extra
drbl-aoe-img-dump,extra
drbl-aoe-serv,extra
drbl-autologin-env-reset,extra
drbl-autologin-home-reset,extra
drbl-bug-report,extra
drbl-clean-autologin-account,extra
drbl-clean-dhcpd-leases,extra
drbl-client-reautologin,extra
drbl-client-root-passwd,extra
drbl-client-service,extra
drbl-client-switch,extra
drbl-client-system-select,extra
drbl-collect-mac,extra
drbl-cp,extra
drbl-cp-host,extra
drbl-cp-user,extra
drbl-doit,extra
drbl-find-dhcp-srv,extra
drbl-fuh,extra
drbl-fuh-get,extra
drbl-fuh-put,extra
drbl-fuh-rm,extra
drbl-fuu,extra
drbl-fuu-get,extra
drbl-fuu-put,extra
drbl-fuu-rm,extra
drbl-gen-grub-efi-nb,extra
drbl-get-host,extra
drbl-get-user,extra
drbl-host-cp,extra
drbl-host-get,extra
drbl-host-rm,extra
drbl-live,extra
drbl-live-boinc,extra
drbl-live-hadoop,extra
drbl-login-switch,extra
drbl-netinstall,extra
drbl-ocs,extra
drbl-ocs-live-prep,extra
drbl-proxy-dhcp,extra
drbl-pxelinux-passwd,extra
drbl-rm-host,extra
drbl-rm-user,extra
drbl-run-parts,extra
drbl-sl,extra
drbl-swapfile,extra
drbl-syslinux-efi-pxe-sw,extra
drbl-syslinux-netinstall,extra
drbl-uriparse,extra
drbl-usb-netinstall,extra
drbl-user-cp,extra
drbl-user-env-reset,extra
drbl-user-get,extra
drbl-user-rm,extra
drbl-useradd,extra
drbl-useradd-file,extra
drbl-useradd-list,extra
drbl-useradd-range,extra
drbl-userdel,extra
drbl-userdel-file,extra
drbl-userdel-list,extra
drbl-userdel-range,extra
drbl-wakeonlan,extra
drbl4imp,extra
drblpush,extra
drblsrv,extra
drblsrv-offline,extra
dreadnaut,extra
dretodot,extra
dretog,extra
drgn,extra
drgn-crash,extra
drill,core
driverless,extra
driverless-fax,extra
drkonqi-coredump-gui,extra
drkonqi-sentry-data,extra
drm_info,extra
drmdevice,extra
drminfo,extra
drmtest,extra
drone,extra
drone-runner-docker,extra
drone-runner-ssh,extra
drone-server,extra
drop4,extra
dropbear,extra
dropbearconvert,extra
dropbearkey,extra
dropdb,extra
dropuser,extra
drracket,extra
drsnoop,extra
drtdump,extra
drumgizmo,extra
drumkv1_jack,extra
drumstick-drumgrid,extra
drumstick-dumpmid,extra
drumstick-dumprmi,extra
drumstick-dumpsmf,extra
drumstick-dumpwrk,extra
drumstick-guiplayer,extra
drumstick-metronome,extra
drumstick-playsmf,extra
drumstick-sysinfo,extra
drumstick-vpiano,extra
ds-logpipe.py,extra
ds-replcheck,extra
dscanner,extra
dsconf,extra
dscreate,extra
dsctl,extra
dsdccx,extra
dsdp5,extra
dselect,extra
dsidm,extra
dsniff,extra
dsp,extra
dsq,extra
dsr2html,extra
dsr2xml,extra
dsrdump,extra
dssi_analyse_plugin,extra
dssi_list_plugins,extra
dssi_osc_send,extra
dssi_osc_update,extra
dsymutil,extra
dsymutil-18,extra
dsymutil-19,extra
dsymutil-20,extra
dsymutil-21,extra
dsync,extra
dt-danechk,extra
dt-getaddr,extra
dt-gethost,extra
dt-getname,extra
dt-getquery,extra
dt-getrrset,extra
dt-libval_check_conf,extra
dt-validate,extra
dt2dv,extra
dtagnames,extra
dtc,extra
dtd2po,extra
dtd2rng,extra
dtd2xsd,extra
dtdiff,extra
dtk-exhibition,extra
dtools-catdoc,extra
dtools-ddemangle,extra
dtools-detab,extra
dtools-dget,extra
dtools-dustmite,extra
dtools-rdmd,extra
dtools-tolf,extra
dtrace,extra
dtrust-tool,extra
dtsdec,extra
dtxgen,extra
du,core
dua,extra
dual-function-keys,extra
dub,extra
dubdv,extra
dubya,extra
duckdb,extra
ducker,extra
ducktype,extra
duf,extra
dul-receive-pack,extra
dul-upload-pack,extra
dulwich,extra
dummyhttp,extra
dump-typelib,extra
dump.erofs,extra
dump.exfat,extra
dump.f2fs,extra
dump1090_rs,extra
dump2dcm,extra
dump_dhcp6,extra
dump_fts,extra
dump_lfts.sh,extra
dump_mfts.sh,extra
dump_nl80211,extra
dump_osc,extra
dump_osc.py,extra
dump_router6,extra
dump_rtnetlink,extra
dump_syms,extra
dump_xsettings,extra
dumpattr,extra
dumpcap,extra
dumpe2fs,core
dumpelf,extra
dumpexfat,extra
dumpfeats,extra
dumpimage,extra
dumpiso,extra
dumpiso_mod,extra
dumpkeys,core
dumpmscat,extra
dumpnames,extra
dumppdf.py,extra
dumpseg,core
dumpsexp,core
dumpsig.py,extra
dumpsolv,extra
dumptorrent,extra
dumresp,extra
dunamai,extra
dune,extra
dunesh,extra
dunst,extra
dunstctl,extra
dunstify,extra
duperemove,extra
duplicity,extra
durmeanstd,extra
dust,extra
dustmite,extra
dv2dt,extra
dvb-fe-tool,extra
dvb-format-convert,extra
dvbv5-daemon,extra
dvbv5-scan,extra
dvbv5-zap,extra
dvconnect,extra
dvcont,extra
dvd+rw-booktype,extra
dvd+rw-format,extra
dvd+rw-mediainfo,extra
dvd-ram-control,extra
dvdauthor,extra
dvdbackup,extra
dvddirdel,extra
dvdstyler,extra
dvdunauthor,extra
dvdxchap,extra
dvgrab,extra
dvi2fax,extra
dvi2tty,extra
dviasm,extra
dvibook,extra
dviconcat,extra
dvicopy,extra
dvidvi,extra
dvigif,extra
dvihp,extra
dviinfox,extra
dvilj,extra
dvilj2p,extra
dvilj4,extra
dvilj4l,extra
dvilj6,extra
dvilualatex,extra
dvilualatex-dev,extra
dviluatex,extra
dvipdf,extra
dvipdfm,extra
dvipdfmx,extra
dvipdft,extra
dvipng,extra
dvipos,extra
dvips,extra
dvired,extra
dviselect,extra
dvispc,extra
dvisvgm,extra
dvitodvi,extra
dvitomp,extra
dvitype,extra
dvtest,extra
dvtm,extra
dvtm-status,extra
dwarfdump,extra
dwarffortress,extra
dwebp,extra
dwp,core
dx,extra
dxa,extra
dxa-3.7,extra
dxc,extra
dxc-3.7,extra
dxf2idf,extra
dxr,extra
dxr-3.7,extra
dxv,extra
dxv-3.7,extra
dynamicmusic,extra
dysk,extra
dzen2,extra
e16,extra
e2freefrag,core
e2fsck,core
e2fsdroid,extra
e2image,core
e2label,core
e2mmpstatus,core
e2pall,extra
e2scrub,core
e2scrub_all,core
e2undo,core
e3,extra
e3em,extra
e3ne,extra
e3pi,extra
e3vi,extra
e3ws,extra
e4crypt,core
e4defrag,core
eapmd5tojohn,extra
eapol_test,core
earlyoom,extra
eartag,extra
easside-ng,extra
easyeffects,extra
easyjson,extra
easypdkprog,extra
easyrsa,extra
easytag,extra
easytier-cli,extra
easytier-core,extra
easytier-web,extra
eatmydata,extra
ebb,extra
ebfc,extra
ebi2xml,extra
ebong,extra
ebook-convert,extra
ebook-device,extra
ebook-edit,extra
ebook-meta,extra
ebook-polish,extra
ebook-viewer,extra
ebook2html,extra
ebook2raw,extra
ebook2text,extra
ebrowse,extra
ebtables,core
ebtables-nft,core
ebtables-nft-restore,core
ebtables-nft-save,core
ebtables-restore,core
ebtables-save,core
ebtables-translate,core
ebumeter,extra
ebur128,extra
ec,extra
ec2metadata,extra
ecaconvert,extra
ecafixdc,extra
ecalength,extra
ecamonitor,extra
ecanormalize,extra
ecaplay,extra
ecasignalview,extra
ecasound,extra
echo,core
echo_supervisord_conf,extra
echoscu,extra
ecj,extra
ecl,extra
ecl-config,extra
ecm,extra
ecm2bin,extra
ecnf,extra
ecore_evas_convert,extra
ecpbram,extra
ecpg,extra
ecpmulti,extra
ecppack,extra
ecppll,extra
ecpunpack,extra
ecrire,extra
ecryptfs-add-passphrase,extra
ecryptfs-find,extra
ecryptfs-insert-wrapped-passphrase-into-keyring,extra
ecryptfs-manager,extra
ecryptfs-migrate-home,extra
ecryptfs-mount-private,extra
ecryptfs-recover-private,extra
ecryptfs-rewrap-passphrase,extra
ecryptfs-rewrite-file,extra
ecryptfs-setup-private,extra
ecryptfs-setup-swap,extra
ecryptfs-stat,extra
ecryptfs-umount-private,extra
ecryptfs-unwrap-passphrase,extra
ecryptfs-verify,extra
ecryptfs-wrap-passphrase,extra
ecryptfs2john,extra
ecryptfsd,extra
ed,extra
ed2k,extra
ed2k-link,extra
eddystone,extra
edge,extra
edgepaint,extra
edgetransg,extra
edid-decode,extra
edit,extra
editcap,extra
editdiff,extra
editor,extra
editorconfig,extra
editorconfig-0.12.11,extra
editorconfig-checker,extra
editorconfig3,extra
edje_cc,extra
edje_codegen,extra
edje_decc,extra
edje_external_inspector,extra
edje_inspector,extra
edje_pick,extra
edje_player,extra
edje_recc,extra
edje_watch,extra
edonr256-hash,extra
edonr512-hash,extra
edox,extra
edquota,extra
edtx2dtx,extra
eeprog,extra
eeschema,extra
eesh,extra
eet,extra
eetpack,extra
eeze_disk_ls,extra
eeze_mount,extra
eeze_scanner,extra
eeze_scanner_monitor,extra
eeze_umount,extra
efi-readvar,extra
efi-updatevar,extra
efibootdump,core
efibootmgr,core
efikeygen,extra
efisecdb,core
efitool-mkusb,extra
efivar,core
efl_canvas_wl_test,extra
efl_canvas_wl_test_stack,extra
efl_debug,extra
efl_debugd,extra
efreetd,extra
efricas,extra
eg,extra
egk-tool,extra
eglgears_wayland,extra
eglgears_wayland32,multilib
eglgears_x11,extra
eglgears_x1132,multilib
eglinfo,extra
eglinfo32,multilib
eglkms,extra
eglkms32,multilib
eglretrace,extra
egltest,extra
egltri_wayland,extra
egltri_wayland32,multilib
egltri_x11,extra
egltri_x1132,multilib
eglxinfo,extra
eglxspheres64,extra
egrep,core
ehrhart,extra
ehrhart3,extra
ei-debug-events,extra
eidenv,extra
ein,extra
eina_btlog,extra
eina_modinfo,extra
einfo,extra
ejabberd2john,extra
ejabberdctl,extra
eject,core
eksctl,extra
elastic,extra
elasticurl,extra
elasticurl_cpp,extra
elastipubsub,extra
elastipubsub5,extra
elastishadow,extra
elc3,extra
eldbus-codegen,extra
electron,extra
electron39,extra
electron40,extra
electron41,extra
electron42,extra
electron43,extra
electrum,extra
electrum2john,extra
elektroid,extra
elektroid-cli,extra
element,extra
element-desktop,extra
elementary_codegen,extra
elementary_config,extra
elementary_perf,extra
elementary_quicklaunch,extra
elementary_run,extra
elementary_test,extra
elf2dmp,extra
elf2hex,extra
elf2nucleus,extra
elf2tag,extra
elf2uf2-rs,extra
elfObjDisasm,extra
elfedit,core
elfls,extra
elftoc,extra
elfx86exts,extra
elinks,extra
elisa,extra
elixir,extra
elixirc,extra
elm,extra
elm_prefs_cc,extra
elvish,extra
em-proxy,extra
em.py,extra
emacs,extra
emacs-31.1,extra
emacsclient,extra
email_validator,extra
embedded-mono-img,extra
emblem,extra
embree-vars.csh,extra
embree-vars.sh,extra
embryo_cc,extra
emby-server,extra
emby-theater,extra
emixer,extra
emoji-picker,extra
emptty,extra
emptyvss,extra
en_cas_help,extra
enblend,extra
enc265,extra
enca,extra
encfs,extra
encfs2john,extra
encfsctl,extra
encfssh,extra
enchant-2,extra
enchant-lsmod-2,extra
encode_keychange,extra
encodedv,extra
encoderunitypackage,extra
enconv,extra
encpipe,extra
end2xml,extra
endeavour,extra
endless-sky,extra
endx2xml,extra
enfuse,extra
engine,extra
engine32,multilib
engrampa,extra
enhance,extra
enigma,extra
enitune,extra
enjarify,extra
enlightenment,extra
enlightenment_askpass,extra
enlightenment_filemanager,extra
enlightenment_fprint,extra
enlightenment_imc,extra
enlightenment_open,extra
enlightenment_paledit,extra
enlightenment_remote,extra
enlightenment_start,extra
enosys,core
enpass2john,extra
enscript,extra
enter-tex,extra
entr,extra
enum_chmLib,extra
enumdir_chmLib,extra
env,core
env.fakechroot,extra
env_parallel,extra
env_parallel.ash,extra
env_parallel.bash,extra
env_parallel.csh,extra
env_parallel.dash,extra
env_parallel.fish,extra
env_parallel.ksh,extra
env_parallel.mksh,extra
env_parallel.pdksh,extra
env_parallel.sh,extra
env_parallel.tcsh,extra
env_parallel.zsh,extra
envext,extra
envsubst,core
envvars,extra
envvars-std,extra
envy24control,extra
eo_debug,extra
eog,extra
eolang,extra
eolian_gen,extra
eolie,extra
eom,extra
ephemeral-port-reserve,extra
ephoto,extra
epic,extra
epic-EPIC4-2.10.11,extra
epiphany,extra
eplain,extra
epmd,extra
epp,extra
eps2eps,extra
epsffit,extra
epspdf,extra
epspdftk,extra
epstopdf,extra
eptex,extra
epubcheck,extra
eqn,core
eqn2graph,core
era,extra
era_check,core
era_dump,core
era_invalidate,core
era_restore,core
erb,extra
erd,extra
erl,extra
erl-guestfs,extra
erlc,extra
erofsfuse,extra
errands,extra
errno,extra
es2_info,extra
es2_info32,multilib
es2gears_wayland,extra
es2gears_wayland32,multilib
es2gears_x11,extra
es2gears_x1132,multilib
es2tri,extra
es2tri32,multilib
es_cas_help,extra
esbuild,extra
escapesrc,core
escp2topbm,extra
escputil,extra
escript,extra
esentutl.py,extra
esh,extra
esi,extra
eslint,extra
eslint-language-server,extra
eslint_d,extra
esmtool,extra
esolver,extra
esp-generate,extra
esp_rfc2217_server,extra
esp_rfc2217_server.py,extra
espdiff,extra
espeak,extra
espeak-ng,extra
espeakup,extra
espefuse,extra
espefuse.py,extra
espflash,extra
esphome,extra
esponja,extra
espsecure,extra
espsecure.py,extra
esptool,extra
esptool.py,extra
espup,extra
etags,extra
etc-update,extra
etcd,extra
etcdctl,extra
etcdutl,extra
etckeeper,extra
etex,extra
etf2ly,extra
etherape,extra
ethereum2john,extra
ethkey,extra
ethtool,extra
ethumb,extra
ethumbd,extra
ethumbd_client,extra
ettercap,extra
ettercap-pkexec,extra
etterfilter,extra
etterlog,extra
eu-addr2line,core
eu-ar,core
eu-elfclassify,core
eu-elfcmp,core
eu-elfcompress,core
eu-elflint,core
eu-findtextrel,core
eu-make-debug-archive,core
eu-nm,core
eu-objdump,core
eu-ranlib,core
eu-readelf,core
eu-size,core
eu-srcfiles,core
eu-stack,core
eu-stackprof,core
eu-strings,core
eu-strip,core
eu-unstrip,core
euptex,extra
eutp,extra
eva,extra
evcd2vcd,extra
evcxr,extra
evdev-joystick,extra
evemu-describe,extra
evemu-device,extra
evemu-event,extra
evemu-play,extra
evemu-record,extra
event_rpcgen.py,core
eventlogadm,extra
eview,extra
evilginx,extra
evim,extra
evince,extra
evince-previewer,extra
evince-thumbnailer,extra
evisum,extra
evm,extra
evolution,extra
evtest,extra
ewfacquire,extra
ewfacquirestream,extra
ewfdebug,extra
ewfexport,extra
ewfinfo,extra
ewfmount,extra
ewfrecover,extra
ewfverify,extra
ex,extra
ex-rdns,extra
exa,extra
exactness,extra
exactness_inject,extra
exactness_inspect,extra
exactness_play,extra
exactness_record,extra
example,extra
example_log,extra
example_to_doc++,extra
exceltex,extra
exch,core
exchanger.py,extra
exe-thumbnailer,extra
exec_inspect.sh,extra
execsnoop,extra
exedat,extra
exempi,extra
exfalso,extra
exfat2img,extra
exfatattrib,extra
exfatfsck,extra
exfatlabel,extra
exicyclog,extra
exiftran,extra
exigrep,extra
exim,extra
exim_checkaccess,extra
exim_dbmbuild,extra
exim_dumpdb,extra
exim_fixdb,extra
exim_id_update,extra
exim_lock,extra
exim_msgdate,extra
exim_tidydb,extra
eximstats,extra
exinext,extra
exipick,extra
exiqgrep,extra
exiqsumm,extra
exitsnoop,extra
exiv2,extra
exiwhat,extra
exo-desktop-item-edit,extra
exo-open,extra
exodus2hashcat.py,extra
exp_count,extra
expac,extra
expand,core
expander,extra
expect,extra
expire,extra
expireGititCache,extra
expireover,extra
expirerm,extra
explcheck,extra
exploit6,extra
export-pkgbuild-keys,extra
export_signing_key,extra
exportfs,core
expr,core
exr2aces,extra
exrenvmap,extra
exrheader,extra
exrinfo,extra
exrmakepreview,extra
exrmaketiled,extra
exrmanifest,extra
exrmetrics,extra
exrmultipart,extra
exrmultiview,extra
exrstdattr,extra
ext2simg,extra
ext3grep,extra
ext4dist,extra
ext4slower,extra
extconv,extra
extend_dmalloc,extra
extension-manager,extra
external-ip,extra
extlinux,core
extra-staging-x86_64-build,extra
extra-staging-x86_64_v3-build,extra
extra-stagingpkg,extra
extra-testing-x86_64-build,extra
extra-testing-x86_64_v3-build,extra
extra-testingpkg,extra
extra-x86_64-build,extra
extra-x86_64_v3-build,extra
extract,extra
extract_a52,extra
extract_chmLib,extra
extract_dca,extra
extract_dts,extra
extract_gob_cdi,extra
extract_hadesch,extra
extract_hadesch_img,extra
extract_hosts6.sh,extra
extract_lokalizator,extra
extract_metadata,extra
extract_mohawk,extra
extract_mpeg2,extra
extract_mps,extra
extract_networks6.sh,extra
extract_ngi,extra
extract_shortcuts_i18n,extra
extractattr,extra
extractbb,extra
extracticc,extra
extractor,extra
extractrc,extra
extractres,extra
extractttag,extra
extrapkg,extra
extresso,extra
eyaml,extra
eyedropper,extra
eyuvtoppm,extra
eza,extra
f2cpsp,extra
f2fs_io,extra
f2fscrypt,extra
f2fsdist,extra
f2fslabel,extra
f2fsslower,extra
f2py,extra
f3d,extra
f90_count,extra
f95,core
f95-15,extra
faac,extra
faad,extra
fab,extra
fabulous-demo,extra
fabulous-gotham,extra
fabulous-image,extra
fabulous-rotatingcube,extra
fabulous-text,extra
facter,extra
factor,core
fadot,extra
fadvise,core
fail2ban-client,extra
fail2ban-python,extra
fail2ban-regex,extra
fail2ban-server,extra
fail2ban-testcases,extra
faillock,core
faillog,core
fakeCMY,extra
fake_advertise6,extra
fake_dhcps6,extra
fake_dns6d,extra
fake_dnsupdate6,extra
fake_mipv6,extra
fake_mld26,extra
fake_mld6,extra
fake_mldrouter6,extra
fake_pim6,extra
fake_router26,extra
fake_router6,extra
fake_solicitate6,extra
fakechroot,extra
faked,core
faker,extra
fakeread,extra
fakeroot,core
faketime,extra
falcon,extra
falcon-bench,extra
falcon-host,extra
falcon-inspect-app,extra
falcon-print-routes,extra
falkon,extra
fallocate,core
false,core
fancontrol,extra
fasd,extra
fasm,extra
fasm-listing,extra
fasm-prepsrc,extra
fasm-symbols,extra
fast-import-filter,extra
fast-import-info,extra
fast-import-query,extra
fastapi,extra
fastbase64,extra
fastbase64.coreutils,extra
fastboot,extra
fastd,extra
fastfetch,extra
fastjar,extra
fastrm,extra
fatlabel,core
fatresize,extra
fatsort,extra
faust,extra
faust-config,extra
faust2alqt,extra
faust2alsaconsole,extra
faust2android,extra
faust2androidunity,extra
faust2api,extra
faust2atomsnippets,extra
faust2audiokit,extra
faust2bela,extra
faust2bench,extra
faust2caconsole,extra
faust2caqt,extra
faust2caqtios,extra
faust2clap.py,extra
faust2cmajor,extra
faust2cpalrust,extra
faust2csound,extra
faust2csvplot,extra
faust2daisy,extra
faust2dplug,extra
faust2dssi,extra
faust2dummy,extra
faust2dummymem,extra
faust2eps,extra
faust2esp32,extra
faust2faustvst,extra
faust2feh,extra
faust2firefox,extra
faust2gen,extra
faust2graph,extra
faust2graphviewer,extra
faust2hothouse,extra
faust2ios,extra
faust2jackconsole,extra
faust2jackrust,extra
faust2jackserver,extra
faust2jaqt,extra
faust2jaqtchain,extra
faust2juce,extra
faust2ladspa,extra
faust2linuxunity,extra
faust2lv2,extra
faust2mathdoc,extra
faust2mathviewer,extra
faust2max6,extra
faust2md,extra
faust2minimal,extra
faust2msp,extra
faust2netjackconsole,extra
faust2netjackqt,extra
faust2nodejs,extra
faust2octave,extra
faust2osxiosunity,extra
faust2owl,extra
faust2paconsole,extra
faust2paqt,extra
faust2pdf,extra
faust2plot,extra
faust2png,extra
faust2portaudiojulia,extra
faust2portaudiorust,extra
faust2pure,extra
faust2puredata,extra
faust2pwconsole,extra
faust2pwqt,extra
faust2raqt,extra
faust2rnbo,extra
faust2ros,extra
faust2rpialsaconsole,extra
faust2rpinetjackconsole,extra
faust2sam,extra
faust2sc,extra
faust2sc.py,extra
faust2sig,extra
faust2sigviewer,extra
faust2smartkeyb,extra
faust2sndfile,extra
faust2stratus,extra
faust2sublimecompletions,extra
faust2supercollider,extra
faust2svg,extra
faust2svgplot,extra
faust2svgviewer,extra
faust2teensy,extra
faust2tidalcycles,extra
faust2unity,extra
faust2vcvrack,extra
faust2vst,extra
faust2vsti,extra
faust2w32max6,extra
faust2w32msp,extra
faust2w32puredata,extra
faust2w32vst,extra
faust2w64max6,extra
faust2w64puredata,extra
faust2w64vst,extra
faust2winunity,extra
faust2wwise,extra
faust2wwise.cmd,extra
faust2wwise.py,extra
faustoptflags,extra
faustpath,extra
faustpp,extra
faustremote,extra
fax2ps,extra
fax2tiff,extra
fb,extra
fb_config,extra
fbc,extra
fbcli,extra
fbd-theme-validate,extra
fbgrab,extra
fbgs,extra
fbi,extra
fbinfo,extra
fbo_firecube,extra
fbo_firecube32,multilib
fbotexture,extra
fbotexture32,multilib
fbpdf,extra
fbrun,extra
fbset,extra
fbsetbg,extra
fbsetroot,extra
fbtest,extra
fbxine,extra
fc-cache,extra
fc-cache-32,multilib
fc-cat,extra
fc-conflist,extra
fc-genconf,extra
fc-list,extra
fc-match,extra
fc-pattern,extra
fc-query,extra
fc-scan,extra
fc-solve,extra
fc-validate,extra
fc_solve_find_index_s2ints.py,extra
fcat,extra
fceux,extra
fcgistarter,extra
fcgiwrap,extra
fcinfo,extra
fcitx5,extra
fcitx5-config-qt,extra
fcitx5-configtool,extra
fcitx5-diagnose,extra
fcitx5-gtk3-immodule-probing,extra
fcitx5-gtk4-immodule-probing,extra
fcitx5-helper,extra
fcitx5-migrator,extra
fcitx5-plasma-theme-generator,extra
fcitx5-qt5-immodule-probing,extra
fcitx5-qt6-immodule-probing,extra
fcitx5-remote,extra
fclones,extra
fconvolver,extra
fcplay,extra
fcrackzip,extra
fcron,extra
fcrondyn,extra
fcronsighup,extra
fcrontab,extra
fd,extra
fd2pascal,extra
fdisk,core
fdkaac,extra
fdm,extra
fdmdv_demod,extra
fdmdv_get_test_bits,extra
fdmdv_mod,extra
fdmdv_put_test_bits,extra
fdp,extra
fdtdump,extra
fdtget,extra
fdtoverlay,extra
fdtput,extra
fdupes,extra
feathernotes,extra
featherpad,extra
fectest,extra
feedgame,extra
feeluown,extra
feeluown-genicon,extra
feh,extra
feishin,extra
felix,extra
fennel,extra
ferm,extra
festival,extra
festival_client,extra
fetch-ebook-metadata,extra
fetchmail,extra
fetchmailconf,extra
fetchpayload,extra
fex2bin,extra
ffado-bridgeco-downloader,extra
ffado-dbus-server,extra
ffado-diag,extra
ffado-dice-firmware,extra
ffado-fireworks-downloader,extra
ffado-mixer,extra
ffado-set-nickname,extra
ffado-test,extra
ffado-test-isorecv,extra
ffado-test-isoxmit,extra
ffado-test-streaming,extra
ffado-test-streaming-ipc,extra
ffado-test-streaming-ipcclient,extra
ffcfstress,extra
ffdetect-emby,extra
ffind,extra
fflas-ffpack-config,extra
ffmpeg,extra
ffmpeg-emby,extra
ffmpeg_harvid,extra
ffmpegthumbnailer,extra
ffmsindex,extra
ffmvforce,extra
ffplay,extra
ffprobe,extra
ffprobe-emby,extra
ffprobe_harvid,extra
ffset,extra
fftest,extra
fftw-wisdom,extra
fftw-wisdom-to-conf,extra
fftwf-wisdom,extra
fftwl-wisdom,extra
fftwq-wisdom,extra
fgconsole,core
fgrep,core
fh2raw,extra
fh2svg,extra
fh2text,extra
fi_info,extra
fi_mon_sampler,extra
fi_pingpong,extra
fi_strerror,extra
fiascotopnm,extra
fibmap.f2fs,extra
fidentify,extra
fido2-assert,extra
fido2-cred,extra
fido2-token,extra
fiery,extra
fig2dev,extra
fig2ps2tex,extra
fig4latex,extra
figlet,extra
figlist,extra
filan,extra
file,core
file-manager.sh,extra
file-roller,extra
file65,extra
filecap,core
filedumper,extra
filedumper-slim,extra
filedumperx,extra
filefrag,core
fileinfo,extra
filelife,extra
filelight,extra
filename2ident,extra
filesnarf,extra
filetime.py,extra
filetop,extra
filetype,extra
fileview,extra
filezilla,extra
filezilla2john,extra
fillets,extra
filterdiff,extra
finance-quote-wrapper,extra
fincore,core
find,core
find-all-symbols,extra
find-debuginfo,core
find-freecell-deal-index.py,extra
find-libdeps,extra
find-libprovides,extra
findDelegation.py,extra
findaffix,extra
finddeps,extra
findfs,core
findhyph,extra
findmissingcrystal,extra
findmnt,core
findomain,extra
findpython,extra
findscu,extra
findssl.sh,core
findtable,extra
fingerterm,extra
fio,extra
fio-btrace2fio,extra
fio-dedupe,extra
fio-genzipf,extra
fio-histo-log-pctiles.py,extra
fio-verify-state,extra
fio2gnuplot,extra
fio_generate_plots,extra
fio_jsonplus_clat2csv,extra
fiologparser.py,extra
fiologparser_hist.py,extra
fire,extra
fire32,multilib
firecfg,extra
firecracker,extra
firefox,extra
firefox-developer-edition,extra
firefoxpwa,extra
firejail,extra
firejail-ui,extra
firemon,extra
firetools,extra
firewall-applet,extra
firewall-cmd,extra
firewall-config,extra
firewall-offline-cmd,extra
firewall6,extra
firewalld,extra
fish,extra
fish_indent,extra
fish_key_reader,extra
fisql,extra
fits2bitmap,extra
fitscheck,extra
fitscopy,extra
fitsdiff,extra
fitshdr,extra
fitsheader,extra
fitsinfo,extra
fitstopnm,extra
fitsverify,extra
five-or-more,extra
fiwalk,extra
fix-include.sh,extra
fix-qdf,extra
fixcvsdiff,extra
fiximports,extra
fixkdeincludes,extra
fixparts,extra
fixproc,extra
fixps,extra
fixqt4headers.pl,extra
fixqt4headers.pl-qt5,extra
fixuifiles,extra
fj,extra
fkill,extra
flac,extra
flake8,extra
flamegraph,extra
flamelens,extra
flameshot,extra
flash-var,extra
flash_erase,extra
flash_eraseall,extra
flash_lock,extra
flash_otp_dump,extra
flash_otp_erase,extra
flash_otp_info,extra
flash_otp_lock,extra
flash_otp_write,extra
flash_unlock,extra
flashcp,extra
flashgbx,extra
flashprog,extra
flashrom,extra
flask,extra
flat-clip,extra
flat-clip32,multilib
flatc,extra
flatpak,extra
flatpak-bisect,extra
flatpak-builder,extra
flatpak-coredumpctl,extra
flatpak-spawn,extra
flatxml2po,extra
flawfinder,extra
flawz,extra
flea,extra
flex,core
flex++,core
flickcurl,extra
flickcurl-config,extra
flickrdf,extra
flip-link,extra
flipdiff,extra
flips,extra
flit,extra
flite,extra
flite_cmu_us_kal16,extra
flite_cmu_us_slt,extra
flm,extra
flobopuyo,extra
flock,core
flood_advertise6,extra
flood_dhcpc6,extra
flood_mld26,extra
flood_mld6,extra
flood_mldrouter6,extra
flood_redir6,extra
flood_router26,extra
flood_router6,extra
flood_rs6,extra
flood_solicitate6,extra
flood_unreach6,extra
floppyd,extra
floppyd_installtest,extra
floptool,extra
floskell,extra
flowblade,extra
flowtop,extra
fls,extra
fltk-config,extra
fltk-config1.3,extra
fltk-options,extra
fltk-options-shared,extra
fluent2po,extra
fluid,extra
fluid-shared,extra
fluid1.3,extra
fluidsynth,extra
flux,extra
fluxbox,extra
fluxbox-generate_menu,extra
fluxbox-remote,extra
fluxbox-update_configs,extra
fmt,core
fmtutil,extra
fmtutil-sys,extra
fmtutil-user,extra
fn,extra
fnlfmt,extra
fnm,extra
fnott,extra
fnottctl,extra
fnteditfs,extra
focuswriter,extra
fogcoord,extra
fogcoord32,multilib
fold,core
foliate,extra
folks-import,extra
folks-inspect,extra
font-manager,extra
font-v,extra
fontforge,extra
fontimage,extra
fontinst,extra
fontlint,extra
fonttools,extra
fonttosfnt,extra
foomatic-addpjloptions,extra
foomatic-cleanupdrivers,extra
foomatic-combo-xml,extra
foomatic-compiledb,extra
foomatic-configure,extra
foomatic-datafile,extra
foomatic-extract-text,extra
foomatic-fix-xml,extra
foomatic-getpjloptions,extra
foomatic-kitload,extra
foomatic-nonumericalids,extra
foomatic-perl-data,extra
foomatic-ppd-options,extra
foomatic-ppd-to-xml,extra
foomatic-ppdfile,extra
foomatic-preferred-driver,extra
foomatic-printermap-to-gutenprint-xml,extra
foomatic-printjob,extra
foomatic-replaceoldprinterids,extra
foomatic-rip,extra
foomatic-searchprinter,extra
foot,extra
footclient,extra
fooyin,extra
fop,extra
foremost,extra
forge-sparks,extra
forgejo,extra
forgejo-runner,extra
format-json-schema,extra
fortran_count,extra
fortune,extra
fortune.pl,extra
fortunecraft,extra
fossil,extra
foundry,extra
four-in-a-row,extra
four2six,extra
fourier,extra
fourier_gmp,extra
fourmolu,extra
fox-config,extra
fp,extra
fp.ans,extra
fp.rsj,extra
fpack,extra
fpad,extra
fpc,extra
fpcalc,extra
fpcjres,extra
fpclasschart,extra
fpclasschart.rsj,extra
fpcmake,extra
fpcmkcfg,extra
fpcmkcfg.rsj,extra
fpcres,extra
fpcsubst,extra
fpcsubst.rsj,extra
fpdoc,extra
fping,extra
fplight,extra
fplight32,multilib
fplll,extra
fppkg,extra
fprcp,extra
fprintd-delete,extra
fprintd-enroll,extra
fprintd-list,extra
fprintd-verify,extra
fq,extra
fr_cas_help,extra
fractal,extra
fragcoord,extra
fragcoord32,multilib
fragmaster,extra
fragmentation6,extra
fragments,extra
fragrouter6,extra
fragrouter6.sh,extra
framework_tool,extra
francis,extra
free,core
freealut-config,extra
freeaptxdec,extra
freeaptxenc,extra
freebcp,extra
freecad,extra
freecad-thumbnailer,extra
freecadcmd,extra
freecell-solver-fc-pro-range-solve,extra
freecell-solver-multi-thread-solve,extra
freecell-solver-range-parallel-solve,extra
freeciv-gtk3.22,extra
freeciv-gtk4,extra
freeciv-manual,extra
freeciv-mp-cli,extra
freeciv-mp-gtk3,extra
freeciv-mp-gtk4,extra
freeciv-mp-qt,extra
freeciv-qt,extra
freeciv-ruledit,extra
freeciv-ruleup,extra
freeciv-server,extra
freecol,extra
freedroidRPG,extra
freedv_rx,extra
freedv_tx,extra
freehdl-config,extra
freehdl-gennodes,extra
freehdl-v2cc,extra
freeorion,extra
freeorionca,extra
freeoriond,extra
freeplane,extra
freerdp-proxy3,extra
freerdp-shadow-cli3,extra
frescobaldi,extra
freshclam,extra
fretboard,extra
fribidi,extra
fricas,extra
frm,extra
frm_admin,extra
frm_purged,extra
frm_xfragent,extra
frm_xfrd,extra
frogr,extra
from,extra
frotz,extra
fs-tri,extra
fs-tri32,multilib
fs-uae,extra
fs-uae-device-helper,extra
fs-uae-launcher,extra
fsadm,core
fsarchiver,extra
fsck,core
fsck.apfs,extra
fsck.bcachefs,extra
fsck.btrfs,core
fsck.cramfs,core
fsck.erofs,extra
fsck.exfat,extra
fsck.ext2,core
fsck.ext3,core
fsck.ext4,core
fsck.f2fs,extra
fsck.fat,core
fsck.fuse.bcachefs,extra
fsck.jfs,core
fsck.minix,core
fsck.msdos,core
fsck.ubifs,extra
fsck.vfat,core
fsck.xfs,core
fscrypt,extra
fsdist,extra
fsfreeze,core
fsidd,core
fsk_demod,extra
fsk_get_test_bits,extra
fsk_mod,extra
fsk_put_test_bits,extra
fslight,extra
fslight32,multilib
fsnotify-example,extra
fsnotifywait,extra
fsnotifywatch,extra
fsraytrace,extra
fsraytrace32,multilib
fsslower,extra
fsstat,extra
fst2vcd,extra
fstminer,extra
fstopgm,extra
fstrim,core
fstrm_capture,extra
fstrm_dump,extra
fstrm_replay,extra
fsverity,extra
fsview,extra
fswatch,extra
ft2-clone,extra
ftbench,extra
ftdi_eeprom,extra
ftdiff,extra
ftdump,extra
fte,extra
ftgamma,extra
ftgrid,extra
ftinspect,extra
ftl_check,extra
ftl_format,extra
ftlint,extra
ftmulti,extra
ftp,core
ftp-rfc,extra
ftpbench,extra
ftpd,core
ftppass,extra
ftsdf,extra
ftstring,extra
ftvalid,extra
ftview,extra
fuck,extra
fudd,extra
fuidshift,extra
fulcio,extra
fulla,extra
fullcircle,extra
fullgen,extra
fumon,extra
funclatency,extra
function_grep.pl,extra
funetak,extra
funpack,extra
funzip,extra
fuo,extra
furnace,extra
fuse-overlayfs,extra
fuse-zip,extra
fuse2fs,core
fusedist,extra
fuseiso,extra
fuser,core
fusermount,extra
fusermount-glusterfs,extra
fusermount3,extra
fuseslower,extra
futatabi,extra
futexctn,extra
fuzz-progress.sh,extra
fuzz_dhcpc6,extra
fuzz_dhcps6,extra
fuzz_ip6,extra
fuzz_option,extra
fuzzel,extra
fv3_impulser_jack,extra
fv3_jack_earlyr,extra
fv3_jack_earlyr2,extra
fv3_jack_gd_lroom,extra
fv3_jack_impulser2,extra
fv3_jack_mbcomp,extra
fv3_jack_noise1,extra
fv3_jack_nrev,extra
fv3_jack_progenitor,extra
fv3_jack_revmodel,extra
fv3_jack_stenh,extra
fv3_jack_strev,extra
fvm,extra
fvwm-convert-2.6,extra
fvwm-menu-desktop,extra
fvwm-menu-directory,extra
fvwm-menu-xlock,extra
fvwm-perllib,extra
fvwm-root,extra
fvwm3,extra
fw_printenv,extra
fw_setenv,extra
fwb_iosacl,extra
fwb_ipf,extra
fwb_ipfw,extra
fwb_ipt,extra
fwb_junosacl,extra
fwb_nxosacl,extra
fwb_pf,extra
fwb_pix,extra
fwb_procurve_acl,extra
fwbedit,extra
fwbuilder,extra
fweelin,extra
fwknop,extra
fwknopd,extra
fwupd-dbxtool,extra
fwupdmgr,extra
fwupdtool,extra
fx,extra
fy-compose,extra
fy-dump,extra
fy-filter,extra
fy-join,extra
fy-testsuite,extra
fy-tool,extra
fy-ypath,extra
fyi,extra
fz_funcs,extra
fz_funcs.sh,extra
fzf,extra
fzf-tmux,extra
fzipinfo,extra
fzmodeler,extra
fzprofiler,extra
fzy,extra
g++,core
g++-15,extra
g-ir-annotation-tool,extra
g-ir-compiler,extra
g-ir-doc-tool,extra
g-ir-generate,extra
g-ir-inspect,extra
g-ir-scanner,extra
g-lensfun-update-data,extra
g13,core
g13-syshelp,core
g2root,extra
g3topbm,extra
gac,extra
gacutil,extra
gacutil2,extra
gagwpe,extra
gajim,extra
gajim-remote,extra
gala,extra
gala-daemon,extra
gala-daemon-gtk3,extra
galculator,extra
galera_new_cluster,extra
galera_recovery,extra
gambas3,extra
gambas3.gambas,extra
gameconqueror,extra
gamemoded,extra
gamemodelist,extra
gamemoderun,extra
gamescope,extra
gamescope-type,extra
gamescopectl,extra
gamescopereaper,extra
gamescopestream,extra
gamma,extra
gamma32,multilib
gamma4scanimage,extra
gammaray,extra
gammastep,extra
gammastep-indicator,extra
gammu,extra
gammu-config,extra
gammu-detect,extra
gammu-smsd,extra
gammu-smsd-inject,extra
gammu-smsd-monitor,extra
gap,extra
gaphor,extra
gapi3-codegen,extra
gapi3-fixup,extra
gapi3-parser,extra
gapplication,core
garage,extra
garbd,extra
gate,extra
gatt-service,extra
gaupol,extra
gawk,core
gawk-5.4.1,core
gawkbug,core
gba3,extra
gbase,extra
gbc3,extra
gbh3,extra
gbh3.gambas,extra
gbi3,extra
gbklatex,extra
gbkpdflatex,extra
gbr3,extra
gbrainy,extra
gbs3,extra
gbs3.gambas,extra
gbw3,extra
gbx3,extra
gc,extra
gcab,extra
gcalccmd,extra
gcc,core
gcc-15,extra
gcc-ar,core
gcc-ar-15,extra
gcc-nm,core
gcc-nm-15,extra
gcc-ranlib,core
gcc-ranlib-15,extra
gccgo,core
gccmakedep,extra
gccrs,core
gcdmaster,extra
gcin,extra
gcin-exit,extra
gcin-gb-toggle,extra
gcin-kbm-toggle,extra
gcin-message,extra
gcin-tools,extra
gcin2tab,extra
gcm-import,extra
gcm-inspect,extra
gcm-picker,extra
gcm-viewer,extra
gcnmz,extra
gcobc,core
gcobol,core
gcolor3,extra
gcompris-qt,extra
gcore,extra
gcov,core
gcov-dump,core
gcov-tool,core
gcovr,extra
gcp-devrel-py-tools,extra
gcpubar,extra
gcr-viewer,extra
gcr-viewer-gtk4,extra
gcrane,extra
gcron.py,extra
gct-tool,extra
gcv,extra
gd2copypal,extra
gd2togif,extra
gd2topng,extra
gdal,extra
gdal-config,extra
gdal2tiles,extra
gdal2tiles.py,extra
gdal2xyz,extra
gdal2xyz.py,extra
gdal_calc,extra
gdal_calc.py,extra
gdal_contour,extra
gdal_create,extra
gdal_edit,extra
gdal_edit.py,extra
gdal_fillnodata,extra
gdal_fillnodata.py,extra
gdal_footprint,extra
gdal_grid,extra
gdal_merge,extra
gdal_merge.py,extra
gdal_pansharpen,extra
gdal_pansharpen.py,extra
gdal_polygonize,extra
gdal_polygonize.py,extra
gdal_proximity,extra
gdal_proximity.py,extra
gdal_rasterize,extra
gdal_retile,extra
gdal_retile.py,extra
gdal_sieve,extra
gdal_sieve.py,extra
gdal_translate,extra
gdal_viewshed,extra
gdaladdo,extra
gdalattachpct,extra
gdalattachpct.py,extra
gdalbuildvrt,extra
gdalcompare,extra
gdalcompare.py,extra
gdaldem,extra
gdalenhance,extra
gdalinfo,extra
gdallocationinfo,extra
gdalmanage,extra
gdalmdiminfo,extra
gdalmdimtranslate,extra
gdalmove,extra
gdalmove.py,extra
gdalsrsinfo,extra
gdaltindex,extra
gdaltransform,extra
gdalwarp,extra
gdb,extra
gdb-add-index,extra
gdb.py,extra
gdbar,extra
gdbm_dump,core
gdbm_load,core
gdbmtool,core
gdbserver,extra
gdbus,core
gdbus-codegen,core
gdc,core
gdcmanon,extra
gdcmclean,extra
gdcmconv,extra
gdcmdiff,extra
gdcmdump,extra
gdcmgendir,extra
gdcmimg,extra
gdcminfo,extra
gdcmpap3,extra
gdcmpgif,extra
gdcmraw,extra
gdcmscanner,extra
gdcmscu,extra
gdcmtar,extra
gdcmxml,extra
gdctl,extra
gdiffmk,core
gdisk,extra
gdk-pixbuf-csource,extra
gdk-pixbuf-pixdata,extra
gdk-pixbuf-query-loaders,extra
gdk-pixbuf-query-loaders-32,multilib
gdk_pixbuf_mlsource3,extra
gdm,extra
gdm-config,extra
gdnc,extra
gdnsd,extra
gdnsd_geoip_test,extra
gdnsdctl,extra
gdomap,extra
gdparttopng,extra
gdtopng,extra
gdu,extra
gdump,extra
geany,extra
gearadmin,extra
gearbox,extra
gearbox32,multilib
gearman,extra
gearmand,extra
gears,extra
gears32,multilib
geartrain,extra
geartrain32,multilib
geary,extra
geckodriver,extra
gedit,extra
geeqie,extra
gegl,extra
gegl-imgcmp,extra
gegps,extra
geli2john,extra
gem,extra
gemini,extra
gemtopbm,extra
gemtopnm,extra
gen-golden.py,extra
gen-grub-efi-nb-menu,extra
gen-hie,extra
gen-loadpulses,extra
gen-multiple-pysol-layouts,extra
gen-perf-report.py,extra
gen-setup,extra
gen-torrent-from-ptcl,extra
genXrdPattern,extra
gen_binary_files,extra
gen_unigram,extra
genact,extra
genbg,extra
genbgL,extra
genbrk,core
gencancel,extra
gencat,core
genccode,core
gencfu,core
gencmn,core
gencnval,core
genconfig,extra
gendesc,extra
gendesk,extra
gendict,core
gendiff,extra
generate-borgmatic-config,extra
generate-domains-blocklist,extra
generate-fixtures-yaml,extra
generate-pxe-menu,extra
generate-rules,extra
generate_config,extra
generate_log_config,extra
generate_randfile,extra
generate_signing_key,extra
generateshader,extra
generator,extra
generic_count,extra
genfasm,extra
genfio,extra
genflagcodes,extra
genfstab,extra
geng,extra
gengL,extra
gengen,extra
gengetopt,extra
genhash,extra
genhtml,extra
genincstats,extra
geninfo,extra
genisoimage,extra
genius,extra
genktreeg,extra
genl,core
genl-ctrl-list,core
genlinfo,extra
genmdl,extra
genmkvpwd,extra
genmod,extra
genmodel,extra
gennorm2,core
genpmda,extra
genpmk,extra
genpng,extra
genposetg,extra
genpyt,extra
genquarticg,extra
genrang,extra
genrb,core
genreflex,extra
genresscript,extra
gens2shp,extra
gensiot,extra
genspecialg,extra
gensprep,core
gensymm,extra
gentest,extra
gentourng,extra
gentreeg,extra
gentrigrams,extra
genxs,extra
geobox,extra
geocod,extra
geocpset,extra
geod,extra
geodump,extra
geogebra,extra
geogram_demo_Application,extra
geogram_demo_CSG,extra
geogram_demo_Delaunay2d,extra
geogram_demo_Delaunay3d,extra
geogram_demo_Evert,extra
geogram_demo_GLUP,extra
geogram_demo_Picking,extra
geogram_demo_Raytrace,extra
geogram_demo_SimpleApp,extra
geoiplookup,extra
geoiplookup6,extra
geoipsets,extra
geoipupdate,extra
geom-outlining-130,extra
geom-outlining-13032,multilib
geom-outlining-150,extra
geom-outlining-15032,multilib
geom-sprites,extra
geom-sprites32,multilib
geom-stipple-lines,extra
geom-stipple-lines32,multilib
geom-wide-lines,extra
geom-wide-lines32,multilib
geometry_to_wkb,extra
geonkick,extra
geos-config,extra
geoshade,extra
geosop,extra
geotag,extra
geotifcp,extra
geqn,core
gerbera,extra
gerbview,extra
gersemi,extra
ges-launch-1.0,extra
get-drbl-conf-param,extra
get-edid,extra
get-latest-ocs-live-ver,extra
get-oui,extra
get-versions,core
getArch.py,extra
getPac.py,extra
getST.py,extra
getTGT.py,extra
get_cyclictest_snapshot,extra
get_gprof,extra
get_objgraph,extra
get_sloc,extra
get_sloc_details,extra
getc_putc,extra
getc_putc_helper,extra
getcap,core
getcifsacl,extra
getconf,core
getdefs,extra
getdns_query,extra
getdns_server_mon,extra
getdpi,extra
getent,core
getent.ldap,extra
getfacl,core
getfattr,core
geth,extra
gethostip,core
gethostlatency,extra
geticonset,extra
getino,core
getkeycodes,core
getlist,extra
getmapdl,extra
getopt,core
getpcaps,core
getscu,extra
getstyle,extra
getsubids,core
getsysinfo,extra
gettext,core
gettext.sh,core
gettextize,core
getunimap,core
getwordfreq,extra
gf_attach,extra
gfan,extra
gfan_bases,extra
gfan_buchberger,extra
gfan_combinerays,extra
gfan_doesidealcontain,extra
gfan_fancommonrefinement,extra
gfan_fanhomology,extra
gfan_fanisbalanced,extra
gfan_fanlink,extra
gfan_fanproduct,extra
gfan_fansubfan,extra
gfan_genericlinearchange,extra
gfan_groebnercone,extra
gfan_groebnerfan,extra
gfan_homogeneityspace,extra
gfan_homogenize,extra
gfan_initialforms,extra
gfan_interactive,extra
gfan_ismarkedgroebnerbasis,extra
gfan_krulldimension,extra
gfan_latticeideal,extra
gfan_leadingterms,extra
gfan_list,extra
gfan_markpolynomialset,extra
gfan_minkowskisum,extra
gfan_minors,extra
gfan_mixedvolume,extra
gfan_overintegers,extra
gfan_padic,extra
gfan_polynomialsetunion,extra
gfan_render,extra
gfan_renderstaircase,extra
gfan_resultantfan,extra
gfan_saturation,extra
gfan_secondaryfan,extra
gfan_stats,extra
gfan_substitute,extra
gfan_symmetries,extra
gfan_tolatex,extra
gfan_topolyhedralfan,extra
gfan_tropicalbasis,extra
gfan_tropicalbruteforce,extra
gfan_tropicalcurve,extra
gfan_tropicalevaluation,extra
gfan_tropicalfunction,extra
gfan_tropicalhypersurface,extra
gfan_tropicalintersection,extra
gfan_tropicallifting,extra
gfan_tropicallinearspace,extra
gfan_tropicalmultiplicity,extra
gfan_tropicalprevariety,extra
gfan_tropicalrank,extra
gfan_tropicalstartingcone,extra
gfan_tropicaltraverse,extra
gfan_tropicalweildivisor,extra
gfan_version,extra
gfcombine,extra
gfeeds,extra
gfind_missing_files,extra
gflags2man.py,extra
gflags_completions.sh,extra
gfold,extra
gfortran,core
gfortran-15,extra
gfsplit,extra
gftodvi,extra
gftopk,extra
gftype,extra
gg,extra
gh,extra
ghb,extra
ghc,extra
ghc-9.6.6,extra
ghc-pkg,extra
ghc-pkg-9.6.6,extra
ghci,extra
ghci-9.6.6,extra
ghcide,extra
ghcide-test-preprocessor,extra
gherkin,extra
gherkin-ruby,extra
ghex,extra
ghidra,extra
ghidra-analyzeHeadless,extra
ghostscript,extra
ghostty,extra
ghostwriter,extra
ghp-import,extra
ghq,extra
gi-compile-repository,core
gi-decompile-typelib,core
gi-docgen,extra
gi-inspect-typelib,core
giac,extra
gidmigrator,extra
gids-tool,extra
gie,extra
gif2dbl,extra
gif2mask,extra
gif2png,extra
gif2webp,extra
gifbuild,extra
gifclrmp,extra
gifdiff,extra
giffix,extra
gifsicle,extra
gifski,extra
giftext,extra
giftogd2,extra
giftool,extra
giftopnm,extra
gifview,extra
gig2mono,extra
gig2stereo,extra
gigdump,extra
gigedit,extra
gigextract,extra
giggle,extra
gigmerge,extra
gigolo,extra
gimagereader-gtk,extra
gimagereader-qt6,extra
gimp,extra
gimp-3,extra
gimp-3.2,extra
gimp-console,extra
gimp-console-3,extra
gimp-console-3.2,extra
gimp-debug-tool,extra
gimp-debug-tool-3,extra
gimp-debug-tool-3.2,extra
gimp-script-fu-interpreter-3.0,extra
gimp-test-clipboard,extra
gimp-test-clipboard-3,extra
gimp-test-clipboard-3.2,extra
gimptool,extra
gimptool-3,extra
gimptool-3.2,extra
ginsh,extra
gio,core
gio-querymodules,core
gio-querymodules-32,multilib
gist,extra
git,extra
git-absorb,extra
git-annex,extra
git-annex-shell,extra
git-branchless,extra
git-bug,extra
git-cinnabar,extra
git-clang-format,extra
git-cliff,extra
git-credential-gopass,extra
git-credential-oauth,extra
git-crypt,extra
git-cvsserver,extra
git-evtag,extra
git-filter-repo,extra
git-grab,extra
git-graph,extra
git-latexdiff,extra
git-lfs,extra
git-nbdiffdriver,extra
git-nbdifftool,extra
git-nbmergedriver,extra
git-nbmergetool,extra
git-receive-pack,extra
git-remote-annex,extra
git-remote-bzr,extra
git-remote-hg,extra
git-remote-p2p-annex,extra
git-remote-rad,extra
git-remote-tor-annex,extra
git-repair,extra
git-revise,extra
git-shell,extra
git-sizer,extra
git-smash,extra
git-town,extra
git-upload-archive,extra
git-upload-pack,extra
git-warp-time,extra
git2,extra
gitaly,extra
gitaly-backup,extra
gitaly-blackbox,extra
gitaly-debug,extra
gitaly-git-http-backend-master,extra
gitaly-git-http-backend-mvcc,extra
gitaly-git-http-backend-prev,extra
gitaly-git-master,extra
gitaly-git-mvcc,extra
gitaly-git-prev,extra
gitaly-git-remote-http-master,extra
gitaly-git-remote-http-mvcc,extra
gitaly-git-remote-http-prev,extra
gitaly-wrapper,extra
gitdiff,extra
gitdiffview,extra
gitea,extra
gitea-runner,extra
gitea2hashcat.py,extra
gitfourchette,extra
gitfourchette-askpass,extra
gitfourchette-mount,extra
gitg,extra
gitit,extra
gitk,extra
gitlab,extra
gitlab-ci-ls,extra
gitlab-container-registry,extra
gitlab-exporter,extra
gitlab-pages,extra
gitlab-runner,extra
gitlab-workhorse,extra
gitlab-zip-cat,extra
gitlab-zip-metadata,extra
gitlabber,extra
gitleaks,extra
gitlogue,extra
gitolite,extra
gitprompt-rs,extra
gitshow,extra
gitshowview,extra
gitsign,extra
gitu,extra
gitui,extra
givaro-config,extra
gix,extra
gjs,extra
gjs-console,extra
gkbd-keyboard-display,extra
glBars,extra
glab,extra
glabels-3,extra
glabels-3-batch,extra
glacier-calc,extra
glacier2router,extra
glad,extra
glade,extra
glade-previewer,extra
glance,extra
glances,extra
glaxnimate,extra
glbinding-glcontexts,extra
glbinding-glescontexts,extra
glbinding-glfunctions,extra
glbinding-glinfo,extra
glbinding-glisdeprecated,extra
glbinding-glmeta,extra
glbinding-glqueries,extra
gleam,extra
glewinfo,extra
glib-compile-resources,core
glib-compile-schemas,core
glib-genmarshal,core
glib-gettextize,core
glib-mkenums,core
glide,extra
glider,extra
glilypond,core
glim,extra
glinfo,extra
glinfo32,multilib
glirc,extra
glmark2,extra
glmark2-drm,extra
glmark2-egl,extra
glmark2-es2,extra
glmark2-es2-drm,extra
glmark2-es2-wayland,extra
glmark2-wayland,extra
glob2,extra
global,extra
globash,extra
gloobus-preview,extra
gloobus-preview-configuration,extra
gloobus-sushi,extra
gloox-config,extra
gloss,extra
gloss32,multilib
glow,extra
glpsol,extra
glpuzzle,extra
glreadtest,extra
glretrace,extra
glsl-pprint,extra
glslang,extra
glslangValidator,extra
glslc,extra
glsync,extra
glsync32,multilib
gltestperf,extra
gltestperf32,multilib
glthreads,extra
glthreads32,multilib
gltrim,extra
glulxe-term,extra
gluster,extra
gluster-eventsapi,extra
gluster-georep-sshkey,extra
gluster-mountbroker,extra
gluster-setgfid2path,extra
glusterd,extra
glustereventsd,extra
glusterfind,extra
glusterfs,extra
glusterfsd,extra
glxcontexts,extra
glxcontexts32,multilib
glxdemo,extra
glxdemo32,multilib
glxgears,extra
glxgears32,multilib
glxgears_fbconfig,extra
glxgears_fbconfig32,multilib
glxgears_pixmap,extra
glxgears_pixmap32,multilib
glxheads,extra
glxheads32,multilib
glxinfo,extra
glxinfo32,multilib
glxpbdemo,extra
glxpbdemo32,multilib
glxpixmap,extra
glxpixmap32,multilib
glxsnoop,extra
glxsnoop32,multilib
glxspheres32,multilib
glxspheres64,extra
glxswapcontrol,extra
glxswapcontrol32,multilib
glycin-thumbnailer,extra
glyrc,extra
gm,extra
gm-display-panel-preview,extra
gm-display-panel-run-phosh,extra
gm-timeout,extra
gm2,core
gmap,extra
gmenudbusmenuproxy,extra
gmic,extra
gmic_qt,extra
gmk_hy,extra
gmk_m2,extra
gmk_m3,extra
gmk_msh,extra
gmk_ub2,extra
gml2gv,extra
gmni,extra
gmnlm,extra
gmt,extra
gmt-config,extra
gmt_shell_functions.sh,extra
gmt_update,extra
gmtp,extra
gmtst,extra
gmtswitch,extra
gn,extra
gnac,extra
gnat,core
gnatbind,core
gnatchop,core
gnatclean,core
gnatgcc,core
gnatkr,core
gnatlink,core
gnatls,core
gnatmake,core
gnatname,core
gnatprep,core
gnc-fq-update,extra
gnmanalyse,extra
gnmmanage,extra
gnome-2048,extra
gnome-appfolders-manager,extra
gnome-autogen.sh,extra
gnome-boxes,extra
gnome-break-timer-daemon,extra
gnome-break-timer-settings,extra
gnome-browser-connector,extra
gnome-browser-connector-host,extra
gnome-builder,extra
gnome-calculator,extra
gnome-calendar,extra
gnome-calls,extra
gnome-characters,extra
gnome-chess,extra
gnome-clocks,extra
gnome-commander,extra
gnome-connections,extra
gnome-contacts,extra
gnome-control-center,extra
gnome-dictionary,extra
gnome-disk-image-mounter,extra
gnome-disks,extra
gnome-epub-thumbnailer,extra
gnome-extensions,extra
gnome-extensions-app,extra
gnome-firmware,extra
gnome-flashback,extra
gnome-font-viewer,extra
gnome-games,extra
gnome-genius,extra
gnome-help,extra
gnome-info-collect,extra
gnome-keyring,extra
gnome-keyring-3,extra
gnome-keyring-daemon,extra
gnome-keysign,extra
gnome-keysign-sign-key,extra
gnome-keysign-split-uids,extra
gnome-klotski,extra
gnome-logs,extra
gnome-mahjongg,extra
gnome-maps,extra
gnome-mines,extra
gnome-mobi-thumbnailer,extra
gnome-mplayer,extra
gnome-multi-writer,extra
gnome-music,extra
gnome-nettool,extra
gnome-nibbles,extra
gnome-online-accounts-gtk,extra
gnome-panel,extra
gnome-panel-control,extra
gnome-photos,extra
gnome-pie,extra
gnome-podcasts,extra
gnome-power-statistics,extra
gnome-recipes,extra
gnome-robots,extra
gnome-screenshot,extra
gnome-service-client,extra
gnome-session,extra
gnome-session-inhibit,extra
gnome-session-quit,extra
gnome-shell,extra
gnome-shell-extension-tool,extra
gnome-shell-test-tool,extra
gnome-software,extra
gnome-sound-recorder,extra
gnome-subtitles,extra
gnome-sudoku,extra
gnome-system-monitor,extra
gnome-taquin,extra
gnome-terminal,extra
gnome-tetravex,extra
gnome-tetravex-cli,extra
gnome-text-editor,extra
gnome-thumbnail-font,extra
gnome-tour,extra
gnome-tweaks,extra
gnome-unstable-x86_64-build,extra
gnome-unstablepkg,extra
gnome-usage,extra
gnome-weather,extra
gnomon,extra
gnote,extra
gnu-mail,extra
gnubiff,extra
gnucash,extra
gnucash-cli,extra
gnuchess,extra
gnuchessu,extra
gnuchessx,extra
gnugo,extra
gnujump,extra
gnumeric,extra
gnumeric-1.12.61,extra
gnupg-key-manage,core
gnuplot,extra
gnuplot_qt,extra
gnuplot_x11,extra
gnuradio-companion,extra
gnuradio-config-info,extra
gnustep-config,extra
gnustep-tests,extra
gnutls-cli,core
gnutls-cli-debug,core
gnutls-serv,core
go,core;extra
go-contrib-init,extra
go-licenses,extra
go-md2man,extra
go-task,extra
goaccess,extra
goattracker,extra
goaurrpc,extra
gob_loadcalc,extra
gobby-0.5,extra
gobject-query,core
gobuster,extra
gocode,extra
gocryptfs,extra
gocryptfs-xray,extra
godex,extra
godot,extra
godot-mono,extra
gofish,extra
gofmt,core;extra
gofumpt,extra
gogglesmm,extra
goid-tool,extra
goimapnotify,extra
goimports,extra
gojson2subunit,extra
golangci-lint,extra
golangide,extra
goldenPac.py,extra
gomoku,extra
gomuks,extra
gomvpkg,extra
goobox,extra
google-authenticator,extra
google-oauthlib-tool,extra
gopass,extra
gopass-hibp,extra
gopass-jsonapi,extra
gopass-summon-provider,extra
gopls,extra
gopsuinfo,extra
goptestgo,extra
gord,extra
goreleaser,extra
gosop,extra
gost,extra
gost12-256-hash,extra
gost12-512-hash,extra
gotools,extra
gotosocial,extra
gotraceui,extra
gotst,extra
gotype,extra
gouldtoppm,extra
gource,extra
gout,extra
goverlay,extra
govulncheck,extra
gox,extra
goxel,extra
goyacc,extra
gozilla,extra
gp,extra
gp-2.17,extra
gp-archive,core
gp-collect-app,core
gp-display-html,core
gp-display-src,core
gp-display-text,core
gpac,extra
gpart,extra
gpart_scotch,extra
gparted,extra
gpasm,extra
gpasswd,core
gpaste-client,extra
gpauth,extra
gpclient,extra
gpdasm,extra
gperf,extra
gperl,core
gpg,core
gpg-agent,core
gpg-card,core
gpg-connect-agent,core
gpg-error,core
gpg-key2latex,extra
gpg-key2ps,extra
gpg-mail-tube,core
gpg-mailkeys,extra
gpg-sq,extra
gpg-tui,extra
gpg-wks-client,core
gpg-wks-server,core
gpg2,core
gpg2john,extra
gpgconf,core
gpgdir,extra
gpglist,extra
gpgme-json,core
gpgme-tool,core
gpgparsemail,core
gpgparticipants,extra
gpgparticipants-prefill,extra
gpgrt-config,core
gpgscm,core
gpgsigs,extra
gpgsm,core
gpgsplit,core
gpgtar,core
gpgui-helper,extra
gpgv,core
gpgv-sq,extra
gpgv2,core
gpgwrap,extra
gphelp,extra
gphoto2,extra
gphoto2-config,extra
gpick,extra
gpicview,extra
gping,extra
gpinyin,core
gpiodetect,extra
gpioget,extra
gpioinfo,extra
gpiomon,extra
gpionotify,extra
gpioset,extra
gpk-application,extra
gpk-log,extra
gpk-prefs,extra
gpk-update-viewer,extra
gplib,extra
gplink,extra
gplprog.pt,extra
gplunit.pt,extra
gpm,core
gpm-root,core
gpo,extra
gpodder,extra
gpodder-migrate2tres,extra
gprename,extra
gprof,core
gprofng,core
gprofng-archive,core
gprofng-collect-app,core
gprofng-display-html,core
gprofng-display-src,core
gprofng-display-text,core
gprofng-gmon,core
gps2udp,extra
gpsbabel,extra
gpsbabelfe,extra
gpscat,extra
gpscorrelate,extra
gpscorrelate-gui,extra
gpscsv,extra
gpsctl,extra
gpsd,extra
gpsdctl,extra
gpsdebuginfo,extra
gpsdecode,extra
gpservice,extra
gpsfake,extra
gpsim,extra
gpsinit,extra
gpslogntp,extra
gpsmon,extra
gpspipe,extra
gpsplot,extra
gpsprof,extra
gpsprune,extra
gpsrinex,extra
gpssnmp,extra
gpssubframe,extra
gpstrip,extra
gpu-screen-recorder,extra
gpu-viewer,extra
gputop,extra
gpvc,extra
gpvo,extra
gpxinfo,extra
gpxlogger,extra
gpxsee,extra
gqrx,extra
gr-ctrlport-monitor,extra
gr-perf-monitorx,extra
gr2fonttest,extra
gr_filter_design,extra
gr_modtool,extra
gr_plot,extra
gr_plot_const,extra
gr_plot_fft,extra
gr_plot_iq,extra
gr_plot_psd,extra
gr_plot_qt,extra
gr_read_file_metadata,extra
grab_vcsa,extra
grabber,extra
gracket,extra
gracket-text,extra
gradia,extra
gradle,extra
grafana,extra
grafana-agent,extra
grafana-agentctl,extra
grafana-alloy,extra
graft,extra
grafx2,extra
gram,extra
grammalecte-cli,extra
grammalecte-server,extra
gramps,extra
granatier,extra
granite-7-demo,extra
granite-demo,extra
grantlee_strings_extractor.py,extra
grap2graph,core
grape,extra
graph,extra
graphml2gv,extra
graphql-client,extra
graphs,extra
graphtoprob,extra
graver,extra
grc,extra
grcat,extra
grcc,extra
grcov,extra
grdctl,extra
greet,extra
greetd,extra
greflector,extra
gregorio,extra
grep,core
grep.tdf,extra
grep6.pl,extra
grepc,core
grepc_c,core
grepc_mk,core
grepdiff,extra
grephistory,extra
grepjar,extra
grepmidi,extra
greposcope,extra
gresource,core
grex,extra
greytiff,extra
griffe,extra
griffecli,extra
griffith,extra
grim,extra
grim_animb2txt,extra
grim_bm2bmp,extra
grim_cosb2cos,extra
grim_delua,extra
grim_diffr,extra
grim_imc2wav,extra
grim_int2flt,extra
grim_luac,extra
grim_meshb2obj,extra
grim_mklab,extra
grim_patchex,extra
grim_patchr,extra
grim_set2fig,extra
grim_setb2set,extra
grim_sklb2txt,extra
grim_til2bmp,extra
grim_unlab,extra
grim_vima,extra
grimpicker,extra
grimshot,extra
grl-inspect-0.3,extra
grl-launch-0.3,extra
grn,core
grobi,extra
grodvi,core
groebner,extra
groff,core
grog,core
grolbp,core
grolj4,core
gron,extra
groovy,extra
groovy.ico,extra
groovyConsole,extra
groovyc,extra
groovydoc,extra
groovysh,extra
gropdf,core
grops,core
grotty,core
groupadd,core
groupdel,core
groupmod,core
groups,core
growisofs,extra
growpart,extra
grpc_cli,extra
grpc_cpp_plugin,extra
grpc_csharp_plugin,extra
grpc_node_plugin,extra
grpc_objective_c_plugin,extra
grpc_php_plugin,extra
grpc_python_plugin,extra
grpc_ruby_plugin,extra
grpck,core
grpconv,core
grpunconv,core
grsync,extra
grsync-batch,extra
grub-bios-setup,core
grub-btrfsd,extra
grub-editenv,core
grub-file,core
grub-fstest,core
grub-glue-efi,core
grub-install,core
grub-kbdcomp,core
grub-macbless,core
grub-menulst2cfg,core
grub-mkconfig,core
grub-mkfont,core
grub-mkimage,core
grub-mklayout,core
grub-mknetdir,core
grub-mkpasswd-pbkdf2,core
grub-mkrelpath,core
grub-mkrescue,core
grub-mkstandalone,core
grub-mount,core
grub-ofpathname,core
grub-probe,core
grub-protect,core
grub-reboot,core
grub-render-label,core
grub-script-check,core
grub-set-default,core
grub-sparc64-setup,core
grub-syslinux2cfg,core
grun,extra
grunt,extra
gs,extra
gs-mount,extra
gs-netcat,extra
gs-sftp,extra
gsa,extra
gsasl,extra
gsbj,extra
gscan2pdf,extra
gscat,extra
gscriptor,extra
gsdj,extra
gsdj500,extra
gsettings,core
gsf,extra
gsf-office-thumbnailer,extra
gsf-vba-dump,extra
gsftopk,extra
gsh,extra
gsimplecal,extra
gsl-config,extra
gsl-histogram,extra
gsl-randist,extra
gslj,extra
gslp,extra
gsmartcontrol,extra
gsmartcontrol-root,extra
gsmartcontrol_polkit,extra
gsnd,extra
gsocket,extra
gsound,extra
gsound-play,extra
gspath,extra
gspell-app1,extra
gsr-cli,extra
gsr-game-tracker,extra
gsr-global-hotkeys,extra
gsr-gnome-helper,extra
gsr-kms-server,extra
gsr-kwin-helper,extra
gsr-notify,extra
gsr-ui,extra
gsr-ui-cli,extra
gsr-wayland-bridge,extra
gsraytrace,extra
gsraytrace32,multilib
gss-client,core
gss-server,core
gssdp-device-sniffer,extra
gssdp-discover,extra
gssproxy,core
gst-audio-thumbnailer,extra
gst-debug-viewer,extra
gst-device-monitor-1.0,extra
gst-discoverer-1.0,extra
gst-dots-viewer,extra
gst-inspect-1.0,extra
gst-launch-1.0,extra
gst-play-1.0,extra
gst-stats-1.0,extra
gst-tester-1.0,extra
gst-transcoder-1.0,extra
gst-typefind-1.0,extra
gst-validate-1.0,extra
gst-validate-images-check-1.0,extra
gst-validate-launcher,extra
gst-validate-media-check-1.0,extra
gst-validate-rtsp-server-1.0,extra
gst-validate-transcoding-1.0,extra
gst-video-thumbnailer,extra
gst-webrtc-signalling-server,extra
gstack,extra
gsx,extra
gt2reloc,extra
gtab-db-gen,extra
gtab-merge,extra
gtags,extra
gtags-cscope,extra
gtbl,core
gtester,core
gtester-report,core
gtf,extra
gthumb,extra
gtk-builder-tool,extra
gtk-encode-symbolic-svg,extra
gtk-launch,extra
gtk-lshw,extra
gtk-query-immodules-3.0,extra
gtk-query-immodules-3.0-32,multilib
gtk-query-settings,extra
gtk-sni-tray-standalone,extra
gtk-update-icon-cache,extra
gtk2hsC2hs,extra
gtk2hsHookGenerator,extra
gtk2hsTypeGen,extra
gtk3-demo,extra
gtk3-demo-application,extra
gtk3-icon-browser,extra
gtk3-widget-factory,extra
gtk4-broadwayd,extra
gtk4-builder-tool,extra
gtk4-demo,extra
gtk4-demo-application,extra
gtk4-encode-symbolic-svg,extra
gtk4-icon-editor,extra
gtk4-image-tool,extra
gtk4-launch,extra
gtk4-layer-demo,extra
gtk4-node-editor,extra
gtk4-path-tool,extra
gtk4-print-editor,extra
gtk4-query-settings,extra
gtk4-rendernode-tool,extra
gtk4-update-icon-cache,extra
gtk4-widget-factory,extra
gtkdoc-check,extra
gtkdoc-depscan,extra
gtkdoc-fixxref,extra
gtkdoc-mkdb,extra
gtkdoc-mkhtml,extra
gtkdoc-mkhtml2,extra
gtkdoc-mkman,extra
gtkdoc-mkpdf,extra
gtkdoc-rebase,extra
gtkdoc-scan,extra
gtkdoc-scangobj,extra
gtkdocize,extra
gtkgreet,extra
gtklock,extra
gtkwave,extra
gtlssh,extra
gtlssh-keygen,extra
gtlsshd,extra
gtlssync,extra
gtop,extra
gtranslator,extra
gts-config,extra
gts2dxf,extra
gts2oogl,extra
gts2stl,extra
gts2xyz,extra
gtscheck,extra
gtscompare,extra
gtst,extra
gtstemplate,extra
gtts-cli,extra
guake,extra
guake-toggle,extra
guards,extra
gucharmap,extra
guessit,extra
guestfish,extra
guestmount,extra
guestunmount,extra
guetzli,extra
gufw,extra
gufw-pkexec,extra
guiconfig,extra
guidellm2pcp,extra
guild,core
guild2.2,extra
guile,core
guile-config,core
guile-config2.2,extra
guile-snarf,core
guile-snarf2.2,extra
guile-tools,core
guile-tools2.2,extra
guile2.2,extra
guitarix,extra
gulp,extra
gum,extra
gummi,extra
gunicorn,extra
gunicorn_pecan,extra
gunicornc,extra
gunzip,core
gupnp-av-cp,extra
gupnp-binding-tool-1.6,extra
gupnp-dlna-info-2.0,extra
gupnp-dlna-ls-profiles-2.0,extra
gupnp-event-dumper,extra
gupnp-network-light,extra
gupnp-universal-cp,extra
gupnp-upload,extra
gurk,extra
gusbcmd,extra
guvcview,extra
guvcview-qt,extra
gv2gml,extra
gv2gxl,extra
gvcolor,extra
gvedit,extra
gvgen,extra
gvhdl,extra
gview,extra
gvim,extra
gvimdiff,extra
gvimtutor,extra
gvmap,extra
gvmap.sh,extra
gvnccapture,extra
gvncviewer,extra
gvpack,extra
gvpr,extra
gwakeonlan,extra
gwbuild,extra
gwenhywfar-config,extra
gwenview,extra
gwenview_importer,extra
gws,extra
gxditview,core
gxkb,extra
gxl2dot,extra
gxl2gv,extra
gxmessage,extra
gyp,extra
gzexe,core
gzip,core
h1bsd,extra
h1bsdcurisog,extra
h1clist,extra
h1curve,extra
h1first,extra
h264dec,extra
h264enc,extra
h264encode,extra
h2benchmark,extra
h2cli,extra
h2pas,extra
h2paspp,extra
h2player,extra
h2root,extra
h5c++,extra
h5cc,extra
h5clear,extra
h5copy,extra
h5debug,extra
h5delete,extra
h5diff,extra
h5dump,extra
h5fc,extra
h5format_convert,extra
h5import,extra
h5jam,extra
h5ls,extra
h5mkgrp,extra
h5pcc,extra
h5perf,extra
h5perf_serial,extra
h5pfc,extra
h5repack,extra
h5repart,extra
h5stat,extra
h5unjam,extra
h5watch,extra
hacha,extra
hachoir-grep,extra
hachoir-metadata,extra
hachoir-strip,extra
hachoir-urwid,extra
hachoir-wx,extra
hackbench,extra
hackrf_biast,extra
hackrf_clock,extra
hackrf_cpldjtag,extra
hackrf_debug,extra
hackrf_info,extra
hackrf_operacake,extra
hackrf_spiflash,extra
hackrf_sweep,extra
hackrf_transfer,extra
hacksaw,extra
hadd,extra
haddock,extra
haddock-ghc-9.6.6,extra
hadrian,extra
hakyll-init,extra
half_mt,extra
halibut,extra
halloy,extra
halog,extra
halp,extra
halt,core
hamheuristic,extra
haml,extra
hamster,extra
hana,extra
handlr,extra
handy-1-demo,extra
hangman,extra
hangul,extra
happrox,extra
happy,extra
haproxy,extra
haproxy-dump-certs,extra
haproxy-reload,extra
hardinfo2,extra
hardirqs,extra
hardlink,core
hare,extra
harec,extra
haredoc,extra
harper-cli,extra
harper-ls,extra
haruna,extra
harvid,extra
has160-hash,extra
hasciidoc,extra
hash-to-efi-sig-list,extra
hash_password,extra
hashcat,extra
hashomatic,extra
hashstats,extra
haskell-ci,extra
haskell-language-server,extra
haskell-language-server-wrapper,extra
haskell-mustache,extra
haskell_count,extra
hasktags,extra
hasql-notifications,extra
hatari,extra
hatari-prg-args,extra
hatch,extra
hatch-fancy-pypi-readme,extra
hatch-jupyter-builder,extra
hatchling,extra
haveged,extra
havn,extra
hawkeye,extra
hawkmoth,extra
haxe,extra
haxelib,extra
hazelnut,extra
hazelnutd,extra
hb-gpu,extra
hb-info,extra
hb-raster,extra
hb-shape,extra
hb-subset,extra
hb-vector,extra
hb-view,extra
hbf2gf,extra
hblock,extra
hccap2john,extra
hccapx2john,extra
hciattach,extra
hciconfig,extra
hcieventmask,extra
hcisecfilter,extra
hcitool,extra
hck,extra
hcloud,extra
hcltool,extra
hcstat2gen,extra
hcstatgen,extra
hcxdumptool,extra
hcxeiutool,extra
hcxhash2cap,extra
hcxhashtool,extra
hcxnmealog,extra
hcxpcapngtool,extra
hcxpmktool,extra
hcxpottool,extra
hcxpsktool,extra
hcxwltool,extra
hdGenSchema,extra
hda-verb,extra
hdajackretask,extra
hdajacksensetest,extra
hdapsd,extra
hdav,extra
hddtemp,extra
hdf2adf,extra
hdifftopam,extra
hdparm,core
hdr10plus_tool,extra
hdrcalibrator,extra
hdspconf,extra
hdsploader,extra
hdspmixer,extra
head,core
headerthemeeditor,extra
headscale,extra
headsetcontrol,extra
health,extra
healthd,extra
heaptrack,extra
heaptrack_gui,extra
heaptrack_print,extra
heat,extra
hedgewars,extra
hedgewars-server,extra
hediag,extra
hefurctl,extra
hefurd,extra
heh,extra
heic-install,extra
heic2stw,extra
heif-convert,extra
heif-dec,extra
heif-enc,extra
heif-info,extra
heif-view,extra
heimdall,extra
heimdall-frontend,extra
helix,extra
helix2solv,extra
hello_xr,extra
helm,extra
helm-operator,extra
helmfile,extra
help2man,extra
helpdev,extra
helpviewer,extra
helvum,extra
herbstclient,extra
herbstluftwm,extra
heretek,extra
hersheydemo,extra
het_export,extra
het_import,extra
hetro,extra
hevc_fei_extractor,extra
hevcencode,extra
hevea,extra
hevea2mml,extra
hex2bin.py,extra
hex2dump.py,extra
hex2hcd,extra
hexdiff.py,extra
hexdump,core
hexedit,extra
hexer,extra
hexinfo.py,extra
hexmerge.py,extra
hexpatch,extra
hextoraw,extra
hexyl,extra
hf,extra
hfind,extra
hg,extra
hg-nbdiff,extra
hg-nbdiffweb,extra
hg-nbmerge,extra
hg-nbmergeweb,extra
hg-ssh,extra
hgk,extra
hgold,extra
hhp,extra
hid-decode,extra
hid-feature,extra
hid-recorder,extra
hid-replay,extra
hid2hci,extra
hie-bios,extra
hiedb,extra
hieroglyphic,extra
highlight,extra
highlight-gui,extra
highs,extra
hilatex,extra
hilbert,extra
hilbert-from-rays,extra
hilbert-from-rays-symm,extra
himalaya,extra
hindent,extra
hipcc,extra
hipcc_cmake_linker_helper,extra
hipconfig,extra
hipdemangleatp,extra
hipstopgm,extra
hishrink,extra
hist2workspace,extra
histretch,extra
hitex,extra
hitori,extra
hivexget,extra
hivexml,extra
hivexregedit,extra
hivexsh,extra
hjsmin,extra
hjson,extra
hkt,extra
hl,extra
hledger,extra
hledger-iadd,extra
hledger-ui,extra
hledger-web,extra
hlint,extra
hltest,core
hm-parcatHighBitDepthStatic,extra
hm-parcatStatic,extra
hmac256,core
hmanage,extra
hmaptool,extra
hmsa,extra
hocon,extra
hokey,extra
homebank,extra
homectl,core
hoogle,extra
hop,extra
host,extra
host-efi-vars,extra
hostapd,extra
hostapd_cli,extra
hostess,extra
hostid,core
hostname,core
hostnamectl,core
hot,extra
hotdoc,extra
hotdoc_dep_printer,extra
hotshot2calltree,extra
hound,extra
houndd,extra
hp-align,extra
hp-check,extra
hp-clean,extra
hp-colorcal,extra
hp-config_usb_printer,extra
hp-devicesettings,extra
hp-diagnose_plugin,extra
hp-diagnose_queues,extra
hp-doctor,extra
hp-fab,extra
hp-faxsetup,extra
hp-firmware,extra
hp-info,extra
hp-levels,extra
hp-linefeedcal,extra
hp-logcapture,extra
hp-makecopies,extra
hp-makeuri,extra
hp-pkservice,extra
hp-plugin,extra
hp-pqdiag,extra
hp-print,extra
hp-printsettings,extra
hp-probe,extra
hp-query,extra
hp-scan,extra
hp-sendfax,extra
hp-setup,extra
hp-systray,extra
hp-testpage,extra
hp-timedate,extra
hp-toolbox,extra
hp-uiscan,extra
hp-uninstall,extra
hp-unload,extra
hp-upgrade,extra
hp-wificonfig,extra
hp2ps,extra
hp2ps-ghc-9.6.6,extra
hpack,extra
hpc,extra
hpc-ghc-9.6.6,extra
hpcdtoppm,extra
hpftodit,core
hping,extra
hping2,extra
hping3,extra
hq,extra
hs-pager-test-pager,extra
hs-sha256sum,extra
hsc2hs,extra
hsc2hs-ghc-9.6.6,extra
hsetroot,extra
hslock,extra
hslua,extra
hspec-discover,extra
hspec-meta-discover,extra
hspell,extra
hspell-i,extra
hsr-outputs,extra
hss,extra
ht,extra
htags,extra
htags-server,extra
htc,extra
htcacheclean,extra
htdbm,extra
htdigest,extra
htdigest2john,extra
htfpp,extra
htlatex,extra
htmex,extra
html2article,extra
html2po,extra
html2text,extra
htmlcxx,extra
htmldiff,extra
htmldoc,extra
htmlq,extra
htop,extra
htpasswd,extra
hts,extra
htsserver,extra
httex,extra
httexi,extra
http,extra
httpbin,extra
httpcfg,extra
httpclient,extra
httpd,extra
httpie,extra
httping,extra
httplz,extra
https,extra
httpx,extra
httpx2,extra
httrack,extra
httxt2dbm,extra
htxelatex,extra
htxetex,extra
hub,extra
hugetop,core
huggingface-cli,extra
hugin,extra
hugin_executor,extra
hugin_hdrmerge,extra
hugin_lensdb,extra
hugin_stacker,extra
hugin_stitch_project,extra
hugin_toolbox,extra
hugo,extra
humanfriendly,extra
hunspell,extra
hunter-trace,extra
hunzip,extra
hurl,extra
hurlfmt,extra
hussh,extra
hut,extra
hv_fcopy_uio_daemon,extra
hv_kvp_daemon,extra
hv_vss_daemon,extra
hwclock,core
hwdb,extra
hwdetect,extra
hwengine,extra
hwinfo,extra
hwinfo2_fetch_sysdata,extra
hwlatdetect,extra
hwloc-annotate,extra
hwloc-bind,extra
hwloc-calc,extra
hwloc-compress-dir,extra
hwloc-diff,extra
hwloc-distrib,extra
hwloc-dump-hwdata,extra
hwloc-gather-cpuid,extra
hwloc-gather-topology,extra
hwloc-info,extra
hwloc-ls,extra
hwloc-patch,extra
hwloc-ps,extra
hwmixvolume,extra
hwsim,extra
hwstamp_ctl,extra
hx,extra
hxaddid,extra
hxcite,extra
hxcite-mkbib,extra
hxclean,extra
hxcopy,extra
hxcount,extra
hxextract,extra
hxincl,extra
hxindex,extra
hxmkbib,extra
hxmultitoc,extra
hxname2id,extra
hxnormalize,extra
hxnsxml,extra
hxnum,extra
hxpipe,extra
hxprintlinks,extra
hxprune,extra
hxput,extra
hxref,extra
hxremove,extra
hxsel,extra
hxselect,extra
hxtabletrans,extra
hxtoc,extra
hxuncdata,extra
hxunent,extra
hxunpipe,extra
hxunxmlns,extra
hxwls,extra
hxxmlns,extra
hy,extra
hy2py,extra
hyc,extra
hydra,extra
hydra-wizard.sh,extra
hydrogen,extra
hyfetch,extra
hypercorn,extra
hyperfine,extra
hypersimplex,extra
hyperxmp-add-bytecount,extra
hypnotix,extra
hypothesis,extra
hyprctl,extra
hyprcursor-util,extra
hypridle,extra
hyprland,extra
hyprland-dialog,extra
hyprland-donate-screen,extra
hyprland-run,extra
hyprland-share-picker,extra
hyprland-update-screen,extra
hyprland-welcome,extra
hyprlauncher,extra
hyprlock,extra
hyprpaper,extra
hyprpicker,extra
hyprpm,extra
hyprpwcenter,extra
hyprshot,extra
hyprshutdown,extra
hyprsunset,extra
hyprwayland-scanner,extra
hyprwire-scanner,extra
hzip,extra
i2c-stub-from-dump,extra
i2cdetect,extra
i2cdump,extra
i2cget,extra
i2cset,extra
i2ctransfer,extra
i2pd,extra
i3,extra
i3-config-wizard,extra
i3-dmenu-desktop,extra
i3-dump-log,extra
i3-input,extra
i3-migrate-config-to-v4,extra
i3-msg,extra
i3-nagbar,extra
i3-save-tree,extra
i3-sensible-editor,extra
i3-sensible-pager,extra
i3-sensible-terminal,extra
i3-with-shmlog,extra
i386,core
i3bar,extra
i3blocks,extra
i3lock,extra
i3status,extra
i3status-rs,extra
i686-pc-linux-gnu-pkg-config,core
i686-w64-mingw32-addr2line,extra
i686-w64-mingw32-ar,extra
i686-w64-mingw32-as,extra
i686-w64-mingw32-c++,extra
i686-w64-mingw32-c++filt,extra
i686-w64-mingw32-cc,extra
i686-w64-mingw32-cpp,extra
i686-w64-mingw32-dlltool,extra
i686-w64-mingw32-dllwrap,extra
i686-w64-mingw32-elfedit,extra
i686-w64-mingw32-g++,extra
i686-w64-mingw32-gcc,extra
i686-w64-mingw32-gcc-16.2.0,extra
i686-w64-mingw32-gcc-ar,extra
i686-w64-mingw32-gcc-nm,extra
i686-w64-mingw32-gcc-ranlib,extra
i686-w64-mingw32-gcov,extra
i686-w64-mingw32-gcov-dump,extra
i686-w64-mingw32-gcov-tool,extra
i686-w64-mingw32-gfortran,extra
i686-w64-mingw32-gnat,extra
i686-w64-mingw32-gnatbind,extra
i686-w64-mingw32-gnatchop,extra
i686-w64-mingw32-gnatclean,extra
i686-w64-mingw32-gnatkr,extra
i686-w64-mingw32-gnatlink,extra
i686-w64-mingw32-gnatls,extra
i686-w64-mingw32-gnatmake,extra
i686-w64-mingw32-gnatname,extra
i686-w64-mingw32-gnatprep,extra
i686-w64-mingw32-gprof,extra
i686-w64-mingw32-ld,extra
i686-w64-mingw32-ld.bfd,extra
i686-w64-mingw32-lto-dump,extra
i686-w64-mingw32-nm,extra
i686-w64-mingw32-objcopy,extra
i686-w64-mingw32-objdump,extra
i686-w64-mingw32-ranlib,extra
i686-w64-mingw32-readelf,extra
i686-w64-mingw32-size,extra
i686-w64-mingw32-strings,extra
i686-w64-mingw32-strip,extra
i686-w64-mingw32-windmc,extra
i686-w64-mingw32-windres,extra
i915-perf-configs,extra
i915-perf-control,extra
i915-perf-reader,extra
i915-perf-recorder,extra
ia,extra
iagno,extra
iaito,extra
iasecc-tool,extra
iasl,extra
ib_acme,extra
ibacm,extra
ibaddr,extra
ibanchk,extra
ibcacheedit,extra
ibccconfig,extra
ibccquery,extra
ibd2sdi,extra
ibeacon,extra
ibfindnodesusing.pl,extra
ibhosts,extra
ibidsverify.pl,extra
iblinkinfo,extra
ibmiscanner2john,extra
ibnetdiscover,extra
ibnodes,extra
ibping,extra
ibportstate,extra
ibqueryerrors,extra
ibroute,extra
ibrouters,extra
ibsrpdm,extra
ibstat,extra
ibstatus,extra
ibswitches,extra
ibsysstat,extra
ibtracert,extra
ibus,extra
ibus-daemon,extra
ibus-setup,extra
ibus-setup-hangul,extra
ibus-table-createdb,extra
ibv_asyncwatch,extra
ibv_devices,extra
ibv_devinfo,extra
ibv_rc_pingpong,extra
ibv_srq_pingpong,extra
ibv_uc_pingpong,extra
ibv_ud_pingpong,extra
ibv_xsrq_pingpong,extra
ical2po,extra
icalendar,extra
icas,extra
icat,extra
iccdump,extra
iccgamut,extra
icclu,extra
iccvcgt,extra
iceauth,extra
icebox,extra
icebox++11,extra
iceboxadmin,extra
icebridge,extra
icedax,extra
icegridadmin,extra
icegriddb,extra
icegridnode,extra
icegridregistry,extra
icehelp,extra
icepatch2calc,extra
icepatch2client,extra
icepatch2server,extra
icesh,extra
icesound,extra
icestormadmin,extra
icestormdb,extra
icewm,extra
icewm-menu-fdo,extra
icewm-menu-xrandr,extra
icewm-session,extra
icewm-set-gnomewm,extra
icewmbg,extra
icewmhint,extra
icmake,extra
icmbuild,extra
icmd,extra
icmodmap,extra
icmstart,extra
icns2png,extra
icoextract,extra
icolist,extra
icombine,extra
icon-library,extra
iconexplorer,extra
icontainer2icns,extra
icontopbm,extra
iconv,core
iconvconfig,core
iconvert,extra
icotool,extra
icp,extra
icpfind,extra
ics_diff,extra
icu-config,core
icu-config-32,multilib
icuexportdata,core
icuinfo,core
icupkg,core
id,core
id3convert,extra
id3cp,extra
id3info,extra
id3tag,extra
id3v2,extra
ida,extra
idea,extra
idectl,core
ident,extra
identify,extra
identify-cli,extra
identity,extra
identity-mesa,extra
identity32,multilib
idevice_id,extra
idevicebackup,extra
idevicebackup2,extra
idevicebtlogger,extra
idevicecrashreport,extra
idevicedate,extra
idevicedebug,extra
idevicedebugserverproxy,extra
idevicedevmodectl,extra
idevicediagnostics,extra
ideviceenterrecovery,extra
ideviceimagemounter,extra
ideviceinfo,extra
idevicename,extra
idevicenotificationproxy,extra
idevicepair,extra
ideviceprovision,extra
idevicescreenshot,extra
idevicesetlocation,extra
idevicesyslog,extra
idf2vrml,extra
idfcyl,extra
idfrect,extra
idiag-socket-details,core
idiff,extra
idl2wrs,extra
idle,core
idle3,core
idle3.14,core
idle3ctl,extra
idml2po,extra
idn,extra
idn2,core
idna,extra
idngram_merge,extra
idris,extra
idris-codegen-c,extra
idris-codegen-javascript,extra
idris-codegen-node,extra
ids2ngram,extra
iec16022,extra
iecset,extra
iex,extra
ifconfig,core
ifdata,extra
ifind,extra
ifnames,core
ifne,extra
ifplugd,extra
ifplugd-daemon,extra
ifplugstatus,extra
ifpps,extra
ifrename,extra
ifstat,core
iftop,extra
ifuse,extra
ig,extra
iga64,extra
igmpproxy,extra
igraph,extra
igrep,extra
igsc,extra
igt_comms_decoder,extra
igt_facts,extra
igt_power,extra
igt_results,extra
igt_resume,extra
igt_runner,extra
igt_stats,extra
igzip,extra
ihaskell,extra
iinfo,extra
iio_attr,extra
iio_genxml,extra
iio_info,extra
iio_readdev,extra
iio_reg,extra
iio_stresstest,extra
iio_writedev,extra
iiod,extra
iis2apache.pl,extra
ij,extra
ij_assembly,extra
ijoin,extra
ijq,extra
ijs-config,extra
ijs_client_example,extra
ijs_server_example,extra
ikdasm,extra
ikescan2john,extra
ikhal,extra
ilasm,extra
ilbc_test,extra
ilbmtoppm,extra
illinkanalyzer,extra
illuminanced,extra
illumread,extra
ilmid,extra
ilmidiag,extra
ils,extra
imagen,extra
imagetops,extra
imaginary,extra
imake,extra
imap4d,extra
imapfeed,extra
imapsync,extra
img2dcm,extra
img2pdf,extra
img2pdf-gui,extra
img2png,extra
img2py,extra
img2simg,extra
img2sixel,extra
img2srec,extra
img2txt,extra
img2webp,extra
img2xpm,extra
img_cat,extra
img_stat,extra
imgcmp,extra
imginfo,extra
imgtool,extra
imgtoppm,extra
imlib2_bumpmap,extra
imlib2_colorspace,extra
imlib2_conv,extra
imlib2_grab,extra
imlib2_load,extra
imlib2_poly,extra
imlib2_show,extra
imlib2_test,extra
imlib2_view,extra
immich-go,extra
imp2gbs,extra
imp2ld,extra
imp2vs,extra
impala,extra
implantisomd5,extra
implementation6,extra
implementation6d,extra
import,extra
import-ferm,extra
import_interpolation,extra
importctl,core
impression,extra
imv,extra
imv-dir,extra
imv-msg,extra
imv-wayland,extra
imv-x11,extra
imvirt,extra
imvirt-report,extra
imwheel,extra
in-toto-match-products,extra
in-toto-mock,extra
in-toto-record,extra
in-toto-run,extra
in-toto-sign,extra
in-toto-verify,extra
in.tftpd,extra
in2csv,extra
inchi-1,extra
inchi_main,extra
includemocs,extra
includeres,extra
incremental,extra
incrond,extra
incrontab,extra
incus,extra
incus-benchmark,extra
incus-migrate,extra
incus-simplestreams,extra
indent,extra
indep_test,extra
index,extra
index_usage,core
indi_Excalibur,extra
indi_aaf2_focus,extra
indi_aagsolo_weather,extra
indi_activefocuser_focus,extra
indi_alluna_tcs2,extra
indi_alpaca_ccd,extra
indi_alpaca_dome,extra
indi_alpaca_filterwheel,extra
indi_alpaca_focuser,extra
indi_alpaca_server,extra
indi_alpaca_telescope,extra
indi_alto,extra
indi_arduinost4,extra
indi_askar_waf_focus,extra
indi_astrolink4,extra
indi_astrolink4mini2,extra
indi_astromech_lpm,extra
indi_astromechfoc,extra
indi_astrometry,extra
indi_astrotrac_telescope,extra
indi_avalon_upas,extra
indi_baader_dome,extra
indi_camelot_rotator,extra
indi_celestron_dewpower,extra
indi_celestron_gps,extra
indi_celestron_sct_focus,extra
indi_cheapodc,extra
indi_crux_mount,extra
indi_ddw_dome,extra
indi_deepskydad_af1_focus,extra
indi_deepskydad_af2_focus,extra
indi_deepskydad_af3_focus,extra
indi_deepskydad_fp,extra
indi_deepskydad_fr1,extra
indi_dmfc_focus,extra
indi_domepro2_dome,extra
indi_dragon_light,extra
indi_dragonlair_dome,extra
indi_dreamfocuser_focus,extra
indi_dsc_telescope,extra
indi_efa_focus,extra
indi_eq500x_telescope,extra
indi_esatto_focus,extra
indi_esattoarco_focus,extra
indi_eval,extra
indi_falcon_rotator,extra
indi_falconv2_rotator,extra
indi_fcusb_focus,extra
indi_flipflat,extra
indi_gemini_flatpanel,extra
indi_gemini_focus,extra
indi_getdevice,extra
indi_getprop,extra
indi_giotto,extra
indi_gpusb,extra
indi_hakos_roof,extra
indi_hid_test,extra
indi_hitecastrodc_focus,extra
indi_hitech_weather,extra
indi_iafscaa_focus,extra
indi_ieaf_focus,extra
indi_ieq_telescope,extra
indi_ieqlegacy_telescope,extra
indi_imager_agent,extra
indi_integra_focus,extra
indi_ioptronHC8406,extra
indi_ioptron_wheel,extra
indi_ioptronv3_telescope,extra
indi_ipx800v4,extra
indi_joystick,extra
indi_lacerta_mfoc_fmc_focus,extra
indi_lacerta_mfoc_focus,extra
indi_lakeside_focus,extra
indi_lx200_10micron,extra
indi_lx200_16,extra
indi_lx200_OnStep,extra
indi_lx200_OpenAstroTech,extra
indi_lx200_TeenAstro,extra
indi_lx200_esp32go,extra
indi_lx200_pegasus_nyx101,extra
indi_lx200am5,extra
indi_lx200ap_legacy,extra
indi_lx200ap_v2,extra
indi_lx200autostar,extra
indi_lx200basic,extra
indi_lx200classic,extra
indi_lx200fs2,extra
indi_lx200gemini,extra
indi_lx200generic,extra
indi_lx200gotonova,extra
indi_lx200gps,extra
indi_lx200pulsar2,extra
indi_lx200ss2000pc,extra
indi_lx200zeq25,extra
indi_lynx_focus,extra
indi_manual_wheel,extra
indi_mbox_weather,extra
indi_meta_weather,extra
indi_microtouch_focus,extra
indi_mlastro_rpa,extra
indi_moonlite_focus,extra
indi_moonlitedro_focus,extra
indi_mxhd_telescope,extra
indi_myDewControllerPro,extra
indi_mydcp4esp32,extra
indi_myfocuserpro2_focus,extra
indi_nexdome_beaver,extra
indi_nfocus,extra
indi_nframe_rotator,extra
indi_nightcrawler_focus,extra
indi_nstep_focus,extra
indi_onfocus_focus,extra
indi_openweathermap_weather,extra
indi_optec_wheel,extra
indi_paramount_telescope,extra
indi_pegasus_flatmaster,extra
indi_pegasus_flatmaster_neo,extra
indi_pegasus_flatmaster_wifi,extra
indi_pegasus_focuscube,extra
indi_pegasus_focuscube3,extra
indi_pegasus_ppb,extra
indi_pegasus_ppba,extra
indi_pegasus_prodigyMF,extra
indi_pegasus_scopsoag,extra
indi_pegasus_spb,extra
indi_pegasus_upb,extra
indi_pegasus_upb3,extra
indi_pegasusindigo_wheel,extra
indi_perfectstar_focus,extra
indi_pinefeat_cef_focus,extra
indi_planewave_deltat,extra
indi_planewave_rotator,extra
indi_planewave_telescope,extra
indi_pmc8_telescope,extra
indi_pyxis_rotator,extra
indi_qhycfw1_wheel,extra
indi_qhycfw2_wheel,extra
indi_qhycfw3_wheel,extra
indi_quantum_wheel,extra
indi_rainbow_telescope,extra
indi_rainbowrsf_focus,extra
indi_rasa_filtercube_wheel,extra
indi_rbfocus_focus,extra
indi_rigel_dome,extra
indi_robo_focus,extra
indi_rolloff_dome,extra
indi_rti_dome,extra
indi_rtlsdr,extra
indi_safetymonitor,extra
indi_scopedome_dome,extra
indi_script_dome,extra
indi_script_telescope,extra
indi_seestar_ccd,extra
indi_sestosenso2_focus,extra
indi_sestosenso3_focus,extra
indi_sestosenso_focus,extra
indi_setprop,extra
indi_siefs_focus,extra
indi_simulator_ccd,extra
indi_simulator_dome,extra
indi_simulator_dustcover,extra
indi_simulator_focus,extra
indi_simulator_gps,extra
indi_simulator_guide,extra
indi_simulator_io,extra
indi_simulator_lightpanel,extra
indi_simulator_pac,extra
indi_simulator_receiver,extra
indi_simulator_rotator,extra
indi_simulator_sqm,extra
indi_simulator_telescope,extra
indi_simulator_weather,extra
indi_simulator_wheel,extra
indi_skycommander_telescope,extra
indi_skysafari,extra
indi_skywatcherAltAzMount,extra
indi_smartfocus_focus,extra
indi_snapcap,extra
indi_spectracyber,extra
indi_sqm_weather,extra
indi_star2000,extra
indi_startech_hub,extra
indi_steeldrive2_focus,extra
indi_steeldrive_focus,extra
indi_svbony_powerbox,extra
indi_synscan_telescope,extra
indi_synscanlegacy_telescope,extra
indi_tcfs3_focus,extra
indi_tcfs_focus,extra
indi_teenastro_focus,extra
indi_temma_telescope,extra
indi_terrans_powerboxgo_v2,extra
indi_terrans_powerboxpro_v2,extra
indi_touptek_sh20,extra
indi_trutech_wheel,extra
indi_universalror_dome,extra
indi_ups_safety,extra
indi_uranus_weather,extra
indi_usbdewpoint,extra
indi_usbfocusv3_focus,extra
indi_v4l2_ccd,extra
indi_vantage_weather,extra
indi_wake_on_lan,extra
indi_wanderer_cover,extra
indi_wanderer_dew_terminator,extra
indi_wanderer_eclipse,extra
indi_wanderer_eta,extra
indi_wanderer_lite_rotator,extra
indi_wanderer_rotator_lite_v2,extra
indi_wanderer_rotator_mini,extra
indi_wanderer_snowflake_wheel,extra
indi_wandererbox_plus_v3,extra
indi_wandererbox_pro_v3,extra
indi_wanderercover_v4_ec,extra
indi_wanderercover_v4_pro_ec,extra
indi_watchdog,extra
indi_watcher_weather,extra
indi_wavesharemodbus_relay,extra
indi_weather_safety_alpaca,extra
indi_weather_safety_proxy,extra
indi_weatherflow_weather,extra
indi_xagyl_wheel,extra
indicator-china-weather,extra
indiserver,extra
indxbib,core
inetcat,extra
inews,extra
infamous-rule,extra
infect,extra
inferno-collapse-dtrace,extra
inferno-collapse-guess,extra
inferno-collapse-perf,extra
inferno-diff-folded,extra
inferno-flamegraph,extra
infinoted-0.7,extra
influx,extra
influxd,extra
info,core
infocmp,core
informant,extra
infotocap,core
infotopam,extra
ini2po,extra
ini2toml,extra
inimf,extra
init,core
init.lxc,extra
init_audigy,extra
init_audigy_eq10,extra
init_live,extra
initd-lint,extra
initdb,extra
initex,extra
inject_alive6,extra
inkscape,extra
inkview,extra
inline-detox,extra
innbind,extra
inncheck,extra
innconfval,extra
innd,extra
inndf,extra
innernet,extra
innernet-server,extra
innfeed,extra
innmail,extra
innochecksum,extra
innoextract,extra
innreport,extra
innstat,extra
innupgrade,extra
innwatch,extra
innxbatch,extra
innxmit,extra
inotifywait,extra
inotifywatch,extra
inproc_lat,extra
inproc_thr,extra
input-leap,extra
input-leapc,extra
input-leaps,extra
inputattach,extra
inputattachctl,extra
inputplumber,extra
ins2snd2,extra
insmod,core
inspectrum,extra
install,core
install-catalog,extra
install-info,core
install-printerdriver,extra
installation_sources,extra
installcheck,extra
installfont-tl,extra
installkernel,core
installmgr,extra
installvst,extra
instantfpc,extra
integrate,extra
integritysetup,core
intel-gen4asm,extra
intel-gen4disasm,extra
intel-gfx-fw-info,extra
intel-gpu-overlay,extra
intel-npu-compilerTest,extra
intel-npu-kmd-test,extra
intel-npu-loaderTest,extra
intel-npu-profilingTest,extra
intel-npu-umd-test,extra
intel-npu-vpuxCompilerL0Test,extra
intel-speed-select,extra
intel-undervolt,extra
intel-virtual-output,extra
intel_audio_dump,extra
intel_backlight,extra
intel_bios_dumper,extra
intel_display_bandwidth,extra
intel_display_crc,extra
intel_display_poller,extra
intel_dp_compliance,extra
intel_dump_decode,extra
intel_error_decode,extra
intel_firmware_decode,extra
intel_forcewaked,extra
intel_framebuffer_dump,extra
intel_gem_info,extra
intel_gpu_abrt,extra
intel_gpu_frequency,extra
intel_gpu_time,extra
intel_gpu_top,extra
intel_gtt,extra
intel_guc_logger,extra
intel_gvtg_test,extra
intel_hdcp,extra
intel_infoframes,extra
intel_l3_parity,extra
intel_lid,extra
intel_lpmd,extra
intel_lpmd_control,extra
intel_opregion_decode,extra
intel_panel_fitter,extra
intel_perf_counters,extra
intel_pm_rpm,extra
intel_reg,extra
intel_reg_checker,extra
intel_residency,extra
intel_stepping,extra
intel_tiling_detect,extra
intel_vbt_decode,extra
intel_watermark,extra
intelli-shell,extra
intercept,extra
intercept-build,extra
interdiff,extra
intltool-extract,extra
intltool-merge,extra
intltool-prepare,extra
intltool-update,extra
intltoolize,extra
inv,extra
inverse_lookup6,extra
invgeod,extra
invoke,extra
invprofcheck,extra
invproj,extra
inxi,extra
io.elementary.calculator,extra
io.elementary.calendar,extra
io.elementary.camera,extra
io.elementary.capnet-assist,extra
io.elementary.code,extra
io.elementary.files,extra
io.elementary.files-daemon,extra
io.elementary.files-pkexec,extra
io.elementary.greeter,extra
io.elementary.greeter-compositor,extra
io.elementary.greeter-session-manager,extra
io.elementary.mail,extra
io.elementary.music,extra
io.elementary.notifications,extra
io.elementary.notifications.demo,extra
io.elementary.onboarding,extra
io.elementary.photos,extra
io.elementary.print,extra
io.elementary.screenshot,extra
io.elementary.settings,extra
io.elementary.settings-daemon,extra
io.elementary.shortcut-overlay,extra
io.elementary.sideload,extra
io.elementary.tasks,extra
io.elementary.terminal,extra
io.elementary.videos,extra
io.elementary.wingpanel,extra
io.github.alainm23.planify,extra
io.github.alainm23.planify.cli,extra
io.github.alainm23.planify.quick-add,extra
io.gitlab.news_flash.NewsFlash,extra
io_demo,extra
iodbc-config,extra
iodbctest,extra
iodbctestw,extra
iodine,extra
iodined,extra
ionice,core
ioping,extra
ios7tojohn,extra
iosock.pl,extra
iostat,extra
iostat2pcp,extra
iotas,extra
iotop,extra
ip,core
ip6range,extra
ip6tables,core
ip6tables-apply,core
ip6tables-legacy,core
ip6tables-legacy-restore,core
ip6tables-legacy-save,core
ip6tables-nft,core
ip6tables-nft-restore,core
ip6tables-nft-save,core
ip6tables-restore,core
ip6tables-restore-translate,core
ip6tables-save,core
ip6tables-translate,core
ipcalc,extra
ipcluster,extra
ipcmk,core
ipcontroller,extra
ipcrm,core
ipcs,core
ipengine,extra
iperf,extra
iperf3,extra
ipers,extra
ipers32,multilib
ipf-mod.pl,extra
ipfs,extra
ipguard,extra
ipmaddr,core
ipmi-chassis,extra
ipmi-chassis-config,extra
ipmi-config,extra
ipmi-console,extra
ipmi-dcmi,extra
ipmi-detect,extra
ipmi-fru,extra
ipmi-locate,extra
ipmi-oem,extra
ipmi-pef-config,extra
ipmi-pet,extra
ipmi-ping,extra
ipmi-power,extra
ipmi-raw,extra
ipmi-sel,extra
ipmi-sensors,extra
ipmi-sensors-config,extra
ipmi_sim,extra
ipmi_ui,extra
ipmicmd,extra
ipmiconsole,extra
ipmidetect,extra
ipmidetectd,extra
ipmievd,extra
ipmilan,extra
ipmimonitoring,extra
ipmiping,extra
ipmipower,extra
ipmiseld,extra
ipmish,extra
ipmitool,extra
ipod-read-sysinfo-extended,extra
ipp-usb,extra
ippeveprinter,extra
ippfind,extra
ipptool,extra
iprange,extra
iproxy,extra
ipsec,extra
ipset,extra
ipset-translate,extra
iptables,core
iptables-apply,core
iptables-legacy,core
iptables-legacy-restore,core
iptables-legacy-save,core
iptables-nft,core
iptables-nft-restore,core
iptables-nft-save,core
iptables-restore,core
iptables-restore-translate,core
iptables-save,core
iptables-translate,core
iptables-xml,core
iptc,extra
iptraf-ng,extra
iptstate,extra
iptunnel,core
iptux,extra
ipv6calc,extra
ipv6loganon,extra
ipv6logconv,extra
ipv6logstats,extra
ipvsadm,extra
ipvsadm-restore,extra
ipvsadm-save,extra
ipython,extra
ipython3,extra
ir-ctl,extra
ir-keytable,extra
irb,extra
ircat,extra
irdb-get,extra
irexec,extra
irk,extra
irkerd,extra
irkerhook.py,extra
ironbar,extra
irpipe,extra
irpty,extra
irqbalance,extra
irqbalance-ui,extra
irqtop,core
irrecord,extra
irsend,extra
irsimreceive,extra
irsimsend,extra
irssi,extra
irtestcase,extra
irtext2udp,extra
irw,extra
irxevent,extra
isa-info,extra
isadump,extra
isaset,extra
isatapd,extra
iscsi-discard,extra
iscsi-gen-initiatorname,extra
iscsi-iname,extra
iscsi-inq,extra
iscsi-ls,extra
iscsi-md5sum,extra
iscsi-perf,extra
iscsi-pr,extra
iscsi-readcapacity16,extra
iscsi-rtpg,extra
iscsi-swp,extra
iscsi_discovery,extra
iscsi_fw_login,extra
iscsi_offload,extra
iscsiadm,extra
iscsid,extra
iscsistart,extra
iscsiuio,extra
isd,extra
isd-tui,extra
isdv4-serial-debugger,extra
isdv4-serial-inputattach,extra
isi2xml,extra
isnsadm,extra
isnsd,extra
isnsdd,extra
iso-info,extra
iso-read,extra
isodebug,extra
isodump,extra
isogmt,extra
isohybrid,core
isohybrid.pl,core
isoimagewriter,extra
isoinfo,extra
isort,extra
isort-identify-imports,extra
isosize,core
isosurf,extra
isosurf32,multilib
isotest,extra
isovfy,extra
ispc,extra
ispell,extra
ispellaff2myspell,extra
ispin,extra
isql,core
istat,extra
istioctl,extra
isutf8,extra
isympy,extra
itinerary,extra
itkTestDriver,extra
itstool,extra
itunes_backup2john,extra
itw-modularjdk.args,extra
itweb-settings,extra
iucode_tool,extra
iusql,core
iv,extra
iverilog,extra
iverilog-vpi,extra
ivstools,extra
ivtv-ctl,extra
iw,core
iwconfig,extra
iwctl,extra
iwevent,extra
iwgetid,extra
iwhich,extra
iwlist,extra
iwmon,extra
iwork2john,extra
iwpmd,extra
iwpriv,extra
iwspy,extra
ixfrdist,extra
ixion-formula-tokenizer,extra
ixion-parser,extra
ixion-sorter,extra
ixplore,extra
j2,extra
j2amidi_bridge,extra
j4-dmenu-desktop,extra
jaaa,extra
jack-dssi-host,extra
jack-stdin,extra
jack-stdout,extra
jack_alias,extra
jack_bufsize,extra
jack_check,extra
jack_connect,extra
jack_control,extra
jack_control_client,extra
jack_cpu_load,extra
jack_delay,extra
jack_disconnect,extra
jack_evmon,extra
jack_fpmon,extra
jack_freewheel,extra
jack_impulse_grabber,extra
jack_iodelay,extra
jack_latent_client,extra
jack_load,extra
jack_load_test,extra
jack_lsp,extra
jack_meter,extra
jack_metro,extra
jack_midi_dump,extra
jack_midi_latency_test,extra
jack_midiseq,extra
jack_midisine,extra
jack_mix_box,extra
jack_mixer,extra
jack_monitor_client,extra
jack_net_master,extra
jack_net_slave,extra
jack_netsource,extra
jack_property,extra
jack_proxy,extra
jack_rec,extra
jack_samplerate,extra
jack_server_control,extra
jack_showtime,extra
jack_simdtests,extra
jack_simple_client,extra
jack_thru_client,extra
jack_transport,extra
jack_transport_client,extra
jack_tw,extra
jack_unload,extra
jack_wait,extra
jack_zombie,extra
jackd,extra
jackdbus,extra
jackminimix,extra
jackpatch,extra
jacktrip,extra
jad,extra
jade,extra
jadetex,extra
jadmaker,extra
jadx,extra
jadx-gui,extra
jailcheck,extra
jailer,extra
jake,extra
jalv,extra
jalv.gtk3,extra
jalv.qt5,extra
jalv.qt6,extra
jam,extra
jami,extra
jamo-normalize,extra
janet,extra
janet-format,extra
janet-netrepl,extra
janet-pm,extra
japa,extra
jaq,extra
jar,extra
jarsigner,extra
jasper,extra
java,extra
java2groovy,extra
java2html,extra
java_count,extra
javac,extra
javadoc,extra
javagc,extra
javah,extra
javap,extra
javaws,extra
jbgtopbm,extra
jbgtopbm85,extra
jbig2dec,extra
jbigtopnm,extra
jc,extra
jcat,extra
jcat-tool,extra
jcmd,extra
jconsole,extra
jconvolver,extra
jdb,extra
jdiff,extra
jdupes,extra
jedi-language-server,extra
jedutil,extra
jekyll,extra
jellyfin,extra
jellyfin-mpv-shim,extra
jemalloc-config,extra
jemalloc.sh,extra
jenv,extra
jeprof,extra
jethro,extra
jetring-accept,extra
jetring-apply,extra
jetring-build,extra
jetring-checksum,extra
jetring-diff,extra
jetring-explode,extra
jetring-gen,extra
jetring-review,extra
jetring-signindex,extra
jffs2dump,extra
jffs2reader,extra
jfmutil,extra
jfs_debugfs,core
jfs_fsck,core
jfs_fscklog,core
jfs_logdump,core
jfs_mkfs,core
jfs_tune,core
jgem,extra
jgmenu,extra
jgmenu_run,extra
jhead,extra
jig,extra
jimdb,extra
jimsh,extra
jinfo,extra
jira-wiki-markup,extra
jirb,extra
jirb_swing,extra
jiv,extra
jive,extra
jj,extra
jkqtmathtext_render,extra
jkqtplotter_doc_imagegenerator,extra
jkqtpstatisticstools_test,extra
jless,extra
jlpm,extra
jls,extra
jmacs,extra
jmap,extra
jmol,extra
jnettop,extra
jnoisemeter,extra
jnv,extra
jo,extra
joe,extra
john,extra
join,core
jolt,extra
jomon,extra
jose,extra
josm,extra
jotdown,extra
journalctl,core
jp.py,extra
jp2a,extra
jpeg-archive,extra
jpeg-compare,extra
jpeg-hash,extra
jpeg-recompress,extra
jpeg2ktopam,extra
jpeg2yuv,extra
jpeg_extract,extra
jpegenc,extra
jpegoptim,extra
jpegtopnm,extra
jpegtran,extra
jpgicc,extra
jpico,extra
jpm,extra
jps,extra
jq,extra
jrnl,extra
jruby,extra
jrubyc,extra
js-beautify,extra
js128,extra
js128-config,extra
js140,extra
js140-config,extra
jsampler,extra
jscal,extra
jscal-restore,extra
jscal-store,extra
jshon,extra
json-diff,extra
json-glib-format,extra
json-glib-validate,extra
json-patch,extra
json-to-dhall,extra
json2dcm,extra
json2pas,extra
json2po,extra
json2stems,extra
json2yaml,extra
json_reformat,extra
json_verify,extra
jsondiff,extra
jsonpatch,extra
jsonpath_ng,extra
jsonpointer,extra
jsonschema,extra
jsp_count,extra
jstack,extra
jstar,extra
jstat,extra
jstatd,extra
jstest,extra
jsvc,extra
jtag,extra
jtagconsole,extra
juce_lv2_helper,extra
juce_vst3_helper,extra
juceaide,extra
juk,extra
julia,extra
julius,extra
jumpy,extra
junction,extra
junitmsgfmt,extra
junitxml2subunit,extra
jupyter,extra
jupyter-builder,extra
jupyter-console,extra
jupyter-dejavu,extra
jupyter-events,extra
jupyter-execute,extra
jupyter-fileid,extra
jupyter-kernel,extra
jupyter-kernelspec,extra
jupyter-lab,extra
jupyter-labextension,extra
jupyter-labhub,extra
jupyter-migrate,extra
jupyter-nbconvert,extra
jupyter-notebook,extra
jupyter-qtconsole,extra
jupyter-run,extra
jupyter-server,extra
jupyter-troubleshoot,extra
jupyter-trust,extra
just,extra
just-lsp,extra
juyin-learn,extra
jw,extra
jwm,extra
jws,extra
jwt,extra
jwtui,extra
jxlinfo,extra
jxltran,extra
k3b,extra
k5srvutil,core
k9s,extra
kDn,extra
kaccess,extra
kacpimon,extra
kactivities-cli,extra
kaddressbook,extra
kadmin,core
kadmin.local,core
kadmind,core
kaeru,extra
kaffeine,extra
kafka-acls.sh,extra
kafka-broker-api-versions.sh,extra
kafka-client-metrics.sh,extra
kafka-cluster.sh,extra
kafka-configs.sh,extra
kafka-console-consumer.sh,extra
kafka-console-producer.sh,extra
kafka-console-share-consumer.sh,extra
kafka-consumer-groups.sh,extra
kafka-consumer-perf-test.sh,extra
kafka-delegation-tokens.sh,extra
kafka-delete-records.sh,extra
kafka-dump-log.sh,extra
kafka-e2e-latency.sh,extra
kafka-features.sh,extra
kafka-get-offsets.sh,extra
kafka-groups.sh,extra
kafka-jmx.sh,extra
kafka-leader-election.sh,extra
kafka-log-dirs.sh,extra
kafka-metadata-quorum.sh,extra
kafka-metadata-shell.sh,extra
kafka-producer-perf-test.sh,extra
kafka-reassign-partitions.sh,extra
kafka-replica-verification.sh,extra
kafka-run-class.sh,extra
kafka-server-start.sh,extra
kafka-server-stop.sh,extra
kafka-share-consumer-perf-test.sh,extra
kafka-share-groups.sh,extra
kafka-storage.sh,extra
kafka-streams-application-reset.sh,extra
kafka-streams-groups.sh,extra
kafka-topics.sh,extra
kafka-transactions.sh,extra
kafka-verifiable-consumer.sh,extra
kafka-verifiable-producer.sh,extra
kafka-verifiable-share-consumer.sh,extra
kaidan,extra
kajiki,extra
kajongg,extra
kajonggserver,extra
kak,extra
kak-lsp,extra
kakasi,extra
kakasi-config,extra
kalarm,extra
kalarmautostart,extra
kalendarac,extra
kalgebra,extra
kalgebramobile,extra
kalk,extra
kalm,extra
kalzium,extra
kamene,extra
kamoso,extra
kanagram,extra
kani,extra
kani-compiler,extra
kani-driver,extra
kanji-config-updmap,extra
kanji-config-updmap-sys,extra
kanji-config-updmap-user,extra
kanji-fontmap-creator,extra
kanshi,extra
kanshictl,extra
kantiword,extra
kapidox-depdiagram-generate,extra
kapidox-depdiagram-prepare,extra
kapidox-generate,extra
kapman,extra
kapplymousetheme,extra
kapptemplate,extra
karbon,extra
karmaSMB.py,extra
karplong,extra
kasts,extra
katalyzer,extra
kate,extra
kate-syntax-highlighter,extra
katedec,extra
kateenc,extra
katie,extra
katomic,extra
kbackup,extra
kbd-layout-viewer5,extra
kbd-layout-viewer6,extra
kbd_mode,core
kbdinfo,core
kbdrate,core
kbibtex,extra
kblackbox,extra
kblocks,extra
kbookmarkmerger,extra
kbounce,extra
kbreakout,extra
kbroadcastnotification,extra
kbruch,extra
kbt,extra
kbuildsycoca5,extra
kbuildsycoca6,extra
kbxutil,core
kc.sh,extra
kcachegrind,extra
kcadm.sh,extra
kcalc,extra
kcatalogprint,extra
kccachetest,extra
kcdirmgr,extra
kcdirtest,extra
kcforestmgr,extra
kcforesttest,extra
kcgrasstest,extra
kcharselect,extra
kchashmgr,extra
kchashtest,extra
kclangctest,extra
kclock,extra
kclockd,extra
kcm-touchpad-list-devices,extra
kcminit,extra
kcminit_startup,extra
kcmshell6,extra
kcolorchooser,extra
kcolorschemeeditor,extra
kconf2,extra
kcookiejar5,extra
kcov,extra
kcov-system-daemon,extra
kcpolymgr,extra
kcpolytest,extra
kcprototest,extra
kcpuid,extra
kcreatewebarchive,extra
kcreg.sh,extra
kcstashtest,extra
kctreemgr,extra
kctreetest,extra
kcursorgen,extra
kcutilmgr,extra
kcutiltest,extra
kdb5_ldap_util,core
kdb5_util,core
kdbg,extra
kdcdump2john,extra
kde-geo-uri-handler,extra
kde-inhibit,extra
kde-inotify-survey,extra
kde-open,extra
kde-open5,extra
kde-systemd-start-condition,extra
kde-systemsettings-tree.py,extra
kde-unstable-x86_64-build,extra
kde-unstablepkg,extra
kde_generate_export_header,extra
kde_wacom_tabletfinder,extra
kdebugsettings,extra
kdeconnect-app,extra
kdeconnect-cli,extra
kdeconnect-handler,extra
kdeconnect-indicator,extra
kdeconnect-sms,extra
kdeconnectd,extra
kdecp,extra
kdecp5,extra
kded5,extra
kded6,extra
kdedoc,extra
kdekillall,extra
kdelnk2desktop.py,extra
kdemangen.pl,extra
kdemv,extra
kdemv5,extra
kdenlive,extra
kdenlive_render,extra
kdestroy,core
kdesvn,extra
kdesvnaskpass,extra
kdev-pg-qt,extra
kdev_dbus_socket_transformer,extra
kdev_format_source,extra
kdev_includepathsconverter,extra
kdevelop,extra
kdevelop!,extra
kdevplatform_shell_environment.sh,extra
kdf,extra
kdialog,extra
kdialog_progress_helper,extra
kdiamond,extra
kdiff3,extra
kdig,extra
kdiskmark,extra
kdl-lsp,extra
kdlfmt,extra
kdominate,extra
kdumpid,extra
kdwsdl2cpp-qt6,extra
kea-admin,extra
kea-dhcp-ddns,extra
kea-dhcp4,extra
kea-dhcp6,extra
kea-lfc,extra
kea-msg-compiler,extra
kea-shell,extra
keactrl,extra
keccak-224sum,extra
keccak-256sum,extra
keccak-384sum,extra
keccak-512sum,extra
keccaksum,extra
keditbookmarks,extra
keditfiletype,extra
keditfiletype5,extra
keepalived,extra
keepass,extra
keepass2john,extra
keepassxc,extra
keepassxc-cli,extra
keepassxc-proxy,extra
keepsecret,extra
kernel-bootcfg,extra
kernel-hardening-checker,extra
kernel-install,core
kernelshark,extra
ketcindy,extra
kew,extra
kexec,extra
key-rack,extra
key.dns_resolver,core
key2raw,extra
key2text,extra
key2xhtml,extra
keyanalyze,extra
keyart,extra
keybag2hashcat.py,extra
keychain,extra
keychain2john,extra
keyctl,core
keyd,extra
keyd-application-mapper,extra
keylistattack.py,extra
keylookup,extra
keymgr,extra
keyring,extra
keyring2john,extra
keysmith,extra
keyspace,extra
keystore2john,extra
keytab-lilo,core
keytool,extra
kfilemetadata_dump6,extra
kfind,extra
kfmclient,extra
kfontinst,extra
kfontview,extra
kfourinline,extra
kfourinlineproc,extra
kgeography,extra
kgeotag,extra
kget,extra
kgoldrunner,extra
kgpg,extra
kgraphviewer,extra
kgx,extra
khal,extra
khangman,extra
khard,extra
khelpcenter,extra
khost,extra
kibitz,extra
kicad,extra
kicad-cli,extra
kiconfinder5,extra
kiconfinder6,extra
kid3,extra
kid3-cli,extra
kid3-qt,extra
kig,extra
kigo,extra
kikit,extra
kikit-info,extra
kile,extra
kill,core
kill_router6,extra
killall,core
killbots,extra
killsnoop,extra
kimagemapeditor,extra
kind,extra
kinfo,extra
kinfocenter,extra
kinit,core
kintercept.py,extra
kioclient,extra
kioclient5,extra
kirbi2john,extra
kirigami2gallery,extra
kiriki,extra
kismet,extra
kismet_cap_antsdr_droneid,extra
kismet_cap_freaklabs_zigbee,extra
kismet_cap_kismetdb,extra
kismet_cap_linux_bluetooth,extra
kismet_cap_linux_wifi,extra
kismet_cap_nrf_51822,extra
kismet_cap_nrf_52840,extra
kismet_cap_nrf_mousejack,extra
kismet_cap_nxp_kw41z,extra
kismet_cap_pcapfile,extra
kismet_cap_radiacode_usb,extra
kismet_cap_rz_killerbee,extra
kismet_cap_sdr_rtl433,extra
kismet_cap_sdr_rtladsb,extra
kismet_cap_serial_radview,extra
kismet_cap_ti_cc_2531,extra
kismet_cap_ti_cc_2540,extra
kismet_discovery,extra
kismet_server,extra
kismetdb_clean,extra
kismetdb_dump_devices,extra
kismetdb_statistics,extra
kismetdb_strip_packets,extra
kismetdb_to_gpx,extra
kismetdb_to_kml,extra
kismetdb_to_pcap,extra
kismetdb_to_wiglecsv,extra
kiten,extra
kitenkanjibrowser,extra
kitenradselect,extra
kitten,extra
kitty,extra
kiwix-compile-i18n,extra
kiwix-compile-resources,extra
kiwix-desktop,extra
kiwix-manage,extra
kiwix-search,extra
kiwix-serve,extra
kjournaldbrowser,extra
kjournalprint,extra
kjumpingcube,extra
kkc,extra
kkc-package-data,extra
klavaro,extra
klayout,extra
kleopatra,extra
klettres,extra
klevernotes,extra
klickety,extra
klines,extra
klist,core
klockstat,extra
klondike,extra
klystrack-plus,extra
kmag,extra
kmahjongg,extra
kmail,extra
kmail-refresh-settings,extra
kmail_antivir.sh,extra
kmail_clamav.sh,extra
kmail_fprot.sh,extra
kmail_sav.sh,extra
kmap2qmap6,extra
kmenuedit,extra
kmidiff,extra
kmidimon,extra
kmimetypefinder,extra
kmimetypefinder5,extra
kmines,extra
kmix,extra
kmixctrl,extra
kmixremote,extra
kmod,core
kmon,extra
kmonad,extra
kmousetool,extra
kmouth,extra
kmplot,extra
kmscon,extra
kmscon-launch-gui,extra
kmymoney,extra
kn,extra
knavalbattle,extra
knetattach,extra
knetwalk,extra
knewstuff-dialog,extra
knewstuff-dialog6,extra
knights,extra
knock,extra
knock_helper_ipt.sh,extra
knockd,extra
knot-resolver,extra
knotc,extra
knotd,extra
known_hosts2john,extra
knsec3hash,extra
knsupdate,extra
ko,extra
kodak2ti3,extra
kodi,extra
kodi-TexturePacker,extra
kodi-ps3remote,extra
kodi-send,extra
kodi-standalone,extra
koi8rxterm,extra
koko,extra
kolf,extra
kollision,extra
kolourpaint,extra
komikku,extra
komkindex,extra
kommit,extra
kommitdiff,extra
kommitmerge,extra
komodo,extra
kompare,extra
kompose,extra
kondo,extra
kondo-ui,extra
kongress,extra
kongressac,extra
konqueror,extra
konquest,extra
konsole,extra
konsolekalendar,extra
konsoleprofile,extra
kontact,extra
kontrast,extra
konversation,extra
kooha,extra
korg2gig,extra
korganizer,extra
korgdump,extra
kosmindoormap,extra
kotlin,extra
kotlinc,extra
kotlinc-js,extra
kotlinc-jvm,extra
kpa-backup.sh,extra
kpa-thumbnailtool,extra
kpackagelauncherqml,extra
kpackagetool5,extra
kpackagetool6,extra
kpartloader,extra
kpartx,extra
kpasswd,core
kpat,extra
kpeg,extra
kphotoalbum,extra
kplymouththemeinstaller,extra
kprop,core
kpropd,core
kproplog,core
kpseaccess,extra
kpsepath,extra
kpsereadlink,extra
kpsestat,extra
kpsetool,extra
kpsewhere,extra
kpsewhich,extra
kpsexpand,extra
kqml,extra
kquitapp5,extra
kquitapp6,extra
kramdown,extra
krane,extra
kraut,extra
krazy-licensecheck,extra
krb2john,extra
krb5-config,core
krb5-send-pr,core
krb5kdc,core
krdc,extra
krdpserver,extra
kreadconfig5,extra
kreadconfig6,extra
krecorder,extra
kremlin2hashcat.py,extra
krename,extra
kres-cache-gc,extra
kresctl,extra
kresd,extra
kresus,extra
kreversi,extra
krfb,extra
krfb-virtualmonitor,extra
krita,extra
krita_version,extra
kritarunner,extra
kronometer,extra
kruler,extra
krun,extra
krunner,extra
krunner-plugininstaller,extra
krunvm,extra
krusader,extra
kscreen-console,extra
kscreen-doctor,extra
ksecretd,extra
ksh,extra
ksh93,extra
kshark-record,extra
kshark-su-record,extra
kshisen,extra
kshutdown,extra
ksirk,extra
ksirkskineditor,extra
ksmserver,extra
ksnakeduel,extra
ksnip,extra
ksnoop,extra
kspaceduel,extra
ksplashqml,extra
ksquares,extra
ksshaskpass,extra
kst,extra
kstars,extra
kstart,extra
kstart5,extra
kstats,extra
kstatsviewer,extra
kstool,extra
ksu,core
ksudoku,extra
ksvgtopng,extra
ksvgtopng5,extra
kswitch,core
ksyntaxhighlighter6,extra
ksysguard-identify,extra
ksystemlog,extra
ksystemstats,extra
kteatime,extra
ktelnetservice5,extra
ktelnetservice6,extra
ktexteditor-script-tester6,extra
ktikz,extra
ktimer,extra
ktimetracker,extra
ktlint,extra
ktmagnetdownloader,extra
ktnef,extra
ktoblzcheck,extra
ktorrent,extra
ktouch,extra
ktrash5,extra
ktrash6,extra
ktrip,extra
ktuberling,extra
ktupnptest,extra
kturtle,extra
ktutil,core
kube-apiserver,extra
kube-controller-manager,extra
kube-linter,extra
kube-proxy,extra
kube-scheduler,extra
kubeadm,extra
kubeconform,extra
kubectl,extra
kubectl-cert_manager,extra
kubectl-ingress_nginx,extra
kubectl-krew,extra
kubectx,extra
kubelet,extra
kubelogin,extra
kubens,extra
kubeone,extra
kubernetes-validate,extra
kubeseal,extra
kubetui,extra
kubie,extra
kubrick,extra
kudu,extra
kuickshow,extra
kuiviewer,extra
kunifiedpush-distributor,extra
kup-daemon,extra
kup-filedigger,extra
kup-purger,extra
kupfer,extra
kupfer-exec,extra
kustomize,extra
kvantummanager,extra
kvantumpreview,extra
kvazaar,extra
kvirc,extra
kvirc-config,extra
kvno,core
kwaak,extra
kwallet-query,extra
kwallet2john,extra
kwalletd6,extra
kwalletmanager5,extra
kwatchgnupg,extra
kwave,extra
kwboot,extra
kweather,extra
kwikdisk,extra
kwin_wayland,extra
kwin_wayland_wrapper,extra
kwin_x11,extra
kwindowprop,extra
kwnmz,extra
kwordquiz,extra
kwrite,extra
kwriteconfig5,extra
kwriteconfig6,extra
kxdpgun,extra
kzonecheck,extra
kzonesign,extra
l2m,extra
l2ping,extra
l2test,extra
l3afpad,extra
l3build,extra
l3sys-query,extra
lab-sensible-terminal,extra
labelg,extra
lablgladecc3,extra
labnag,extra
labplot,extra
labwc,extra
lacheck,extra
lact,extra
ladybug,extra
lame,extra
lan-mouse,extra
languagetool,extra
lapce,extra
lapce-proxy,extra
laptop-detect,extra
las2col,extra
las2las,extra
las2ogr,extra
las2pg,extra
las2txt,extra
lasblock,extra
lasem-render-0.6,extra
lasinfo,extra
last,core
lastb,core
lastlog2,core
lastpass2hashcat.py,extra
lastpass2john,extra
latest,extra
latex,extra
latex-dev,extra
latex-git-log,extra
latex-papersize,extra
latex2html,extra
latex2man,extra
latex2mathml,extra
latex2nemeth,extra
latex2text,extra
latexdef,extra
latexdiff,extra
latexdiff-vc,extra
latexencode,extra
latexfileversion,extra
latexindent,extra
latexminted,extra
latexmk,extra
latexpand,extra
latexrevise,extra
latextags,extra
latexwalker,extra
latte-count,extra
latte-maximize,extra
latte-minimize,extra
latte2ext,extra
latte2ine,extra
lattice,extra
latticegen,extra
launchy,extra
lav2avi.sh,extra
lav2mpeg,extra
lav2wav,extra
lav2yuv,extra
lavaddwav,extra
lavinfo,extra
lavpipe,extra
lavtc.sh,extra
lavtrans,extra
lazarus,extra
lazbuild,extra
lazydocker,extra
lazygit,extra
lazyjj,extra
lbreakout2,extra
lbreakout2server,extra
lbunzip2,extra
lbzcat,extra
lbzip2,extra
lc,extra
lc-compliance,extra
lc_pkcs7_generator,core
lc_x509_generator,core
lca-tool,extra
lcalc,extra
lcdd,extra
lcdd_gmp,extra
lcdexec,extra
lcdgps,extra
lcdident.pl,extra
lcdmetar.pl,extra
lcdproc,extra
lcdvc,extra
lcheck6,extra
lckdo,extra
lconvert,extra
lconvert-qt5,extra
lconvert6,extra
lcov,extra
lcp_rtt_dump,core
lcp_rtt_exporter,core
ld,core
ld.bfd,core
ld.gold,core
ld.lld,extra
ld.mold,extra
ld.musl-clang,extra
ld.so,core
ld.wild,extra
ld10k1,extra
ld10k1d,extra
ld64.lld,extra
ldap-agent,extra
ldapadd,core
ldapcompare,core
ldapdelete,core
ldapdomaindump,extra
ldapexop,core
ldapmodify,core
ldapmodrdn,core
ldappasswd,core
ldapsearch,core
ldapurl,core
ldapvc,core
ldapwhoami,core
ldattach,core
ldb,extra
ldbadd,extra
ldbdel,extra
ldbedit,extra
ldbmodify,extra
ldbrename,extra
ldbsearch,extra
ldc,extra
ldc-build-plugin,extra
ldc-build-runtime,extra
ldc-profdata,extra
ldc-profgen,extra
ldc-prune-cache,extra
ldc2,extra
ldclt,extra
ldconfig,core
ldd,core
ldd.fakechroot,extra
ldd2bloodhound,extra
ldd2pretty,extra
lddd,extra
lddtree,extra
ldif2john,extra
ldiff,extra
ldmd,extra
ldmd2,extra
ldmtool,extra
ldns-chaos,core
ldns-compare-zones,core
ldns-config,core
ldns-dane,core
ldns-dpa,core
ldns-gen-zone,core
ldns-key2ds,core
ldns-keyfetcher,core
ldns-keygen,core
ldns-mx,core
ldns-notify,core
ldns-nsec3-hash,core
ldns-read-zone,core
ldns-resolver,core
ldns-revoke,core
ldns-rrsig,core
ldns-signzone,core
ldns-test-edns,core
ldns-testns,core
ldns-update,core
ldns-verify-zone,core
ldns-version,core
ldns-walk,core
ldns-zcat,core
ldns-zsplit,core
ldnsd,core
ldo65,extra
ldoc,extra
ldpc_dec,extra
ldpc_enc,extra
ldpc_noise,extra
ldproxy,extra
ldresample,extra
ldverify,extra
leaftoppm,extra
lecs,extra
ledger,extra
leet,extra
leg,extra
legacy_samples,extra
legba,extra
lego,extra
lein,extra
lein-standalone,extra
lemon,core
lemon-0.x-to-1.x.sh,extra
lemonade,extra
lemonade-app,extra
lemonade-web-app,extra
lemond,extra
lemons,extra
lemurs,extra
len,extra
lensfun-add-adapter,extra
lensfun-update-data,extra
leocad,extra
les,extra
less,core
less_trivial_synth,extra
lesskey,core
lesspipe.sh,extra
letterpress,extra
lex,core
lex_count,extra
lexcount1,extra
lexgrog,core
lexicon,extra
lf,extra
lf-mkmovixiso,extra
lftp,extra
lftpget,extra
lgf-gen,extra
lha,extra
libIDL-config-2,extra
libcamera-bug-report,extra
libcamerify,extra
libcdaudio-config,extra
libdeflate-gunzip,extra
libdeflate-gzip,extra
libecasound-config,extra
libecasoundc-config,extra
libevdev-tweak-device,extra
libfm-pref-apps,extra
libftdi-config,extra
libftdi1-config,extra
libguestfs-make-fixed-appliance,extra
libguestfs-test-tool,extra
libiconv,extra
libieee1284_test,extra
libime_history,extra
libime_migrate_fcitx4_pinyin,extra
libime_migrate_fcitx4_table,extra
libime_pinyindict,extra
libime_prediction,extra
libime_slm_build_binary,extra
libime_tabledict,extra
libinput,extra
libmcrypt-config,extra
libmikmod-config,extra
libnet-config,extra
libnovaconfig,extra
libotf-config,extra
libpanel-example,extra
libparse,extra
libpng-config,extra
libpng-config-32,multilib
libpng16-config,extra
libpng16-config-32,multilib
libpolys-config,extra
librecad,extra
libredefender,extra
libreoffice,extra
libreoffice2john,extra
librespot,extra
libresprite,extra
libresprite-thumbnailer,extra
libressl-ocspcheck,extra
libressl-openssl,extra
librest-demo,extra
librewolf,extra
libsingular-config,extra
libsixel-config,extra
libtar,extra
libtool,core
libtool-next-version,core
libtoolize,core
libusb-config,extra
libval-config,extra
libvirt-dbus,extra
libvirtd,extra
libwacom-list-devices,extra
libwacom-list-local-devices,extra
libwacom-show-stylus,extra
libwacom-update-db,extra
libwhich,extra
libwmf-config,extra
libwmf-fontmap,extra
lifeograph,extra
liferea,extra
liferea-add-feed,extra
lig,extra
light-locker,extra
light-locker-command,extra
lightdm,extra
lightdm-deepin-greeter,extra
lightdm-gtk-greeter,extra
lightdm-gtk-greeter-settings,extra
lightdm-gtk-greeter-settings-pkexec,extra
lightdm-webkit2-greeter,extra
lightsoff,extra
lighttpd,extra
lighttpd-angel,extra
lily-glyph-commands,extra
lily-image-commands,extra
lily-rebuild-pdfs,extra
lilymidi,extra
lilypond,extra
lilypond-book,extra
lilypond-invoke-editor,extra
limine,extra
linbox-config,extra
lincity-ng,extra
line,extra
line-clip,extra
line-clip32,multilib
line-cull,extra
line-cull32,multilib
line-flat,extra
line-flat32,multilib
line-smooth,extra
line-smooth32,multilib
line-stipple-wide,extra
line-stipple-wide32,multilib
line-userclip,extra
line-userclip-clip,extra
line-userclip-clip32,multilib
line-userclip-nop,extra
line-userclip-nop-clip,extra
line-userclip-nop-clip32,multilib
line-userclip-nop32,multilib
line-userclip32,multilib
line-wide,extra
line-wide32,multilib
line-xor,extra
line-xor32,multilib
line32,multilib
linefind,extra
linegraphg,extra
lineloop,extra
lineloop-clip,extra
lineloop-clip32,multilib
lineloop-elts,extra
lineloop-elts32,multilib
lineloop32,multilib
linestrip,extra
linestrip-clip,extra
linestrip-clip32,multilib
linestrip-flat-stipple,extra
linestrip-flat-stipple32,multilib
linestrip-stipple,extra
linestrip-stipple-wide,extra
linestrip-stipple-wide32,multilib
linestrip-stipple32,multilib
linestrip32,multilib
linguist,extra
linguist-qt5,extra
linguist6,extra
link,core
link-generator,extra
link-parser,extra
linkicc,extra
links,core
linktest,extra
linktest-mesa,extra
linktest32,multilib
linssid,extra
linssid-pkexec,extra
lint-dependency-groups,extra
linux-boot-prober,extra
linux32,core
linux64,core
linuxdoc,extra
linuxsampler,extra
linuxwave,extra
lion2john,extra
lion2john-alt,extra
liquidctl,extra
liquidsfz,extra
lirc-config-tool,extra
lirc-data2table,extra
lirc-init-db,extra
lirc-lsplugins,extra
lirc-lsremotes,extra
lirc-make-devinput,extra
lirc-postinstall,extra
lirc-setup,extra
lircd,extra
lircd-setup,extra
lircd-uinput,extra
lircmd,extra
lircrcd,extra
lire,extra
lisp,multilib
lisp_count,extra
lispmtopgm,extra
list_cubics,extra
list_interfaces.rb,extra
listaction,extra
listaction_d,extra
listbib,extra
listen,extra
listenbrainz-mpd,extra
listfdb,extra
listg,extra
listgeo,extra
listings-ext.sh,extra
listjpeg,extra
listmp3,extra
listnewconfig,extra
listplugins,extra
listswf,extra
listswf_d,extra
listxendoms,extra
lit,extra
lit2epub,extra
lite-xl,extra
liteide,extra
live555HLSProxy,extra
live555MediaServer,extra
live555ProxyServer,extra
livedings,extra
lkbib,core
ll-box,extra
ll-builder,extra
ll-cli,extra
llama-batched,extra
llama-batched-bench,extra
llama-bench,extra
llama-cli,extra
llama-completion,extra
llama-debug,extra
llama-diffusion-cli,extra
llama-embedding,extra
llama-eval-callback,extra
llama-finetune,extra
llama-fit-params,extra
llama-gen-docs,extra
llama-gguf,extra
llama-gguf-hash,extra
llama-gguf-split,extra
llama-idle,extra
llama-imatrix,extra
llama-lookahead,extra
llama-lookup,extra
llama-lookup-create,extra
llama-lookup-merge,extra
llama-lookup-stats,extra
llama-mtmd-cli,extra
llama-parallel,extra
llama-passkey,extra
llama-perplexity,extra
llama-quantize,extra
llama-results,extra
llama-retrieval,extra
llama-server,extra
llama-simple,extra
llama-simple-chat,extra
llama-speculative,extra
llama-speculative-simple,extra
llama-tokenize,extra
llama-tts,extra
llc,extra
llc-18,extra
llc-19,extra
llc-20,extra
llc-21,extra
llcstat,extra
lld,extra
lld-link,extra
lldb,extra
lldb-argdumper,extra
lldb-dap,extra
lldb-instr,extra
lldb-mcp,extra
lldb-mi,extra
lldb-server,extra
lldpcli,extra
lldpctl,extra
lldpd,extra
lli,extra
lli-18,extra
lli-19,extra
lli-20,extra
lli-21,extra
lli-child-target,extra
lli-child-target-18,extra
lli-child-target-19,extra
lli-child-target-20,extra
lli-child-target-21,extra
llm-manager,extra
llmfit,extra
llmk,extra
llpkg,extra
llvm-PerfectShuffle,extra
llvm-PerfectShuffle-18,extra
llvm-PerfectShuffle-19,extra
llvm-PerfectShuffle-20,extra
llvm-PerfectShuffle-21,extra
llvm-addr2line,extra
llvm-addr2line-18,extra
llvm-addr2line-19,extra
llvm-addr2line-20,extra
llvm-addr2line-21,extra
llvm-ar,extra
llvm-ar-18,extra
llvm-ar-19,extra
llvm-ar-20,extra
llvm-ar-21,extra
llvm-as,extra
llvm-as-18,extra
llvm-as-19,extra
llvm-as-20,extra
llvm-as-21,extra
llvm-bcanalyzer,extra
llvm-bcanalyzer-18,extra
llvm-bcanalyzer-19,extra
llvm-bcanalyzer-20,extra
llvm-bcanalyzer-21,extra
llvm-bitcode-strip,extra
llvm-bitcode-strip-18,extra
llvm-bitcode-strip-19,extra
llvm-bitcode-strip-20,extra
llvm-bitcode-strip-21,extra
llvm-c-test,extra
llvm-c-test-18,extra
llvm-c-test-19,extra
llvm-c-test-20,extra
llvm-c-test-21,extra
llvm-cas,extra
llvm-cat,extra
llvm-cat-18,extra
llvm-cat-19,extra
llvm-cat-20,extra
llvm-cat-21,extra
llvm-cfi-verify,extra
llvm-cfi-verify-18,extra
llvm-cfi-verify-19,extra
llvm-cfi-verify-20,extra
llvm-cfi-verify-21,extra
llvm-cgdata,extra
llvm-cgdata-20,extra
llvm-cgdata-21,extra
llvm-config,extra
llvm-config-18,extra
llvm-config-19,extra
llvm-config-20,extra
llvm-config-21,extra
llvm-config32,multilib
llvm-cov,extra
llvm-cov-18,extra
llvm-cov-19,extra
llvm-cov-20,extra
llvm-cov-21,extra
llvm-ctxprof-util,extra
llvm-ctxprof-util-20,extra
llvm-ctxprof-util-21,extra
llvm-cvtres,extra
llvm-cvtres-18,extra
llvm-cvtres-19,extra
llvm-cvtres-20,extra
llvm-cvtres-21,extra
llvm-cxxdump,extra
llvm-cxxdump-18,extra
llvm-cxxdump-19,extra
llvm-cxxdump-20,extra
llvm-cxxdump-21,extra
llvm-cxxfilt,extra
llvm-cxxfilt-18,extra
llvm-cxxfilt-19,extra
llvm-cxxfilt-20,extra
llvm-cxxfilt-21,extra
llvm-cxxmap,extra
llvm-cxxmap-18,extra
llvm-cxxmap-19,extra
llvm-cxxmap-20,extra
llvm-cxxmap-21,extra
llvm-debuginfo-analyzer,extra
llvm-debuginfo-analyzer-18,extra
llvm-debuginfo-analyzer-19,extra
llvm-debuginfo-analyzer-20,extra
llvm-debuginfo-analyzer-21,extra
llvm-debuginfod,extra
llvm-debuginfod-18,extra
llvm-debuginfod-19,extra
llvm-debuginfod-20,extra
llvm-debuginfod-21,extra
llvm-debuginfod-find,extra
llvm-debuginfod-find-18,extra
llvm-debuginfod-find-19,extra
llvm-debuginfod-find-20,extra
llvm-debuginfod-find-21,extra
llvm-diff,extra
llvm-diff-18,extra
llvm-diff-19,extra
llvm-diff-20,extra
llvm-diff-21,extra
llvm-dis,extra
llvm-dis-18,extra
llvm-dis-19,extra
llvm-dis-20,extra
llvm-dis-21,extra
llvm-dlltool,extra
llvm-dlltool-18,extra
llvm-dlltool-19,extra
llvm-dlltool-20,extra
llvm-dlltool-21,extra
llvm-dwarfdump,extra
llvm-dwarfdump-18,extra
llvm-dwarfdump-19,extra
llvm-dwarfdump-20,extra
llvm-dwarfdump-21,extra
llvm-dwarfutil,extra
llvm-dwarfutil-18,extra
llvm-dwarfutil-19,extra
llvm-dwarfutil-20,extra
llvm-dwarfutil-21,extra
llvm-dwp,extra
llvm-dwp-18,extra
llvm-dwp-19,extra
llvm-dwp-20,extra
llvm-dwp-21,extra
llvm-extract,extra
llvm-extract-18,extra
llvm-extract-19,extra
llvm-extract-20,extra
llvm-extract-21,extra
llvm-gsymutil,extra
llvm-gsymutil-18,extra
llvm-gsymutil-19,extra
llvm-gsymutil-20,extra
llvm-gsymutil-21,extra
llvm-ifs,extra
llvm-ifs-18,extra
llvm-ifs-19,extra
llvm-ifs-20,extra
llvm-ifs-21,extra
llvm-install-name-tool,extra
llvm-install-name-tool-18,extra
llvm-install-name-tool-19,extra
llvm-install-name-tool-20,extra
llvm-install-name-tool-21,extra
llvm-ir2vec,extra
llvm-jitlink,extra
llvm-jitlink-18,extra
llvm-jitlink-19,extra
llvm-jitlink-20,extra
llvm-jitlink-21,extra
llvm-jitlink-executor,extra
llvm-jitlink-executor-18,extra
llvm-jitlink-executor-19,extra
llvm-jitlink-executor-20,extra
llvm-jitlink-executor-21,extra
llvm-lib,extra
llvm-lib-18,extra
llvm-lib-19,extra
llvm-lib-20,extra
llvm-lib-21,extra
llvm-libtool-darwin,extra
llvm-libtool-darwin-18,extra
llvm-libtool-darwin-19,extra
llvm-libtool-darwin-20,extra
llvm-libtool-darwin-21,extra
llvm-link,extra
llvm-link-18,extra
llvm-link-19,extra
llvm-link-20,extra
llvm-link-21,extra
llvm-lipo,extra
llvm-lipo-18,extra
llvm-lipo-19,extra
llvm-lipo-20,extra
llvm-lipo-21,extra
llvm-lto,extra
llvm-lto-18,extra
llvm-lto-19,extra
llvm-lto-20,extra
llvm-lto-21,extra
llvm-lto2,extra
llvm-lto2-18,extra
llvm-lto2-19,extra
llvm-lto2-20,extra
llvm-lto2-21,extra
llvm-mc,extra
llvm-mc-18,extra
llvm-mc-19,extra
llvm-mc-20,extra
llvm-mc-21,extra
llvm-mca,extra
llvm-mca-18,extra
llvm-mca-19,extra
llvm-mca-20,extra
llvm-mca-21,extra
llvm-ml,extra
llvm-ml-18,extra
llvm-ml-19,extra
llvm-ml-20,extra
llvm-ml-21,extra
llvm-ml64,extra
llvm-ml64-21,extra
llvm-modextract,extra
llvm-modextract-18,extra
llvm-modextract-19,extra
llvm-modextract-20,extra
llvm-modextract-21,extra
llvm-mt,extra
llvm-mt-18,extra
llvm-mt-19,extra
llvm-mt-20,extra
llvm-mt-21,extra
llvm-nm,extra
llvm-nm-18,extra
llvm-nm-19,extra
llvm-nm-20,extra
llvm-nm-21,extra
llvm-objcopy,extra
llvm-objcopy-18,extra
llvm-objcopy-19,extra
llvm-objcopy-20,extra
llvm-objcopy-21,extra
llvm-objdump,extra
llvm-objdump-18,extra
llvm-objdump-19,extra
llvm-objdump-20,extra
llvm-objdump-21,extra
llvm-offload-binary,extra
llvm-offload-wrapper,extra
llvm-opt-report,extra
llvm-opt-report-18,extra
llvm-opt-report-19,extra
llvm-opt-report-20,extra
llvm-opt-report-21,extra
llvm-otool,extra
llvm-otool-18,extra
llvm-otool-19,extra
llvm-otool-20,extra
llvm-otool-21,extra
llvm-pdbutil,extra
llvm-pdbutil-18,extra
llvm-pdbutil-19,extra
llvm-pdbutil-20,extra
llvm-pdbutil-21,extra
llvm-profdata,extra
llvm-profdata-18,extra
llvm-profdata-19,extra
llvm-profdata-20,extra
llvm-profdata-21,extra
llvm-profgen,extra
llvm-profgen-18,extra
llvm-profgen-19,extra
llvm-profgen-20,extra
llvm-profgen-21,extra
llvm-ranlib,extra
llvm-ranlib-18,extra
llvm-ranlib-19,extra
llvm-ranlib-20,extra
llvm-ranlib-21,extra
llvm-rc,extra
llvm-rc-18,extra
llvm-rc-19,extra
llvm-rc-20,extra
llvm-rc-21,extra
llvm-readelf,extra
llvm-readelf-18,extra
llvm-readelf-19,extra
llvm-readelf-20,extra
llvm-readelf-21,extra
llvm-readobj,extra
llvm-readobj-18,extra
llvm-readobj-19,extra
llvm-readobj-20,extra
llvm-readobj-21,extra
llvm-readtapi,extra
llvm-readtapi-18,extra
llvm-readtapi-19,extra
llvm-readtapi-20,extra
llvm-readtapi-21,extra
llvm-reduce,extra
llvm-reduce-18,extra
llvm-reduce-19,extra
llvm-reduce-20,extra
llvm-reduce-21,extra
llvm-remarkutil,extra
llvm-remarkutil-18,extra
llvm-remarkutil-19,extra
llvm-remarkutil-20,extra
llvm-remarkutil-21,extra
llvm-rtdyld,extra
llvm-rtdyld-18,extra
llvm-rtdyld-19,extra
llvm-rtdyld-20,extra
llvm-rtdyld-21,extra
llvm-sim,extra
llvm-sim-18,extra
llvm-sim-19,extra
llvm-sim-20,extra
llvm-sim-21,extra
llvm-size,extra
llvm-size-18,extra
llvm-size-19,extra
llvm-size-20,extra
llvm-size-21,extra
llvm-spirv,extra
llvm-split,extra
llvm-split-18,extra
llvm-split-19,extra
llvm-split-20,extra
llvm-split-21,extra
llvm-stress,extra
llvm-stress-18,extra
llvm-stress-19,extra
llvm-stress-20,extra
llvm-stress-21,extra
llvm-strings,extra
llvm-strings-18,extra
llvm-strings-19,extra
llvm-strings-20,extra
llvm-strings-21,extra
llvm-strip,extra
llvm-strip-18,extra
llvm-strip-19,extra
llvm-strip-20,extra
llvm-strip-21,extra
llvm-symbolizer,extra
llvm-symbolizer-18,extra
llvm-symbolizer-19,extra
llvm-symbolizer-20,extra
llvm-symbolizer-21,extra
llvm-tblgen,extra
llvm-tblgen-18,extra
llvm-tblgen-19,extra
llvm-tblgen-20,extra
llvm-tblgen-21,extra
llvm-test-mustache-spec,extra
llvm-test-mustache-spec-21,extra
llvm-tli-checker,extra
llvm-tli-checker-18,extra
llvm-tli-checker-19,extra
llvm-tli-checker-20,extra
llvm-tli-checker-21,extra
llvm-undname,extra
llvm-undname-18,extra
llvm-undname-19,extra
llvm-undname-20,extra
llvm-undname-21,extra
llvm-windres,extra
llvm-windres-18,extra
llvm-windres-19,extra
llvm-windres-20,extra
llvm-windres-21,extra
llvm-xray,extra
llvm-xray-18,extra
llvm-xray-19,extra
llvm-xray-20,extra
llvm-xray-21,extra
llvm2lcov,extra
lm32-elf-addr2line,extra
lm32-elf-ar,extra
lm32-elf-as,extra
lm32-elf-c++,extra
lm32-elf-c++filt,extra
lm32-elf-cpp,extra
lm32-elf-elfedit,extra
lm32-elf-g++,extra
lm32-elf-gcc,extra
lm32-elf-gcc-15.2.0,extra
lm32-elf-gcc-ar,extra
lm32-elf-gcc-nm,extra
lm32-elf-gcc-ranlib,extra
lm32-elf-gcov,extra
lm32-elf-gcov-dump,extra
lm32-elf-gcov-tool,extra
lm32-elf-gdb,extra
lm32-elf-gdb-add-index,extra
lm32-elf-gprof,extra
lm32-elf-gstack,extra
lm32-elf-ld,extra
lm32-elf-ld.bfd,extra
lm32-elf-lto-dump,extra
lm32-elf-nm,extra
lm32-elf-objcopy,extra
lm32-elf-objdump,extra
lm32-elf-ranlib,extra
lm32-elf-readelf,extra
lm32-elf-size,extra
lm32-elf-strings,extra
lm32-elf-strip,extra
lmms,extra
lmtpd,extra
ln,core
lnav,extra
lndir,extra
lnnmz,extra
lnstat,core
lo10k1,extra
loadjpeg,extra
loadkeys,core
loadndisdriver,extra
loadtrk,extra
loadunimap,core
lobase,extra
local_discovery6.sh,extra
local_lat,extra
local_thr,extra
localc,extra
locale,core
locale-gen,core
localectl,core
localedef,core
localinfo,extra
localsearch,extra
locate,extra
location,extra
location-importer,extra
lockfile-check,extra
lockfile-create,extra
lockfile-remove,extra
lockfile-touch,extra
locktest,extra
lockutils-wrapper,extra
lodbias,extra
lodbias32,multilib
lodraw,extra
loffice,extra
lofromtemplate,extra
log2journal,extra
logcli,extra
logconv.pl,extra
logconv.py,extra
loggen,extra
logger,core
login,core
loginctl,core
logname,core
logresolve,extra
logrotate,core
logsave,core
logwatch,extra
loimpress,extra
lokalize,extra
loki,extra
loki-canary,extra
lokitool,extra
lolcat,extra
lollipop,extra
lollypop,extra
lomath,extra
long-fixed-func,extra
long-fixed-func32,multilib
look,core
lookandfeelexplorer,extra
lookandfeeltool,extra
lookbib,core
lookupsid.py,extra
loongarch64-linux-gnu-addr2line,extra
loongarch64-linux-gnu-ar,extra
loongarch64-linux-gnu-as,extra
loongarch64-linux-gnu-c++,extra
loongarch64-linux-gnu-c++filt,extra
loongarch64-linux-gnu-cpp,extra
loongarch64-linux-gnu-elfedit,extra
loongarch64-linux-gnu-g++,extra
loongarch64-linux-gnu-gcc,extra
loongarch64-linux-gnu-gcc-16.2.0,extra
loongarch64-linux-gnu-gcc-ar,extra
loongarch64-linux-gnu-gcc-nm,extra
loongarch64-linux-gnu-gcc-ranlib,extra
loongarch64-linux-gnu-gcov,extra
loongarch64-linux-gnu-gcov-dump,extra
loongarch64-linux-gnu-gcov-tool,extra
loongarch64-linux-gnu-gdb,extra
loongarch64-linux-gnu-gdb-add-index,extra
loongarch64-linux-gnu-gprof,extra
loongarch64-linux-gnu-gstack,extra
loongarch64-linux-gnu-ld,extra
loongarch64-linux-gnu-ld.bfd,extra
loongarch64-linux-gnu-lto-dump,extra
loongarch64-linux-gnu-nm,extra
loongarch64-linux-gnu-objcopy,extra
loongarch64-linux-gnu-objdump,extra
loongarch64-linux-gnu-ranlib,extra
loongarch64-linux-gnu-readelf,extra
loongarch64-linux-gnu-size,extra
loongarch64-linux-gnu-strings,extra
loongarch64-linux-gnu-strip,extra
lorem,extra
losetup,core
lostfiles,extra
lotus2john,extra
lou_allround,extra
lou_checkhyphens,extra
lou_checktable,extra
lou_checkyaml,extra
lou_debug,extra
lou_maketable,extra
lou_tableinfo,extra
lou_trace,extra
lou_translate,extra
loupe,extra
lout,extra
love,extra
lowdown,extra
lowdown-diff,extra
loweb,extra
lowntfs-3g,extra
lowriter,extra
lp,extra
lp2,extra
lp_solve,extra
lpadd,extra
lpadmin,extra
lpanal,extra
lpc,extra
lpc_export,extra
lpc_import,extra
lpdump,extra
lpflash,extra
lpinfo,extra
lpm,extra
lpmake,extra
lpmove,extra
lpoptions,extra
lpq,extra
lpr,extra
lprint,extra
lprm,extra
lprodump,extra
lprodump-qt5,extra
lpstat,extra
lpunlock,extra
lpunpack,extra
lr_anondump,extra
lr_anonymize,extra
lr_cron,extra
lr_deanonymize,extra
lr_desyslog,extra
lr_env,extra
lr_log2mail,extra
lr_log2report,extra
lr_rawmail2mail,extra
lr_report_cfg2xml,extra
lr_run,extra
lr_setup_responder,extra
lr_spec2pot,extra
lr_spoold,extra
lr_vendor_cron,extra
lr_xml2mail,extra
lr_xml2report,extra
lrcalc,extra
lrelease,extra
lrelease-pro,extra
lrelease-pro-qt5,extra
lrelease-pro6,extra
lrelease-qt5,extra
lrelease6,extra
lrf2lrs,extra
lrfviewer,extra
lrs,extra
lrs2lrf,extra
lrsnash,extra
lrunzip,extra
lrz,extra
lrzcat,extra
lrzip,extra
lrzsz-rb,extra
lrzsz-rx,extra
lrzsz-rz,extra
lrzsz-sb,extra
lrzsz-sx,extra
lrzsz-sz,extra
lrztar,extra
lrzuntar,extra
ls,core
ls2ti3,extra
ls_instr_script,extra
lsar,extra
lsattr,core
lsb_release,extra
lsblk,core
lsbtr,extra
lsclocks,core
lscollection,extra
lscp,core
lscp-linuxsampler,extra
lscpu,core
lsd,extra
lsdev,extra
lsdiff,extra
lsdistcc,extra
lsdosattr,extra
lsdvd,extra
lsfd,core
lsgpu,extra
lshw,extra
lsinitcpio,core
lsinitrd,extra
lsipc,core
lsirq,core
lsix,extra
lskat,extra
lslocks,core
lslogins,core
lsm2bin,extra
lsmem,core
lsmod,core
lsmon,extra
lsmtd,extra
lsns,core
lsof,extra
lsoptdepends,extra
lsp-demo-reactor-server,extra
lsp-demo-simple-server,extra
lsp-plugins,extra
lsp-plugins-ab-tester-x2-mono,extra
lsp-plugins-ab-tester-x2-stereo,extra
lsp-plugins-ab-tester-x4-mono,extra
lsp-plugins-ab-tester-x4-stereo,extra
lsp-plugins-ab-tester-x8-mono,extra
lsp-plugins-ab-tester-x8-stereo,extra
lsp-plugins-art-delay-mono,extra
lsp-plugins-art-delay-stereo,extra
lsp-plugins-autogain-mono,extra
lsp-plugins-autogain-stereo,extra
lsp-plugins-beat-breather-mono,extra
lsp-plugins-beat-breather-stereo,extra
lsp-plugins-chorus-mono,extra
lsp-plugins-chorus-stereo,extra
lsp-plugins-clipper-mono,extra
lsp-plugins-clipper-stereo,extra
lsp-plugins-comp-delay-mono,extra
lsp-plugins-comp-delay-stereo,extra
lsp-plugins-comp-delay-x2-stereo,extra
lsp-plugins-compressor-lr,extra
lsp-plugins-compressor-mono,extra
lsp-plugins-compressor-ms,extra
lsp-plugins-compressor-stereo,extra
lsp-plugins-crossover-lr,extra
lsp-plugins-crossover-mono,extra
lsp-plugins-crossover-ms,extra
lsp-plugins-crossover-stereo,extra
lsp-plugins-deesser-mono,extra
lsp-plugins-deesser-stereo,extra
lsp-plugins-dyna-processor-lr,extra
lsp-plugins-dyna-processor-mono,extra
lsp-plugins-dyna-processor-ms,extra
lsp-plugins-dyna-processor-stereo,extra
lsp-plugins-expander-lr,extra
lsp-plugins-expander-mono,extra
lsp-plugins-expander-ms,extra
lsp-plugins-expander-stereo,extra
lsp-plugins-filter-mono,extra
lsp-plugins-filter-stereo,extra
lsp-plugins-flanger-mono,extra
lsp-plugins-flanger-stereo,extra
lsp-plugins-gate-lr,extra
lsp-plugins-gate-mono,extra
lsp-plugins-gate-ms,extra
lsp-plugins-gate-stereo,extra
lsp-plugins-gott-compressor-lr,extra
lsp-plugins-gott-compressor-mono,extra
lsp-plugins-gott-compressor-ms,extra
lsp-plugins-gott-compressor-stereo,extra
lsp-plugins-graph-equalizer-x16-lr,extra
lsp-plugins-graph-equalizer-x16-mono,extra
lsp-plugins-graph-equalizer-x16-ms,extra
lsp-plugins-graph-equalizer-x16-stereo,extra
lsp-plugins-graph-equalizer-x32-lr,extra
lsp-plugins-graph-equalizer-x32-mono,extra
lsp-plugins-graph-equalizer-x32-ms,extra
lsp-plugins-graph-equalizer-x32-stereo,extra
lsp-plugins-impulse-responses-mono,extra
lsp-plugins-impulse-responses-stereo,extra
lsp-plugins-impulse-reverb-mono,extra
lsp-plugins-impulse-reverb-stereo,extra
lsp-plugins-latency-meter,extra
lsp-plugins-limiter-mono,extra
lsp-plugins-limiter-stereo,extra
lsp-plugins-loud-comp-mono,extra
lsp-plugins-loud-comp-stereo,extra
lsp-plugins-matcher-mono,extra
lsp-plugins-matcher-stereo,extra
lsp-plugins-mb-clipper-mono,extra
lsp-plugins-mb-clipper-stereo,extra
lsp-plugins-mb-compressor-lr,extra
lsp-plugins-mb-compressor-mono,extra
lsp-plugins-mb-compressor-ms,extra
lsp-plugins-mb-compressor-stereo,extra
lsp-plugins-mb-dyna-processor-lr,extra
lsp-plugins-mb-dyna-processor-mono,extra
lsp-plugins-mb-dyna-processor-ms,extra
lsp-plugins-mb-dyna-processor-stereo,extra
lsp-plugins-mb-expander-lr,extra
lsp-plugins-mb-expander-mono,extra
lsp-plugins-mb-expander-ms,extra
lsp-plugins-mb-expander-stereo,extra
lsp-plugins-mb-gate-lr,extra
lsp-plugins-mb-gate-mono,extra
lsp-plugins-mb-gate-ms,extra
lsp-plugins-mb-gate-stereo,extra
lsp-plugins-mb-limiter-mono,extra
lsp-plugins-mb-limiter-stereo,extra
lsp-plugins-mb-ringmod-sc-mono,extra
lsp-plugins-mb-ringmod-sc-stereo,extra
lsp-plugins-mixer-x16-mono,extra
lsp-plugins-mixer-x16-stereo,extra
lsp-plugins-mixer-x4-mono,extra
lsp-plugins-mixer-x4-stereo,extra
lsp-plugins-mixer-x8-mono,extra
lsp-plugins-mixer-x8-stereo,extra
lsp-plugins-multisampler-x12,extra
lsp-plugins-multisampler-x12-do,extra
lsp-plugins-multisampler-x24,extra
lsp-plugins-multisampler-x24-do,extra
lsp-plugins-multisampler-x48,extra
lsp-plugins-multisampler-x48-do,extra
lsp-plugins-noise-generator-x1,extra
lsp-plugins-noise-generator-x2,extra
lsp-plugins-noise-generator-x4,extra
lsp-plugins-oscillator-mono,extra
lsp-plugins-oscilloscope-x1,extra
lsp-plugins-oscilloscope-x2,extra
lsp-plugins-oscilloscope-x4,extra
lsp-plugins-para-equalizer-x16-lr,extra
lsp-plugins-para-equalizer-x16-mono,extra
lsp-plugins-para-equalizer-x16-ms,extra
lsp-plugins-para-equalizer-x16-stereo,extra
lsp-plugins-para-equalizer-x32-lr,extra
lsp-plugins-para-equalizer-x32-mono,extra
lsp-plugins-para-equalizer-x32-ms,extra
lsp-plugins-para-equalizer-x32-stereo,extra
lsp-plugins-para-equalizer-x8-lr,extra
lsp-plugins-para-equalizer-x8-mono,extra
lsp-plugins-para-equalizer-x8-ms,extra
lsp-plugins-para-equalizer-x8-stereo,extra
lsp-plugins-phase-detector,extra
lsp-plugins-phaser-mono,extra
lsp-plugins-phaser-stereo,extra
lsp-plugins-profiler-mono,extra
lsp-plugins-profiler-stereo,extra
lsp-plugins-referencer-mono,extra
lsp-plugins-referencer-stereo,extra
lsp-plugins-return-mono,extra
lsp-plugins-return-stereo,extra
lsp-plugins-ringmod-sc-mono,extra
lsp-plugins-ringmod-sc-stereo,extra
lsp-plugins-room-builder-mono,extra
lsp-plugins-room-builder-stereo,extra
lsp-plugins-sampler-mono,extra
lsp-plugins-sampler-stereo,extra
lsp-plugins-sc-autogain-mono,extra
lsp-plugins-sc-autogain-stereo,extra
lsp-plugins-sc-compressor-lr,extra
lsp-plugins-sc-compressor-mono,extra
lsp-plugins-sc-compressor-ms,extra
lsp-plugins-sc-compressor-stereo,extra
lsp-plugins-sc-deesser-mono,extra
lsp-plugins-sc-deesser-stereo,extra
lsp-plugins-sc-dyna-processor-lr,extra
lsp-plugins-sc-dyna-processor-mono,extra
lsp-plugins-sc-dyna-processor-ms,extra
lsp-plugins-sc-dyna-processor-stereo,extra
lsp-plugins-sc-expander-lr,extra
lsp-plugins-sc-expander-mono,extra
lsp-plugins-sc-expander-ms,extra
lsp-plugins-sc-expander-stereo,extra
lsp-plugins-sc-gate-lr,extra
lsp-plugins-sc-gate-mono,extra
lsp-plugins-sc-gate-ms,extra
lsp-plugins-sc-gate-stereo,extra
lsp-plugins-sc-gott-compressor-lr,extra
lsp-plugins-sc-gott-compressor-mono,extra
lsp-plugins-sc-gott-compressor-ms,extra
lsp-plugins-sc-gott-compressor-stereo,extra
lsp-plugins-sc-limiter-mono,extra
lsp-plugins-sc-limiter-stereo,extra
lsp-plugins-sc-matcher-mono,extra
lsp-plugins-sc-matcher-stereo,extra
lsp-plugins-sc-mb-compressor-lr,extra
lsp-plugins-sc-mb-compressor-mono,extra
lsp-plugins-sc-mb-compressor-ms,extra
lsp-plugins-sc-mb-compressor-stereo,extra
lsp-plugins-sc-mb-dyna-processor-lr,extra
lsp-plugins-sc-mb-dyna-processor-mono,extra
lsp-plugins-sc-mb-dyna-processor-ms,extra
lsp-plugins-sc-mb-dyna-processor-stereo,extra
lsp-plugins-sc-mb-expander-lr,extra
lsp-plugins-sc-mb-expander-mono,extra
lsp-plugins-sc-mb-expander-ms,extra
lsp-plugins-sc-mb-expander-stereo,extra
lsp-plugins-sc-mb-gate-lr,extra
lsp-plugins-sc-mb-gate-mono,extra
lsp-plugins-sc-mb-gate-ms,extra
lsp-plugins-sc-mb-gate-stereo,extra
lsp-plugins-sc-mb-limiter-mono,extra
lsp-plugins-sc-mb-limiter-stereo,extra
lsp-plugins-send-mono,extra
lsp-plugins-send-stereo,extra
lsp-plugins-slap-delay-mono,extra
lsp-plugins-slap-delay-stereo,extra
lsp-plugins-spectrum-analyzer-x1,extra
lsp-plugins-spectrum-analyzer-x12,extra
lsp-plugins-spectrum-analyzer-x16,extra
lsp-plugins-spectrum-analyzer-x2,extra
lsp-plugins-spectrum-analyzer-x4,extra
lsp-plugins-spectrum-analyzer-x8,extra
lsp-plugins-surge-filter-mono,extra
lsp-plugins-surge-filter-stereo,extra
lsp-plugins-trigger-midi-mono,extra
lsp-plugins-trigger-midi-stereo,extra
lsp-plugins-trigger-mono,extra
lsp-plugins-trigger-stereo,extra
lspci,core
lspst,extra
lss16toppm,core
lsscsi,extra
lssu,core
lstimed,extra
lstmeval,extra
lstmtraining,extra
lstopo,extra
lstopo-no-graphics,extra
lsusb,core
lsusb.py,core
lsvmbus,extra
lsw,extra
lswallpaper,extra
ltags,extra
ltext2id6,extra
lto-dump,core
ltrace,extra
ltreloc,extra
lttng-gen-tp,extra
ltx2crossrefxml,extra
ltx2unitxt,extra
ltxfileinfo,extra
ltximg,extra
lua,extra
lua-language-server,extra
lua5.1,extra
lua5.2,extra
lua5.3,extra
lua5.4,extra
lua5.5,extra
luac,extra
luac5.1,extra
luac5.2,extra
luac5.3,extra
luac5.4,extra
luac5.5,extra
luacheck,extra
luacsplain,extra
luafindfont,extra
luahbtex,extra
luajit,extra
luajit-2.1.1788856981,extra
luajithbtex,extra
luajittex,extra
luakit,extra
lualatex,extra
lualatex-dev,extra
luametatex,extra
luanti,extra
luantiserver,extra
luaotfload-tool,extra
luarepl,extra
luarocks,extra
luarocks-admin,extra
luatex,extra
luau,extra
luau-analyze,extra
luau-ast,extra
luau-bytecode,extra
luau-compile,extra
luau-reduce,extra
lucky_commit,extra
luit,extra
luks2hashcat.py,extra
luks2john,extra
luksmeta,extra
luminance-hdr,extra
luminance-hdr-cli,extra
lupdate,extra
lupdate-pro,extra
lupdate-pro-qt5,extra
lupdate-pro6,extra
lupdate-qt5,extra
lupdate6,extra
luppp,extra
lur-command,extra
lurk,extra
lutris,extra
lv2_validate,extra
lv2apply,extra
lv2bench,extra
lv2file,extra
lv2info,extra
lv2lint,extra
lv2ls,extra
lv2specgen.py,extra
lvchange,core
lvconvert,core
lvcreate,core
lvdisplay,core
lvextend,core
lvm,core
lvm-cache-stats,extra
lvm_import_vdo,core
lvmconfig,core
lvmdevices,core
lvmdiskscan,core
lvmdump,core
lvmpersist,core
lvmpolld,core
lvmsadc,core
lvmsar,core
lvreduce,core
lvremove,core
lvrename,core
lvresize,core
lvs,core
lvscan,core
lwarpmk,extra
lwtrace,extra
lx,extra
lxappearance,extra
lxc,extra
lxc-attach,extra
lxc-autostart,extra
lxc-cgroup,extra
lxc-checkconfig,extra
lxc-checkpoint,extra
lxc-config,extra
lxc-console,extra
lxc-copy,extra
lxc-create,extra
lxc-destroy,extra
lxc-device,extra
lxc-execute,extra
lxc-freeze,extra
lxc-info,extra
lxc-ls,extra
lxc-monitor,extra
lxc-snapshot,extra
lxc-start,extra
lxc-stop,extra
lxc-to-incus,extra
lxc-top,extra
lxc-unfreeze,extra
lxc-unshare,extra
lxc-update-config,extra
lxc-usernsexec,extra
lxc-wait,extra
lxcfs,extra
lxclipboard,extra
lxd,extra
lxd-agent,extra
lxd-benchmark,extra
lxd-convert,extra
lxd-user,extra
lxde-logout,extra
lxdm,extra
lxdm-binary,extra
lxdm-config,extra
lxdoas,extra
lxhotkey,extra
lximage-qt,extra
lxinput,extra
lxlauncher,extra
lxlock,extra
lxmusic,extra
lxpanel,extra
lxpanelctl,extra
lxpolkit,extra
lxqt-about,extra
lxqt-admin-time,extra
lxqt-admin-user,extra
lxqt-admin-user-helper,extra
lxqt-archiver,extra
lxqt-backlight_backend,extra
lxqt-config,extra
lxqt-config-appearance,extra
lxqt-config-brightness,extra
lxqt-config-file-associations,extra
lxqt-config-globalkeyshortcuts,extra
lxqt-config-input,extra
lxqt-config-locale,extra
lxqt-config-monitor,extra
lxqt-config-notificationd,extra
lxqt-config-powermanagement,extra
lxqt-config-session,extra
lxqt-globalkeysd,extra
lxqt-leave,extra
lxqt-notificationd,extra
lxqt-openssh-askpass,extra
lxqt-panel,extra
lxqt-policykit-agent,extra
lxqt-powermanagement,extra
lxqt-qdbus,extra
lxqt-runner,extra
lxqt-session,extra
lxqt-sudo,extra
lxqt-transupdate,extra
lxqt2-transupdate,extra
lxrandr,extra
lxsession,extra
lxsession-db,extra
lxsession-default,extra
lxsession-default-apps,extra
lxsession-default-terminal,extra
lxsession-edit,extra
lxsession-logout,extra
lxsession-xdg-autostart,extra
lxsettings-daemon,extra
lxshortcut,extra
lxsu,extra
lxsudo,extra
lxt2miner,extra
lxt2vcd,extra
lxtask,extra
lxterminal,extra
ly,extra
ly-dm,extra
ly-server,extra
lychee,extra
lynis,extra
lynx,extra
lz,extra
lz4,core
lz4c,core
lz4cat,core
lzcat,core
lzcmp,core
lzdiff,core
lzegrep,core
lzf,extra
lzfgrep,core
lzgrep,core
lzip,extra
lzless,core
lzma,core
lzmadec,core
lzmainfo,core
lzmore,core
lzop,extra
m,extra
m17n-conv,extra
m17n-date,extra
m17n-db,extra
m17n-dump,extra
m17n-edit,extra
m17n-input-test,extra
m17n-view,extra
m4,core
mac,extra
mac2john,extra
mac2john-alt,extra
mac2unix,extra
macchanger,extra
macchina,extra
machine_role.py,extra
machinectl,core
macof,extra
macpack,extra
macptopbm,extra
mactime,extra
mado,extra
maelstrom-broker,extra
maelstrom-client,extra
maelstrom-go-test,extra
maelstrom-pytest,extra
maelstrom-run,extra
maelstrom-worker,extra
mag,extra
mage,extra
magic-wormhole,extra
magick,extra
magick-script,extra
magnet-link,extra
magnum-al-info,extra
magnum-distancefieldconverter,extra
magnum-fontconverter,extra
magnum-gl-info,extra
magnum-imageconverter,extra
mail,core
mail-lock,extra
mail-touchlock,extra
mail-unlock,extra
mailmail,extra
mailman,extra
mailman-web,extra
mailnag,extra
mailnag-config,extra
mailodf,extra
mailpost,extra
mailq,extra
mailsnarf,extra
mailutils,extra
mailutils-config,extra
mailutime,extra
mailx,core
maim,extra
mairix,extra
make,core
make4ht,extra
make_f2fs,extra
make_filelists,extra
make_metadata,extra
make_pysol_freecell_board.py,extra
make_strings,extra
make_tpl_varnames_h,extra
make_utts,extra
make_wagon_desc,extra
makealias,extra
makebin,extra
makecert,extra
makechrootpkg,extra
makeconv,core
makecsd,extra
makedb,core
makedbz,extra
makedepend,extra
makedtx,extra
makedumpfile,extra
makedumpfile-R.pl,extra
makefdb,extra
makefile_count,extra
makeg,extra
makeglossaries,extra
makeglossaries-lite,extra
makehistory,extra
makeindex,extra
makeinfo,core
makeivs-ng,extra
makejvf,extra
makemap,extra
makemhr,extra
makemulti,extra
makeobj,extra
makepage,extra
makepkg,core
makepkg-template,core
makerepropkg,extra
makers,extra
makeskel,extra
makeskel.rsj,extra
makeswf,extra
maketx,extra
makewhatis,extra
mako,extra
mako-render,extra
makoctl,extra
malcontent-client,extra
malcontent-control,extra
mame,extra
mame-split,extra
man,core;extra
man-recode,core
man.cgi,extra
man2html,extra
mancha,extra
mandb,core
mandelbrot,extra
mandelbrot32,multilib
mandoc,extra
mandocd,extra
mandown,extra
manette-test,extra
mangoapp,extra
mangohud,extra
mangohudctl,extra
mangoplot,extra
manhole-cli,extra
manpath,core
mansect,core
mansectf,core
manuals,extra
manweb,extra
manywin,extra
manywin32,multilib
map_unit,extra
mapcompile,extra
mapdecompile,extra
mapnames,extra
mapnik-index,extra
mapnik-render,extra
mapnik-viewer,extra
mapscrn,core
mapstats,extra
marble,extra
marble-behaim,extra
marble-maps,extra
marble-qt,extra
marco,extra
marco-message,extra
marco-theme-viewer,extra
marco-window-demo,extra
mari0,extra
mariabackup,extra
mariadb,extra
mariadb-access,extra
mariadb-admin,extra
mariadb-backup,extra
mariadb-binlog,extra
mariadb-check,extra
mariadb-client-test,extra
mariadb-client-test-embedded,extra
mariadb-config,extra
mariadb-conv,extra
mariadb-convert-table-format,extra
mariadb-dump,extra
mariadb-dumpslow,extra
mariadb-embedded,extra
mariadb-find-rows,extra
mariadb-fix-extensions,extra
mariadb-hotcopy,extra
mariadb-import,extra
mariadb-install-db,extra
mariadb-ldb,extra
mariadb-migrate-config-file,extra
mariadb-plugin,extra
mariadb-secure-installation,extra
mariadb-service-convert,extra
mariadb-setpermission,extra
mariadb-show,extra
mariadb-slap,extra
mariadb-test,extra
mariadb-test-embedded,extra
mariadb-tzinfo-to-sql,extra
mariadb-upgrade,extra
mariadb-waitpid,extra
mariadb_config,extra
mariadbd,extra
mariadbd-multi,extra
mariadbd-safe,extra
mariadbd-safe-helper,extra
marisa-benchmark,extra
marisa-build,extra
marisa-common-prefix-search,extra
marisa-dump,extra
marisa-lookup,extra
marisa-predictive-search,extra
marisa-reverse-lookup,extra
markdown,extra
markdown-calibre,extra
markdown-it,extra
markdown-oxide,extra
markdown-unlit,extra
markdown2,extra
markdown2tex,extra
markdown_py,extra
markdownify,extra
markdownlint,extra
markdownlint-cli2,extra
marked,extra
marked-man,extra
marker,extra
marknote,extra
markov,extra
marksman,extra
marmite,extra
maruku,extra
marutex,extra
mas-cli,extra
masktest,extra
masscan,extra
massif-visualizer,extra
master,extra
master_me,extra
mat2,extra
match_parens,extra
matdump,extra
mate-about,extra
mate-about-me,extra
mate-appearance-properties,extra
mate-at-properties,extra
mate-autogen,extra
mate-calc,extra
mate-calc-cmd,extra
mate-calculator,extra
mate-color-select,extra
mate-control-center,extra
mate-cpufreq-selector,extra
mate-default-applications-properties,extra
mate-desktop-item-edit,extra
mate-dictionary,extra
mate-disk-image-mounter,extra
mate-disk-usage-analyzer,extra
mate-display-properties,extra
mate-display-properties-install-systemwide,extra
mate-doc-common,extra
mate-file-share-properties,extra
mate-font-viewer,extra
mate-keybinding-properties,extra
mate-keyboard-properties,extra
mate-maximus,extra
mate-mouse-properties,extra
mate-network-properties,extra
mate-notification-properties,extra
mate-panel,extra
mate-panel-screenshot,extra
mate-panel-test-applets,extra
mate-power-backlight-helper,extra
mate-power-manager,extra
mate-power-preferences,extra
mate-power-statistics,extra
mate-screensaver,extra
mate-screensaver-command,extra
mate-screensaver-preferences,extra
mate-screenshot,extra
mate-search-tool,extra
mate-session,extra
mate-session-inhibit,extra
mate-session-properties,extra
mate-session-save,extra
mate-system-info,extra
mate-system-log,extra
mate-system-monitor,extra
mate-terminal,extra
mate-terminal.wrapper,extra
mate-thumbnail-font,extra
mate-time-admin,extra
mate-typing-monitor,extra
mate-volume-control,extra
mate-volume-control-status-icon,extra
mate-window-properties,extra
mate-wm,extra
mathspic,extra
matteblend.flt,extra
matterbridge,extra
mattermost,extra
mattermost-desktop,extra
mattrib,extra
matugen,extra
maturin,extra
maude,extra
mausezahn,extra
maxcso,extra
maxima,extra
mb2md.pl,extra
mbadblocks,extra
mbedtls3_aead_demo,extra
mbedtls3_benchmark,extra
mbedtls3_cert_app,extra
mbedtls3_cert_req,extra
mbedtls3_cert_write,extra
mbedtls3_cipher_aead_demo,extra
mbedtls3_crl_app,extra
mbedtls3_crypt_and_hash,extra
mbedtls3_crypto_examples,extra
mbedtls3_dh_client,extra
mbedtls3_dh_genprime,extra
mbedtls3_dh_server,extra
mbedtls3_dtls_client,extra
mbedtls3_dtls_server,extra
mbedtls3_ecdh_curve25519,extra
mbedtls3_ecdsa,extra
mbedtls3_gen_entropy,extra
mbedtls3_gen_key,extra
mbedtls3_gen_random_ctr_drbg,extra
mbedtls3_generic_sum,extra
mbedtls3_hello,extra
mbedtls3_hmac_demo,extra
mbedtls3_key_app,extra
mbedtls3_key_app_writer,extra
mbedtls3_key_ladder_demo,extra
mbedtls3_key_ladder_demo.sh,extra
mbedtls3_load_roots,extra
mbedtls3_md_hmac_demo,extra
mbedtls3_metatest,extra
mbedtls3_mini_client,extra
mbedtls3_mpi_demo,extra
mbedtls3_pem2der,extra
mbedtls3_pk_decrypt,extra
mbedtls3_pk_encrypt,extra
mbedtls3_pk_sign,extra
mbedtls3_pk_verify,extra
mbedtls3_psa_constant_names,extra
mbedtls3_psa_hash,extra
mbedtls3_query_compile_time_config,extra
mbedtls3_query_included_headers,extra
mbedtls3_req_app,extra
mbedtls3_rsa_decrypt,extra
mbedtls3_rsa_encrypt,extra
mbedtls3_rsa_genkey,extra
mbedtls3_rsa_sign,extra
mbedtls3_rsa_sign_pss,extra
mbedtls3_rsa_verify,extra
mbedtls3_rsa_verify_pss,extra
mbedtls3_selftest,extra
mbedtls3_ssl_client1,extra
mbedtls3_ssl_client2,extra
mbedtls3_ssl_context_info,extra
mbedtls3_ssl_fork_server,extra
mbedtls3_ssl_mail_client,extra
mbedtls3_ssl_pthread_server,extra
mbedtls3_ssl_server,extra
mbedtls3_ssl_server2,extra
mbedtls3_strerror,extra
mbedtls3_udp_proxy,extra
mbedtls3_zeroize,extra
mbedtls_aead_demo,extra
mbedtls_cert_app,extra
mbedtls_cert_req,extra
mbedtls_cert_write,extra
mbedtls_crl_app,extra
mbedtls_crypto_examples,extra
mbedtls_dtls_client,extra
mbedtls_dtls_server,extra
mbedtls_generate_random_uuid,extra
mbedtls_hmac_demo,extra
mbedtls_key_ladder_demo,extra
mbedtls_key_ladder_demo.sh,extra
mbedtls_load_roots,extra
mbedtls_metatest,extra
mbedtls_mini_client,extra
mbedtls_pem2der,extra
mbedtls_psa_constant_names,extra
mbedtls_psa_hash,extra
mbedtls_query_compile_time_config,extra
mbedtls_query_included_headers,extra
mbedtls_req_app,extra
mbedtls_selftest,extra
mbedtls_ssl_client1,extra
mbedtls_ssl_client2,extra
mbedtls_ssl_context_info,extra
mbedtls_ssl_fork_server,extra
mbedtls_ssl_mail_client,extra
mbedtls_ssl_pthread_server,extra
mbedtls_ssl_server,extra
mbedtls_ssl_server2,extra
mbedtls_strerror,extra
mbedtls_udp_proxy,extra
mbedtls_zeroize,extra
mbim-network,extra
mbimcli,extra
mboximporter,extra
mbstream,extra
mbsync,extra
mbsync-get-cert,extra
mbuffer,extra
mc,extra
mc-tool,extra
mc-wait-for-name,extra
mcabber,extra
mcafee_epo2john,extra
mcat,extra
mcd,extra
mcdiff,extra
mcedit,extra
mcfly,extra
mcheck,extra
mckey,extra
mcli,extra
mcomp,extra
mconfig,extra
mcookie,core
mcopy,extra
mcp,extra
mcp-remote,extra
mcp-remote-client,extra
mcpp,extra
mcqd,extra
mcs,extra
mcube,extra
mcv,extra
mcview,extra
md-tui,extra
md2html,extra
md2po,extra
md5pass,core
md5sum,core
mda,extra
mdadm,core
mdassembler,extra
mdatopbm,extra
mdb_copy,extra
mdb_dump,extra
mdb_load,extra
mdb_stat,extra
mdbook,extra
mdbook-linkcheck,extra
mdbook-mermaid,extra
mdbrebase,extra
mdconvert,extra
mdel,extra
mdeltree,extra
mdexport,extra
mdf2iso,extra
mdflush,extra
mdformat,extra
mdfried,extra
mdig,extra
mdir,extra
mdk2solv,extra
mdk4,extra
mdl,extra
mdmon,core
mdoc,extra
mdoc-assemble,extra
mdoc-export-html,extra
mdoc-export-msxdoc,extra
mdoc-update,extra
mdoc-validate,extra
mdoctorfat,extra
mdp,extra
mdr-x,extra
mdsearch,extra
mdserve,extra
mdt,extra
mdu,extra
mdump2,extra
mdump3,extra
mdump4,extra
mdvalidater,extra
mdview,extra
mdx2po,extra
mdz,extra
mdz_smoke_test,extra
med2xml,extra
medconforme,extra
media-ctl,extra
mediainfo,extra
mediainfo-gui,extra
mediathekview,extra
mediawriter,extra
medimport,extra
mednafen,extra
medusa,extra
meek-client,extra
meek-server,extra
megaglest,extra
megaglest_editor,extra
megaglest_g3dviewer,extra
megra_rs,extra
meilisearch,extra
meinproc6,extra
melange,extra
meld,extra
mellite,extra
melt,extra
melt-7,extra
mem_image,extra
memaslap,extra
memcached,extra
memcached-tool,extra
memcapable,extra
memcat,extra
memcp,extra
memdiskfind,core
memdump,extra
memerror,extra
memexist,extra
memflush,extra
memhog,extra
memleak,extra
memoize-clean.pl,extra
memoize-clean.py,extra
memoize-extract.pl,extra
memoize-extract.py,extra
memparse,extra
memping,extra
memprof2calltree,extra
memray,extra
memrm,extra
memslap,extra
memstat,extra
memtest_vulkan,extra
memtest_vulkan_verbose,extra
memtester,extra
memtouch,extra
memusage,core
memusagestat,core
mencoder,extra
mendex,extra
menuconfig,extra
menyoki,extra
merge,extra
merge3,extra
merge_metadata,extra
merge_unicharsets,extra
mergecap,extra
mergelib,extra
mergerepo_c,extra
mergesolv,extra
mergiraf,extra
merkaartor,extra
merkuro-calendar,extra
merkuro-contact,extra
merkuro-mail,extra
mesa-overlay-control.py,extra
mesa-screenshot-control.py,extra
mesg,core
mesh-cfgclient,extra
mesh-cfgtest,extra
meshbird,extra
meshctl,extra
meson,extra
messages,extra
metacity,extra
metacity-message,extra
metacity-theme-viewer,extra
metaconvert,extra
metadata-cleaner,extra
metadata-json-deps,extra
metadata-json-lint,extra
metadata2gha,extra
metaflac,extra
metalog,extra
metamask2hashcat.py,extra
metaobjectdump.py,extra
metronome,extra
mev,core
mex,extra
mf,extra
mf-nowin,extra
mf2pt1,extra
mf_nonce_brute,extra
mf_trace_brute,extra
mfd_aes_brute,extra
mfd_multi_brute,extra
mfkey32,extra
mfkey32nested,extra
mfkey32v2,extra
mfkey64,extra
mflua,extra
mflua-nowin,extra
mfluajit,extra
mfluajit-nowin,extra
mfoc,extra
mformat,extra
mfplain,extra
mfsappendchunks,extra
mfsarchive,extra
mfsbdev,extra
mfscgiserv,extra
mfscheckfile,extra
mfschkarchive,extra
mfschunkdbdump,extra
mfschunkserver,extra
mfschunktool,extra
mfscli,extra
mfsclonesclass,extra
mfsclrarchive,extra
mfscopyeattr,extra
mfscopygoal,extra
mfscopyquota,extra
mfscopysclass,extra
mfscopytrashretention,extra
mfscopytrashtime,extra
mfscreatepattern,extra
mfscreatesclass,extra
mfscsstatsdump,extra
mfsdeleattr,extra
mfsdeletepattern,extra
mfsdeletesclass,extra
mfsdelquota,extra
mfsdiagtools,extra
mfsdirinfo,extra
mfseattr,extra
mfsfacl,extra
mfsfileinfo,extra
mfsfilepaths,extra
mfsfilerepair,extra
mfsgeteattr,extra
mfsgetfacl,extra
mfsgetgoal,extra
mfsgetquota,extra
mfsgetsclass,extra
mfsgettrashretention,extra
mfsgettrashtime,extra
mfsgui,extra
mfsimportsclass,extra
mfslistpattern,extra
mfslistsclass,extra
mfsmakesnapshot,extra
mfsmaster,extra
mfsmetadirinfo,extra
mfsmetadump,extra
mfsmetalogger,extra
mfsmetarestore,extra
mfsmetasearch,extra
mfsmodifysclass,extra
mfsmount,extra
mfsnetdump,extra
mfspatadmin,extra
mfsquota,extra
mfsrenamesclass,extra
mfsrmsnapshot,extra
mfsscadmin,extra
mfssclass,extra
mfssetarchive,extra
mfsseteattr,extra
mfssetfacl,extra
mfssetgoal,extra
mfssetquota,extra
mfssetsclass,extra
mfssettrashretention,extra
mfssettrashtime,extra
mfssnapshots,extra
mfsstatsdump,extra
mfssupervisor,extra
mfstrashretention,extra
mfstrashtime,extra
mfstrashtool,extra
mfsxchgsclass,extra
mft,extra
mftext,extra
mftraining,extra
mfx-tracer-config,extra
mg,extra
mgard-cpu,extra
mgard-x,extra
mgard-x-autotuner,extra
mgba,extra
mgba-qt,extra
mgrtopbm,extra
mib2c,extra
mib2c-update,extra
mibcopy,extra
mibdump,extra
micro,extra
micronucleus,extra
microsocks,extra
mid3cp,extra
mid3iconv,extra
mid3v2,extra
midi2abc,extra
midi2ly,extra
midicat,extra
midicat32,multilib
midicopy,extra
midid,extra
mididings,extra
midish,extra
midistats,extra
mido-connect,extra
mido-play,extra
mido-ports,extra
mido-serve,extra
mighty,extra
mighty-mkindex,extra
mightyctl,extra
migrate-vars,extra
migratepages,extra
migspeed,extra
mii-tool,core
mikeyParse,extra
milc-color,extra
milkycli,extra
milkytracker,extra
mimeview,extra
mimikatz.py,extra
mimir,extra
mimirtool,extra
min-nbd-client,extra
minder,extra
minetest,extra
minetestserver,extra
minews,extra
minfo,extra
ming-config,extra
minicom,extra
minidlnad,extra
minidump,extra
minieap,extra
miniflux,extra
minikube,extra
minilzip,extra
minimize,extra
minisat,extra
miniserve,extra
minisign,extra
minitest,extra
minitest-queue,extra
miniupnpd,extra
minuet,extra
mirb,extra
mirro-rs,extra
mise,extra
misfortune,extra
misfortune-strfile,extra
mispipe,extra
missioncenter,extra
missioncenter-magpie,extra
mistletoe,extra
mistune,extra
mitmdump,extra
mitmproxy,extra
mitmproxy-linux-redirector,extra
mitmproxy2swagger,extra
mitmweb,extra
mix,extra
mixartloader,extra
mixer,extra
mixxx,extra
mjpeg_simd_helper,extra
mk4ht,extra
mk_cmds,core
mk_isdnhwdb,extra
mka64ins,extra
mkafmmap,extra
mkapfs,extra
mkarchiso,extra
mkarchroot,extra
mkarmins,extra
mkbitmap,extra
mkbootimg,extra
mkbundle,extra
mkc_check_compiler,extra
mkc_check_custom,extra
mkc_check_decl,extra
mkc_check_funclib,extra
mkc_check_header,extra
mkc_check_prog,extra
mkc_check_sizeof,extra
mkc_check_version,extra
mkc_compiler_settings,extra
mkc_install,extra
mkc_which,extra
mkcamlp5,extra
mkcamlp5.opt,extra
mkcert,extra
mkcmake,extra
mkcomposefs,extra
mkcp,core
mkcsmapper,extra
mkcycl,extra
mkd2html,extra
mkdir,core
mkdirhier,extra
mkdiskimage,core
mkdocs,extra
mkdocs-get-deps,extra
mkdosfs,core
mkdotl,extra
mkdtboimg,extra
mke2fs,core
mke2fs.android,extra
mkenvimage,extra
mkesdb,extra
mkexfatfs,extra
mkfastmod,extra
mkfatimage,extra
mkfatimage16,extra
mkfifo,core
mkfontdir,extra
mkfontscale,extra
mkfs,core
mkfs.apfs,extra
mkfs.bcachefs,extra
mkfs.bfs,core
mkfs.btrfs,core
mkfs.cramfs,core
mkfs.erofs,extra
mkfs.exfat,extra
mkfs.ext2,core
mkfs.ext3,core
mkfs.ext4,core
mkfs.f2fs,extra
mkfs.fat,core
mkfs.fuse.bcachefs,extra
mkfs.jffs2,extra
mkfs.jfs,core
mkfs.minix,core
mkfs.msdos,core
mkfs.nilfs2,core
mkfs.ntfs,extra
mkfs.ubifs,extra
mkfs.udf,extra
mkfs.vfat,core
mkfs.xfs,core
mkgraph,extra
mkgrkindex,extra
mkhom,extra
mkhom_old,extra
mkhomedir_helper,core
mkhtmlindex,extra
mkhybrid,extra
mkimage,extra
mkinc,extra
mkindex,extra
mkinitcpio,core
mkinsadd,extra
mkisofs,extra
mkjobtexmf,extra
mkkanwa,extra
mkl_link_tool,extra
mklistdoc,extra
mklost+found,core
mkmanifest,extra
mkmovixiso,extra
mknic-nbi,extra
mknmz,extra
mknod,core
mkntfs,extra
mkocp,extra
mkoctfile,extra
mkoctfile-11.3.0,extra
mkofm,extra
mkosi,extra
mkosi-addon,extra
mkosi-initrd,extra
mkosi-sandbox,extra
mkpasswd,extra
mkpasswd-expect,extra
mkpic,extra
mkrfc2734,extra
mkrlconf,extra
mksfo,extra
mksquashfs,extra
mksub,extra
mksubvolume,extra
mkswap,core
mkt1font,extra
mktemp,core
mktexfmt,extra
mktexlsr,extra
mktexmf,extra
mktexpk,extra
mktextfm,extra
mktorrent,extra
mktree,extra
mkudffs,extra
mkvcalcproba,extra
mkvextract,extra
mkvinfo,extra
mkvmerge,extra
mkvpropedit,extra
mkvtoolnix-gui,extra
mkwinpeimg,extra
mkx86ins,extra
ml_count,extra
mlabel,extra
mlc,extra
mli2,extra
mlitenotificationtool,extra
mllatex,extra
mllex,extra
mlnlffigen,extra
mlocate,extra
mlprof,extra
mlr,extra
mltex,extra
mlton,extra
mlyacc,extra
mm-common-get,extra
mm-common-prepare,extra
mm2gv,extra
mmafm,extra
mmaker,extra
mmc,extra
mmc-tool,extra
mmcat,extra
mmcli,extra
mmctl,extra
mmd,extra
mmdblookup,extra
mmdbresolve,extra
mmdc,extra
mmk_m2,extra
mmk_m3,extra
mmls,extra
mmount,extra
mmove,extra
mmpfb,extra
mmroff,core
mmseg,extra
mmsrip,extra
mmstat,extra
moc,extra
moc-qt5,extra
mod,extra
mod-active,extra
mod2imp,extra
mod2osis,extra
mod2sng,extra
mod2vpl,extra
mod2zmod,extra
modclean,extra
mode2,extra
modelcompiler,extra
modem-manager-gui,extra
modeprint,extra
modetest,extra
modhex,extra
modifyrepo_c,extra
modinfo,core
modprobe,core
modrinth-app,extra
modsclean,extra
modsec-rules-check,extra
modula3_count,extra
modularize,extra
modulemd-validator,extra
modutil,core
moggsplit,extra
mogrify,extra
mokutil,extra
mold,extra
molecule,extra
monero-blockchain-ancestry,extra
monero-blockchain-depth,extra
monero-blockchain-export,extra
monero-blockchain-import,extra
monero-blockchain-mark-spent-outputs,extra
monero-blockchain-prune,extra
monero-blockchain-prune-known-spent-data,extra
monero-blockchain-stats,extra
monero-blockchain-usage,extra
monero-gen-ssl-cert,extra
monero-gen-trusted-multisig,extra
monero-wallet-cli,extra
monero-wallet-gui,extra
monero-wallet-rpc,extra
monero2john,extra
monerod,extra
money2john,extra
mongoc2-stat,extra
monit,extra
monitor-sensor,extra
mono,extra
mono-api-html,extra
mono-api-info,extra
mono-boehm,extra
mono-cil-strip,extra
mono-configuration-crypto,extra
mono-find-provides,extra
mono-find-requires,extra
mono-gdb.py,extra
mono-hang-watchdog,extra
mono-heapviz,extra
mono-package-runtime,extra
mono-service,extra
mono-service2,extra
mono-sgen,extra
mono-sgen-gdb.py,extra
mono-shlib-cop,extra
mono-symbolicate,extra
mono-test-install,extra
mono-xmltool,extra
monodis,extra
monodocer,extra
monodocs2html,extra
monodocs2slashdoc,extra
monolinker,extra
monolith,extra
monop,extra
monop2,extra
montage,extra
moonlight,extra
moor,extra
mopidy,extra
mopidyctl,extra
mord,extra
more,core
moreap,extra
mori-11d.x,extra
mori-4d.x,extra
mori-5d.x,extra
mori-6d.x,extra
mori.x,extra
morph,extra
morph3d,extra
morph3d32,multilib
morphosis,extra
moserial,extra
mosh,extra
mosh-client,extra
mosh-server,extra
mosquitto,extra
mosquitto_ctrl,extra
mosquitto_db_dump,extra
mosquitto_passwd,extra
mosquitto_pub,extra
mosquitto_rr,extra
mosquitto_signal,extra
mosquitto_sub,extra
most,extra
motion,extra
moto_proxy,extra
moto_server,extra
mount,core
mount-image-callback,extra
mount.bcachefs,extra
mount.cifs,extra
mount.composefs,extra
mount.crypt,extra
mount.crypt_LUKS,extra
mount.crypto_LUKS,extra
mount.davfs,extra
mount.ddi,core
mount.ecryptfs,extra
mount.ecryptfs_private,extra
mount.erofs,extra
mount.exfat,extra
mount.exfat-fuse,extra
mount.fuse,extra
mount.fuse.bcachefs,extra
mount.fuse.sshfs,extra
mount.fuse3,extra
mount.glusterfs,extra
mount.lowntfs-3g,extra
mount.moosefs,extra
mount.mstack,core
mount.nfs,core
mount.nfs4,core
mount.nilfs2,core
mount.ntfs,extra
mount.ntfs-3g,extra
mount.rclone,extra
mount.smb3,extra
mount.sshfs,extra
mount.storage,core
mount.ubifs,extra
mount_afp,extra
mountavfs,extra
mountpoint,core
mountsnoop,extra
mountstats,core
mousai,extra
mouse-dpi-tool,extra
mouse-test,core
mousepad,extra
mousetweaks,extra
move-to-front,extra
movemail,extra
movescu,extra
movix-conf,extra
movix-files,extra
movix-version,extra
moz2po,extra
mozcerts-qt5,extra
mozfunny2prop,extra
mozilla2hashcat.py,extra
mozilla2john,extra
mozlang2po,extra
mozo,extra
mozroots,extra
mp2enc,extra
mp3rtp,extra
mp3unicode,extra
mp4art,extra
mp4chaps,extra
mp4extract,extra
mp4file,extra
mp4info,extra
mp4subtitle,extra
mp4tags,extra
mp4track,extra
mp4trackdump,extra
mpartition,extra
mpathpersist,extra
mpc,extra
mpc2sv8,extra
mpcchap,extra
mpccut,extra
mpcd,extra
mpcdec,extra
mpcenc,extra
mpcgain,extra
mpd,extra
mpd-mpris,extra
mpdscribble,extra
mpeg2dec,extra
mpeg2desc,extra
mpeg2enc,extra
mpeg2vaenc,extra
mpeg2vldemo,extra
mpegtranscode,extra
mpg123,extra
mpg123-id3dump,extra
mpg123-strip,extra
mpgcat,extra
mpgdemux,extra
mpginfo,extra
mpgjoin,extra
mpgsplit,extra
mpgtx,extra
mpiCC,extra
mpic++,extra
mpicalc,core
mpicc,extra
mpicxx,extra
mpiexec,extra
mpif77,extra
mpif90,extra
mpifort,extra
mpirun,extra
mplayer,extra
mplex,extra
mpop,extra
mpopd,extra
mpost,extra
mppcheck,extra
mpplu,extra
mppprof,extra
mpris-proxy,extra
mprof-report,extra
mpstat,extra
mptopdf,extra
mpv,extra
mpxstats,extra
mqtt5_app,extra
mqtt5_canary,extra
mqtt5canary,extra
mqtt_check.py,extra
mqttui,extra
mr,extra
mrbc,extra
mrd,extra
mrdb,extra
mred,extra
mred-text,extra
mren,extra
mrftopbm,extra
mrtg2pcp,extra
mruby,extra
mruby-config,extra
mruby-strip,extra
ms_print,extra
msbuild,extra
mscore,extra
mscp,extra
msedit,extra
msf-json-rpc.ru,extra
msf-ws.ru,extra
msfconsole,extra
msfd,extra
msfdb,extra
msfmcpd,extra
msfrpc,extra
msfrpcd,extra
msfvenom,extra
msgattrib,core
msgcat,core
msgcmp,core
msgcomm,core
msgconv,core
msgen,core
msgexec,core
msgfilter,core
msgfmt,core
msggrep,core
msginit,core
msgmerge,core
msgpre,core
msgsnarf,extra
msgunfmt,core
msguniq,core
mshortname,extra
mshowfat,extra
msibuild,extra
msidb,extra
msidiff,extra
msidump,extra
msiexec,extra
msiextract,extra
msiinfo,extra
msm_dp_compliance,extra
msmtp,extra
msmtpd,extra
msn_convert_mod,extra
msoelim,extra
msolve,extra
msql2mysql,extra
mss,extra
mssqlclient.py,extra
mssqlinstance.py,extra
msxlint,extra
mtcp_restart,extra
mtd_debug,extra
mtdev-test,extra
mtdinfo,extra
mtdpart,extra
mtest,extra
mtools,extra
mtoolstest,extra
mtp-albumart,extra
mtp-albums,extra
mtp-connect,extra
mtp-delfile,extra
mtp-detect,extra
mtp-emptyfolders,extra
mtp-files,extra
mtp-filetree,extra
mtp-folders,extra
mtp-format,extra
mtp-getfile,extra
mtp-getplaylist,extra
mtp-hotplug,extra
mtp-newfolder,extra
mtp-newplaylist,extra
mtp-playlists,extra
mtp-reset,extra
mtp-sendfile,extra
mtp-sendtr,extra
mtp-thumb,extra
mtp-tracks,extra
mtp-trexist,extra
mtpaint,extra
mtpfs,extra
mtr,extra
mtr-packet,extra
mtrace,core
mtrace-reader.py,extra
mtst,extra
mtvtoppm,extra
mtxrun,extra
mtxrun.lua,extra
mtype,extra
mueval,extra
muffin,extra
mugshot,extra
mujs,extra
mujs-pp,extra
mullvad,extra
mullvad-daemon,extra
mullvad-exclude,extra
mullvad-problem-report,extra
mullvad-vpn,extra
multiarb,extra
multiarb32,multilib
multibibliography,extra
multibit2john,extra
multiblend.flt,extra
multictx,extra
multictx32,multilib
multig,extra
multilib-build,extra
multilib-staging-build,extra
multilib-stagingpkg,extra
multilib-testing-build,extra
multilib-testingpkg,extra
multilibpkg,extra
multimon-ng,extra
multinoise,extra
multinoise32,multilib
multipath,extra
multipathc,extra
multipathd,extra
multirender_test,extra
multirootca,extra
multispell,extra
multitex,extra
multitex32,multilib
multixterm,extra
mumble,extra
mumble-overlay,extra
mumble-server,extra
mumble-server-user-wrapper,extra
munch,extra
munchlist,extra
munge,extra
munged,extra
mungekey,extra
munin-check,extra
munin-cron,extra
munin-get,extra
munin-node,extra
munin-node-configure,extra
munin-run,extra
munindoc,extra
mupdf,extra
mupdf-x11-curl,extra
mupen64plus,extra
muraster,extra
muse4,extra
muse_plugin_scan,extra
musicxml2ly,extra
musixflx,extra
musixtex,extra
musl-clang,extra
musl-gcc,extra
mustache,extra
mutagen-inspect,extra
mutagen-pony,extra
mutool,extra
mutt,extra
mutt2khal,extra
mutt_pgpring,extra
muttbug,extra
mutter,extra
mux,extra
muxer,extra
mv,core
mvn,extra
mvnDebug,extra
mvrefind,extra
mvt,extra
mvt-android,extra
mvt-ios,extra
mvxattr,extra
mwaw2csv,extra
mwaw2html,extra
mwaw2raw,extra
mwaw2svg,extra
mwaw2text,extra
mwawFile,extra
mwawZip,extra
mwm,extra
mwrank,extra
mxdoc,extra
mxformat,extra
mxnet2ncnn,extra
mxtar,extra
mxvalidate,extra
my_print_defaults,extra
mygpo-bpsync,extra
mygpo-list-devices,extra
mygpo-simple-client,extra
myisam_ftdump,extra
myisamchk,extra
myisamlog,extra
myisampack,extra
mympd,extra
mympd-config,extra
mympd-script,extra
mypaint,extra
mypaint-ora-thumbnailer,extra
mypy,extra
mypyc,extra
myrocks_hotbackup,extra
mysofa2json,extra
mysql,extra
mysql-workbench,extra
mysql-workbench-bin,extra
mysql_client_test,extra
mysql_client_test_embedded,extra
mysql_config,extra
mysql_config_editor,extra
mysql_convert_table_format,extra
mysql_embedded,extra
mysql_find_rows,extra
mysql_fix_extensions,extra
mysql_install_db,extra
mysql_keyring_encryption_test,extra
mysql_ldb,extra
mysql_migrate_keyring,extra
mysql_plugin,extra
mysql_secure_installation,extra
mysql_setpermission,extra
mysql_test_event_tracking,extra
mysql_tzinfo_to_sql,extra
mysql_upgrade,extra
mysql_waitpid,extra
mysqlaccess,extra
mysqladmin,extra
mysqlbinlog,extra
mysqlcheck,extra
mysqld,extra
mysqld_multi,extra
mysqld_pre_systemd,extra
mysqld_safe,extra
mysqld_safe_helper,extra
mysqldump,extra
mysqldumpslow,extra
mysqlhotcopy,extra
mysqlimport,extra
mysqlrouter,extra
mysqlrouter_bootstrap,extra
mysqlrouter_keyring,extra
mysqlrouter_mrs_client,extra
mysqlrouter_passwd,extra
mysqlrouter_plugin_info,extra
mysqlshow,extra
mysqlslap,extra
mysqltest,extra
mysqltest_embedded,extra
mysqltest_safe_process,extra
mysqlxtest,extra
myst-anchors,extra
myst-docutils-demo,extra
myst-docutils-html,extra
myst-docutils-html5,extra
myst-docutils-latex,extra
myst-docutils-pseudoxml,extra
myst-docutils-xml,extra
myst-inv,extra
mytop,extra
mzc,extra
mzip,extra
mzpp,extra
mzscheme,extra
mztext,extra
n2n-benchmark,extra
n2n-decode,extra
n2n-keygen,extra
na_play,extra
na_record,extra
naev,extra
nageru,extra
namazu,extra
namcap,extra
name2addr,extra
named,extra
named-checkconf,extra
named-checkzone,extra
named-compilezone,extra
named-journalprint,extra
named-nzd2nzf,extra
named-rrchecker,extra
namei,core
nameif,core
nanddump,extra
nandflipbits,extra
nandtest,extra
nandwrite,extra
nano,core;extra
nanocat,extra
nanovdb_print,extra
nanovdb_validate,extra
nasm,extra
natpmpc,extra
natsort,extra
nautilus,extra
nautilus-autorun-software,extra
navi,extra
navidrome,extra
nawk,extra
nbd-client,extra
nbd-server,extra
nbd-trdump,extra
nbd-trplay,extra
nbdcopy,extra
nbddiscard,extra
nbddump,extra
nbdfuse,extra
nbdiff,extra
nbdiff-web,extra
nbdime,extra
nbdinfo,extra
nbdsh,extra
nbdzero,extra
nbib2xml,extra
nbmerge,extra
nbmerge-web,extra
nbrhoodg,extra
nbshow,extra
nbtscan,extra
nc,extra
nc-config,extra
nc.openbsd,extra
nc3tonc4,extra
nc4tonc3,extra
ncat,extra
ncb,extra
ncclparam,extra
ncclras,extra
nccopy,extra
ncdirect-pydemo,extra
ncdu,extra
ncdump,extra
ncftp,extra
ncftpbatch,extra
ncftpbookmarks,extra
ncftpget,extra
ncftpls,extra
ncftpput,extra
ncftpspooler,extra
ncgen,extra
ncgen3,extra
ncinfo,extra
ncls,extra
ncmpc,extra
ncmpcpp,extra
ncmpidiff,extra
ncmpidump,extra
ncmpigen,extra
ncneofetch,extra
ncnn2int8,extra
ncnn2mem,extra
ncnn2table,extra
ncnnmerge,extra
ncnnoptimize,extra
ncoffsets,extra
ncplayer,extra
ncrack,extra
ncspot,extra
nctetris,extra
ncu,extra
ncu-ui,extra
ncursesw6-config,core
ncvalidator,extra
ncxx4-config,extra
nd-mcp,extra
nd-run,extra
ndctl,extra
ndg_httpclient,extra
ndiff,extra
ndisasm,extra
ndisc6,extra
ndiswrapper,extra
ndiswrapper-buginfo,extra
ndpexhaust26,extra
ndpexhaust6,extra
ndptool,extra
ndrdump,extra
nds32le-elf-addr2line,extra
nds32le-elf-ar,extra
nds32le-elf-as,extra
nds32le-elf-c++,extra
nds32le-elf-c++filt,extra
nds32le-elf-cpp,extra
nds32le-elf-elfedit,extra
nds32le-elf-g++,extra
nds32le-elf-gcc,extra
nds32le-elf-gcc-15.2.0,extra
nds32le-elf-gcc-ar,extra
nds32le-elf-gcc-nm,extra
nds32le-elf-gcc-ranlib,extra
nds32le-elf-gcov,extra
nds32le-elf-gcov-dump,extra
nds32le-elf-gcov-tool,extra
nds32le-elf-gprof,extra
nds32le-elf-ld,extra
nds32le-elf-ld.bfd,extra
nds32le-elf-lto-dump,extra
nds32le-elf-nm,extra
nds32le-elf-objcopy,extra
nds32le-elf-objdump,extra
nds32le-elf-ranlib,extra
nds32le-elf-readelf,extra
nds32le-elf-size,extra
nds32le-elf-strings,extra
nds32le-elf-strip,extra
nearblack,extra
neato,extra
nebula,extra
nebula-cert,extra
nebula-service,extra
needs-restarting,extra
nef-11d.x,extra
nef-4d.x,extra
nef-5d.x,extra
nef-6d.x,extra
nef.x,extra
neko,extra
nekoc,extra
nekoml,extra
nekotools,extra
nemo,extra
nemo-action-layout-editor,extra
nemo-autorun-software,extra
nemo-compare-preferences,extra
nemo-connect-server,extra
nemo-desktop,extra
nemo-epub2text,extra
nemo-filename-repairer,extra
nemo-media-columns-prefs,extra
nemo-mso-to-txt,extra
nemo-odf-to-txt,extra
nemo-open-with,extra
nemo-pastebin-configurator,extra
nemo-ppt-to-txt,extra
nemo-terminal-prefs,extra
nemo-xls-to-txt,extra
neo2john,extra
neochat,extra
neomutt,extra
neon-config,extra
neotoppm,extra
neovide,extra
neqn,core
nerdctl,extra
net,extra
net-snmp-cert,extra
net-snmp-config,extra
net-snmp-create-v3-user,extra
net.py,extra
netaddr,extra
netbeans,extra
netbrake,extra
netcalc,extra
netcap,core
netcat,extra
netconsole,extra
netctl,extra
netctl-auto,extra
netdata,extra
netdata-claim.sh,extra
netdata-support-bundle,extra
netdatacli,extra
netdevstat,extra
nethack,extra
nethogs,extra
nethsm,extra
netkey-tool,extra
netntlm,extra
netperf,extra
netplan,extra
netresolv,extra
netscanner,extra
netscreen,extra
netserver,extra
netshaper,core
netsniff-ng,extra
netstat,core
netstat-nat,extra
netsurf,extra
netsurf-gtk3,extra
nettest,extra
nettle-hash,core
nettle-lfib-stream,core
nettle-pbkdf2,core
netview.py,extra
netwatch,extra
network2john,extra
networkctl,core
networkmanager_dmenu,extra
newaliases,extra
newapkbuild,extra
newedgeg,extra
newgidmap,core
newgrp,core
news.daily,extra
news2mail,extra
newsboat,extra
newsflash,extra
newuidmap,core
newusers,core
nextcloud,extra
nextcloudcmd,extra
nf-config,extra
nf-ct-add,core
nf-ct-events,core
nf-ct-list,core
nf-exp-add,core
nf-exp-delete,core
nf-exp-list,core
nf-log,core
nf-monitor,core
nf-queue,core
nfacct,extra
nfbpf_compile,core
nfc,extra
nfc-anticol,extra
nfc-barcode,extra
nfc-dep-initiator,extra
nfc-dep-target,extra
nfc-emulate-forum-tag2,extra
nfc-emulate-forum-tag4,extra
nfc-emulate-tag,extra
nfc-emulate-uid,extra
nfc-jewel,extra
nfc-list,extra
nfc-mfclassic,extra
nfc-mfsetuid,extra
nfc-mfultralight,extra
nfc-poll,extra
nfc-read-forum-tag3,extra
nfc-relay,extra
nfc-relay-picc,extra
nfc-scan-device,extra
nfcount,extra
nfct,extra
nfhpcurve,extra
nfhpmcurve,extra
nfnl_osf,core
nfoview,extra
nfs-cat,extra
nfs-cp,extra
nfs-ls,extra
nfs-stat,extra
nfsconf,core
nfsdcld,core
nfsdclddb,core
nfsdclnts,core
nfsdctl,core
nfsdist,extra
nfsidmap,core
nfsiostat,core
nfsrahead,core
nfsref,core
nfsslower,extra
nfsstat,core
nfsv4.exportd,core
nft,extra
nfte,extra
nftl_format,extra
nftldump,extra
ngettext,core
nginx,extra
nginx-prometheus-exporter,extra
ngramX,extra
ngram_build,extra
ngram_test,extra
ngrep,extra
ngspice,extra
nheko,extra
nhlt-dmic-info,extra
nice,core
niceload,extra
nick2ldif,extra
nickel,extra
nickle,extra
nicotine,extra
niftest,extra
nih-dbus-tool,extra
nikola,extra
nikto,extra
nilfs-clean,core
nilfs-resize,core
nilfs-tune,core
nilfs_cleanerd,core
nim,extra
nim-gdb,extra
nimble,extra
nimgrep,extra
nimpretty,extra
nimsuggest,extra
ninja,extra
ninpaths,extra
niri,extra
niri-session,extra
nitrocli,extra
nitrokey-app,extra
nitropy,extra
nix,extra
nix-build,extra
nix-channel,extra
nix-collect-garbage,extra
nix-copy-closure,extra
nix-daemon,extra
nix-env,extra
nix-hash,extra
nix-instantiate,extra
nix-prefetch-url,extra
nix-shell,extra
nix-store,extra
njconnect,extra
njs,extra
nkdfu,extra
nl,core
nl-addr-add,core
nl-addr-delete,core
nl-addr-list,core
nl-class-add,core
nl-class-delete,core
nl-class-list,core
nl-classid-lookup,core
nl-cls-add,core
nl-cls-delete,core
nl-cls-list,core
nl-fib-lookup,core
nl-link-enslave,core
nl-link-ifindex2name,core
nl-link-list,core
nl-link-name2ifindex,core
nl-link-release,core
nl-link-set,core
nl-link-stats,core
nl-list-caches,core
nl-list-sockets,core
nl-monitor,core
nl-neigh-add,core
nl-neigh-delete,core
nl-neigh-list,core
nl-neightbl-list,core
nl-nh-list,core
nl-pktloc-lookup,core
nl-qdisc-add,core
nl-qdisc-delete,core
nl-qdisc-list,core
nl-route-add,core
nl-route-delete,core
nl-route-get,core
nl-route-list,core
nl-rule-list,core
nl-tctree-list,core
nl-util-addr,core
nload,extra
nls,extra
nltk,extra
nltool,extra
nlwav,extra
nm,core
nm-applet,extra
nm-connection-editor,extra
nm-online,extra
nmap,extra
nmapfe,extra
nmbd,extra
nmblookup,extra
nmcli,extra
nmon,extra
nmtui,extra
nmtui-connect,extra
nmtui-edit,extra
nmtui-hostname,extra
nmz-config,extra
nmzcat,extra
nmzegrep,extra
nmzgrep,extra
nmzmerge,extra
nngcat,extra
nnn,extra
nnrpd,extra
nntpget,extra
nntpsend,extra
noctalia,extra
node,extra
node-gyp,extra
node_query6,extra
nodeenv,extra
nodeset,extra
nodm,extra
nohup,core
noise,extra
noise2,extra
noise232,multilib
noise32,multilib
nokfw,extra
nokogiri,extra
nologin,core
nomad,extra
nominatim,extra
non-session-manager,extra
nona,extra
nonce2key,extra
noncvslist,extra
nonsvnlist,extra
nop,extra
nopt,extra
normalform,extra
normaliz,extra
normalizer,extra
nose2,extra
nosetests,extra
nosetests-3.14,extra
nosetests3,extra
not,extra
not-18,extra
not-19,extra
not-20,extra
not-21,extra
nota,extra
notcurses-demo,extra
notcurses-info,extra
notcurses-input,extra
notcurses-pydemo,extra
notcurses-tester,extra
notepad,extra
notes-up,extra
notify-send,extra
notion,extra
notionflux,extra
notmuch,extra
notmuch-emacs-mua,extra
notmuch-mutt,extra
nova,extra
nox,extra
npa-tool,extra
nping,extra
npm,extra
npm-check-updates,extra
nproc,core
nproxy,extra
npx,extra
nqptp,extra
nrg2iso,extra
nroff,core
ns-slapd,extra
nsd,extra
nsd-checkconf,extra
nsd-checkzone,extra
nsd-control,extra
nsd-control-setup,extra
nsec3dig,extra
nsec3hash,extra
nsenter,core
nsgenbind,extra
nsgmls,extra
nsjail,extra
nslcd,extra
nslookup,extra
nsm,extra
nsm-legacy-gui,extra
nsm-proxy,extra
nsm-proxy-gui,extra
nsmd,extra
nspr-config,core
nss-config,core
nstat,core
nsupdate,extra
nsxiv,extra
nsys,extra
nsys-ui,extra
nsz,extra
ntfs-3g,extra
ntfs-3g.probe,extra
ntfs-read.py,extra
ntfscat,extra
ntfsclone,extra
ntfscluster,extra
ntfscmp,extra
ntfscp,extra
ntfsdecrypt,extra
ntfsfix,extra
ntfsinfo,extra
ntfslabel,extra
ntfsls,extra
ntfsrecover,extra
ntfsresize,extra
ntfssecaudit,extra
ntfstruncate,extra
ntfsundelete,extra
ntfsusermap,extra
ntfswipe,extra
ntk-chtheme,extra
ntk-fluid,extra
ntlm_auth,extra
ntlmrelayx.py,extra
ntp-ctl,extra
ntp-daemon,extra
ntp-keygen,extra
ntp-metrics-exporter,extra
ntp-wait,extra
ntpctl,extra
ntpd,extra
ntpdate,extra
ntpdc,extra
ntpq,extra
ntpshmmon,extra
ntptime,extra
ntptrace,extra
nu,extra
nu_plugin_custom_values,extra
nu_plugin_example,extra
nu_plugin_formats,extra
nu_plugin_gstat,extra
nu_plugin_inc,extra
nu_plugin_polars,extra
nu_plugin_query,extra
nu_plugin_stress_internals,extra
nuget,extra
nullmailer-dsn,extra
nullmailer-inject,extra
nullmailer-queue,extra
nullmailer-send,extra
nullmailer-smtpd,extra
numa,extra
numactl,extra
numademo,extra
numamove,extra
numastat,extra
numba,extra
numba-cuda-mlir-generate-libdevice-stubs,extra
numba-cuda-mlir-replace-numba-cuda,extra
numba-cuda-mlir-stubgen,extra
numbat,extra
numbers2csv,extra
numbers2raw,extra
numbers2text,extra
numfmt,core
numlockx,extra
numpy-config,extra
numpydoc,extra
nuspell,extra
nut-scanner,extra
nutconf,extra
nvchecker,extra
nvchecker-ini2toml,extra
nvchecker-notify,extra
nvcmp,extra
nvidia-bug-report.sh,extra
nvidia-cdi-hook,extra
nvidia-container-cli,extra
nvidia-container-runtime,extra
nvidia-container-runtime-hook,extra
nvidia-container-runtime.cdi,extra
nvidia-container-runtime.legacy,extra
nvidia-container-toolkit,extra
nvidia-ctk,extra
nvidia-cuda-mps-control,extra
nvidia-cuda-mps-server,extra
nvidia-debugdump,extra
nvidia-modprobe,extra
nvidia-ngx-updater,extra
nvidia-pcc,extra
nvidia-persistenced,extra
nvidia-powerd,extra
nvidia-settings,extra
nvidia-sleep.sh,extra
nvidia-smi,extra
nvidia-xconfig,extra
nvim,extra
nvim-qt,extra
nvlc,extra
nvme,extra
nvmetcli,extra
nvptx-arch,extra
nvshmem-info,extra
nvtake,extra
nvtop,extra
nwg-autotiling,extra
nwg-autotranslate,extra
nwg-bar,extra
nwg-clipman,extra
nwg-dialog,extra
nwg-displays,extra
nwg-displays-apply,extra
nwg-displays-toggle-wallpapers,extra
nwg-dock,extra
nwg-dock-hyprland,extra
nwg-drawer,extra
nwg-dwl-interface,extra
nwg-hello,extra
nwg-hud,extra
nwg-icon-picker,extra
nwg-lock,extra
nwg-look,extra
nwg-menu,extra
nwg-panel,extra
nwg-panel-config,extra
nwg-processes,extra
nwg-readme-browser,extra
nwg-screenshot-applet,extra
nwg-shell,extra
nwg-shell-config,extra
nwg-shell-config-hyprland,extra
nwg-shell-config-sway,extra
nwg-shell-help,extra
nwg-shell-installer,extra
nwg-shell-translate,extra
nwg-system-update,extra
nwg-update-indicator,extra
nyancat,extra
nyx,extra
nyxt,extra
nzbget,extra
o,extra
oLschema2ldif,extra
oathtool,extra
obabel,extra
obconf-qt,extra
obconformer,extra
obdistgen,extra
obenergy,extra
obex-client-tool,extra
obex-server-tool,extra
obexctl,extra
obfit,extra
obfitall,extra
obfuscate,extra
obgen,extra
obgrep,extra
obgui,extra
obj2yaml,extra
obj2yaml-18,extra
obj2yaml-19,extra
obj2yaml-20,extra
obj2yaml-21,extra
objc_count,extra
objcopy,core
objdiff,extra
objdiff-cli,extra
objdump,core
objres,extra
obminimize,extra
obmm,extra
obprobe,extra
obprop,extra
obrms,extra
obrotamer,extra
obrotate,extra
obs,extra
obs-ffmpeg-mux,extra
obs-nvenc-test,extra
obsidian,extra
obspectrophore,extra
obsym,extra
obtautomer,extra
obthermo,extra
obuild,extra
obxprop,extra
oca,extra
ocaml,extra
ocamlbuild,extra
ocamlbuild.byte,extra
ocamlbuild.native,extra
ocamlc,extra
ocamlc.byte,extra
ocamlc.opt,extra
ocamlcmt,extra
ocamlcp,extra
ocamldebug,extra
ocamldep,extra
ocamldep.byte,extra
ocamldep.opt,extra
ocamldoc,extra
ocamldoc.opt,extra
ocamlfind,extra
ocamlfind_opt,extra
ocamllex,extra
ocamllex.byte,extra
ocamllex.opt,extra
ocamllibdep,extra
ocamlmklib,extra
ocamlmktop,extra
ocamlobjinfo,extra
ocamlobjinfo.byte,extra
ocamlobjinfo.opt,extra
ocamlopt,extra
ocamlopt.byte,extra
ocamlopt.opt,extra
ocamloptp,extra
ocamlprof,extra
ocamlrun,extra
ocamlrun-a100,extra
ocamlrund,extra
ocamlrund-a100,extra
ocamlruni,extra
ocamlruni-a100,extra
ocamlyacc,extra
occ,extra
occt,extra
ocicl,extra
ocioarchive,extra
ociobakelut,extra
ociocheck,extra
ociochecklut,extra
ocioconvert,extra
ociocpuinfo,extra
ociodisplay,extra
ociolutimage,extra
ociomakeclf,extra
ociomergeconfigs,extra
ocioperf,extra
ociowrite,extra
ocloc,extra
oclock,extra
ocpp5,extra
ocrad,extra
ocrdesktop,extra
ocrfeeder,extra
ocrfeeder-cli,extra
ocs,extra
ocs-blk-dev-info,extra
ocs-blkdev-sorter,extra
ocs-btsrv,extra
ocs-check-initrd-module,extra
ocs-chkimg,extra
ocs-chnthn,extra
ocs-clean-disk-part-fs,extra
ocs-cnvt-usb-zip-to-dsk,extra
ocs-console-font-size,extra
ocs-create-tmp-img,extra
ocs-cvt-dev,extra
ocs-cvtimg-comp,extra
ocs-cvtimg-enc,extra
ocs-decrypt-img,extra
ocs-encrypt-img,extra
ocs-expand-gpt-pt,extra
ocs-expand-lvm,extra
ocs-expand-mbr-pt,extra
ocs-ezio-leecher,extra
ocs-ezio-seeder,extra
ocs-find-live-key,extra
ocs-gen-bt-metainfo,extra
ocs-gen-bt-slices,extra
ocs-gen-grub2-efi-bldr,extra
ocs-get-dev-info,extra
ocs-get-nic-fw-lst,extra
ocs-img-2-vdk,extra
ocs-install-grub,extra
ocs-iso,extra
ocs-iso-2-onie,extra
ocs-label-dev,extra
ocs-lang-kbd-conf,extra
ocs-langkbdconf-bterm,extra
ocs-live,extra
ocs-live-bind-mount,extra
ocs-live-boot-menu,extra
ocs-live-bug-report,extra
ocs-live-dev,extra
ocs-live-feed-img,extra
ocs-live-final-action,extra
ocs-live-gen-ubrd,extra
ocs-live-general,extra
ocs-live-get-img,extra
ocs-live-netcfg,extra
ocs-live-nicbonding,extra
ocs-live-preload,extra
ocs-live-repository,extra
ocs-live-restore,extra
ocs-live-run-menu,extra
ocs-live-save,extra
ocs-live-swap-kernel,extra
ocs-live-time-sync,extra
ocs-live-ver,extra
ocs-lvm2-start,extra
ocs-lvm2-stop,extra
ocs-makeboot,extra
ocs-match-checksum,extra
ocs-mdraid-start,extra
ocs-mdraid-stop,extra
ocs-memtester,extra
ocs-onthefly,extra
ocs-park-disks,extra
ocs-prep-repo,extra
ocs-pt-512-4k-convert,extra
ocs-pt-size-from-sf,extra
ocs-purge-mdraid-layout,extra
ocs-put-log-usb,extra
ocs-put-signed-grub2-efi-bldr,extra
ocs-related-srv,extra
ocs-reset-kbd-lang,extra
ocs-resize-part,extra
ocs-restore-ebr,extra
ocs-restore-mbr,extra
ocs-restore-mdisks,extra
ocs-restore-mdraid-layout,extra
ocs-restore-veracrypt-vh,extra
ocs-rm-win-swap-hib,extra
ocs-run-boot-param,extra
ocs-save-mdraid-layout,extra
ocs-save-veracrypt-vh,extra
ocs-scan-disk,extra
ocs-socket,extra
ocs-sr,extra
ocs-srv-live,extra
ocs-tune-conf-for-s3-swift,extra
ocs-tune-conf-for-webdav,extra
ocs-tux-postprocess,extra
ocs-update-initrd,extra
ocs-update-syslinux,extra
ocsmgrd,extra
ocsptool,core
oct,extra
oct-git,extra
octave,extra
octave-11.3.0,extra
octave-cli,extra
octave-cli-11.3.0,extra
octave-config,extra
octave-config-11.3.0,extra
oculante,extra
od,core
odbc_config,core
odbcinst,core
odbx-sql,extra
ode,extra
ode-config,extra
odf2mht,extra
odf2xhtml,extra
odf2xliff,extra
odf2xml,extra
odfimgimport,extra
odflint,extra
odfmeta,extra
odfoutline,extra
odfuserfield,extra
odin,extra
odin2,extra
odinfmt,extra
odt2txt,extra
odvicopy,extra
odvitype,extra
oeminst,extra
ofdm_demod,extra
ofdm_get_test_bits,extra
ofdm_mod,extra
ofdm_put_test_bits,extra
offcputime,extra
office-runner,extra
office2john,extra
offlineimap,extra
offload-arch,extra
offroad,extra
offset,extra
offset32,multilib
ofm2opl,extra
ofx2qif,extra
ofxconnect,extra
ofxdump,extra
og,extra
ogg123,extra
oggdec,extra
oggenc,extra
ogginfo,extra
oggz,extra
oggz-chop,extra
oggz-codecs,extra
oggz-comment,extra
oggz-diff,extra
oggz-dump,extra
oggz-info,extra
oggz-known-codecs,extra
oggz-merge,extra
oggz-rip,extra
oggz-scan,extra
oggz-sort,extra
oggz-validate,extra
ogmcat,extra
ogmdemux,extra
ogminfo,extra
ogmmerge,extra
ogmsplit,extra
ogonkify,extra
ogr2ogr,extra
ogr_layer_algebra,extra
ogr_layer_algebra.py,extra
ogrinfo,extra
ogrlineref,extra
ogrmerge,extra
ogrmerge.py,extra
ogrtindex,extra
oha,extra
oid2name,extra
oidentd,extra
oidnBenchmark,extra
oidnDenoise,extra
oidnTest,extra
oiio_loader,extra
oiiotool,extra
oils-for-unix,extra
ojph_compress,extra
ojph_expand,extra
okteta,extra
okular,extra
ol,extra
oldconfig,extra
olddefconfig,extra
ollama,extra
ols,extra
ols_test,extra
omfonts,extra
ompi_info,extra
omshell,extra
omxregister-bellagio,extra
onboard,extra
onboard-settings,extra
one_gadget,extra
onefetch,extra
onig-config,extra
onionshare,extra
onionshare-cli,extra
onlinequoteseditor6,extra
onnxruntime_test,extra
onsgmls,extra
oo2po,extra
oo2xliff,extra
oo7-cli,extra
oobtest,extra
oomctl,core
oomkill,extra
op2calltree,extra
opa,extra
opal_wrapper,extra
opam,extra
opam-installer,extra
opcodelistfromcsound-z.py,extra
opcodelistfromcsound-z.sh,extra
open-raw.pl,extra
open-wezterm-here,extra
openFPGALoader,extra
openRTSP,extra
openal-info,extra
openaldevices,extra
openapi-diff,extra
openapi-diff-cli,extra
openapi-generator,extra
openapi-generator-cli,extra
openapi-spec-validator,extra
openapi-tui,extra
openapp,extra
openboard,extra
openbox,extra
openbox-lxde,extra
openbox-session,extra
openbsd_softraid2john,extra
openbve,extra
openbve-objectviewer,extra
openbve-routeviewer,extra
opencc,extra
opencc_dict,extra
opencc_phrase_extract,extra
opencloud,extra
opencloudcmd,extra
opencode,extra
openconnect,extra
opencv_annotation,extra
opencv_model_diagnostics,extra
opencv_version,extra
opencv_visualisation,extra
opencv_waldboost_detector,extra
opendkim,extra
opendkim-genkey,extra
opendkim-genzone,extra
opendkim-testkey,extra
opendkim-testmsg,extra
opendmarc,extra
opendmarc-check,extra
opendmarc-expire,extra
opendmarc-import,extra
opendmarc-importstats,extra
opendmarc-params,extra
opendmarc-reports,extra
openfire,extra
openfortivpn,extra
openipmi_eventd,extra
openipmicmd,extra
openipmish,extra
openjade,extra
openldap_to_ds,extra
openmpt123,extra
openmw,extra
openmw-bulletobjecttool,extra
openmw-cs,extra
openmw-essimporter,extra
openmw-iniimporter,extra
openmw-launcher,extra
openmw-navmeshtool,extra
openmw-wizard,extra
openobserve,extra
openocd,extra
openpgp-ca-restd,extra
openpgp-card-ssh-agent,extra
openpgp-tool,extra
openra-cnc,extra
openra-cnc-server,extra
openra-d2k,extra
openra-d2k-server,extra
openra-ra,extra
openra-ra-server,extra
openrazer-daemon,extra
openrct2,extra
openrct2-cli,extra
openredir,extra
openredir-cli,extra
openrgb,extra
opensc-asn1,extra
opensc-explorer,extra
opensc-notify,extra
opensc-tool,extra
openscad,extra
opensearch,extra
opensearch-cli,extra
opensearch-dashboards,extra
opensearch-dashboards-keystore,extra
opensearch-dashboards-plugin,extra
opensearch-discover,extra
opensearch-genquery,extra
opensearch-keystore,extra
opensearch-node,extra
opensearch-plugin,extra
opensearch-shard,extra
opensips,extra
openslide-quickhash1sum,extra
openslide-show-properties,extra
openslide-write-png,extra
opensnitch-ui,extra
opensnitchd,extra
opensnoop,extra
openssl,core
openssl2john,extra
openstack,extra
openstack-inventory,extra
opentool,extra
opentoonz,extra
openttd,extra
openvpn,extra
openvt,core
openxr_runtime_list,extra
openxr_runtime_list_json,extra
operator-sdk,extra
operon,extra
opj2dat,extra
opj_compress,extra
opj_decompress,extra
opj_dump,extra
opl2ofm,extra
opt,extra
opt-18,extra
opt-19,extra
opt-20,extra
opt-21,extra
opt_in_out,extra
optex,extra
optexcount,extra
optiimage,extra
optimal,extra
optimizegraphics,extra
optipng,extra
optirun,extra
optparse-generic-example-unwrap-options,extra
optparse-generic-example-unwrap-with-help,extra
optscript,extra
opusdec,extra
opusenc,extra
opusinfo,extra
or1k-elf-addr2line,extra
or1k-elf-ar,extra
or1k-elf-as,extra
or1k-elf-c++,extra
or1k-elf-c++filt,extra
or1k-elf-cpp,extra
or1k-elf-elfedit,extra
or1k-elf-g++,extra
or1k-elf-gcc,extra
or1k-elf-gcc-15.2.0,extra
or1k-elf-gcc-ar,extra
or1k-elf-gcc-nm,extra
or1k-elf-gcc-ranlib,extra
or1k-elf-gcov,extra
or1k-elf-gcov-dump,extra
or1k-elf-gcov-tool,extra
or1k-elf-gdb,extra
or1k-elf-gdb-add-index,extra
or1k-elf-gprof,extra
or1k-elf-gstack,extra
or1k-elf-ld,extra
or1k-elf-ld.bfd,extra
or1k-elf-lto-dump,extra
or1k-elf-nm,extra
or1k-elf-objcopy,extra
or1k-elf-objdump,extra
or1k-elf-ranlib,extra
or1k-elf-readelf,extra
or1k-elf-size,extra
or1k-elf-strings,extra
or1k-elf-strip,extra
oracle,extra
orage,extra
orbd,extra
orbrep,extra
orc-bugreport,extra
orc-contents,extra
orc-memory,extra
orc-metadata,extra
orc-scan,extra
orc-statistics,extra
orca,extra
orcc,extra
orcus-css-dump,extra
orcus-csv,extra
orcus-detect,extra
orcus-gnumeric,extra
orcus-json,extra
orcus-mso-encryption,extra
orcus-ods,extra
orcus-styles-ods,extra
orcus-xls-xml,extra
orcus-xlsx,extra
orcus-xml,extra
orcus-yaml,extra
orcus-zip-dump,extra
org.buddiesofbudgie.BudgieScreenshot,extra
org.buddiesofbudgie.Services,extra
org.buddiesofbudgie.budgie-desktop-view,extra
org.buddiesofbudgie.sendto,extra
org.gnome.Decibels,extra
org.gnome.design.Palette,extra
org.gnome.design.Typography,extra
ormolu,extra
oryx,extra
os-prober,extra
osage,extra
osbuild,extra
osbuild-dev,extra
osbuild-image-info,extra
osbuild-mpp,extra
osc2midi,extra
oscap,extra
oscap-chroot,extra
oscap-docker,extra
oscap-im,extra
oscap-podman,extra
oscap-run-sce-script,extra
oscap-ssh,extra
oscap-vm,extra
oscdump,extra
oscilloscope,extra
oscli,extra
oscsend,extra
oscsendfile,extra
osd_cat,extra
osdbattery,extra
osgarchive,extra
osgconv,extra
osgfilecache,extra
osgmlnorm,extra
osgversion,extra
osgviewer,extra
osh,extra
oshCC,extra
oshc++,extra
oshcc,extra
oshcxx,extra
oshfort,extra
oshmem_info,extra
oshrun,extra
osinfo-db-export,extra
osinfo-db-import,extra
osinfo-db-path,extra
osinfo-db-validate,extra
osinfo-detect,extra
osinfo-install-script,extra
osinfo-query,extra
osipsconfig,extra
osirrox,extra
osis2mod,extra
oslat,extra
oslc,extra
oslinfo,extra
oslo-config-generator,extra
oslo-config-validator,extra
oslo_debug_helper,extra
osltoy,extra
osm2pgsql,extra
osm2pgsql-expire,extra
osm2pgsql-replication,extra
osmo,extra
osmo_sdr,extra
osmocom_fft,extra
osmocom_siggen_nogui,extra
ospBenchmark,extra
ospConvertRawToAMR,extra
ospMPIDistribTestSuite,extra
ospTestSuite,extra
ospam,extra
ospcat,extra
ospent,extra
ospray_mpi_worker,extra
osprofiler,extra
osql,extra
osqueryctl,extra
osqueryd,extra
osqueryi,extra
osspd,extra
ostra-cg,extra
ostree,extra
osudo,extra
osv-scanner,extra
osx,extra
ot2kpx,extra
otangle,extra
otfdump,extra
otfinfo,extra
otflist,extra
otftobdf,extra
otftotfm,extra
otfview,extra
otioautogen_serialized_schema_docs,extra
otiocat,extra
otioconvert,extra
otiopluginfo,extra
otiostat,extra
otiotool,extra
otp2ocp,extra
otr_mackey,extra
otr_modify,extra
otr_parse,extra
otr_readforge,extra
otr_remac,extra
otr_sesskeys,extra
ouch,extra
out123,extra
outocp,extra
outpsfheader,core
output,extra
ov-compile_tool,extra
ov-protopipe,extra
ov-py-benchmark_app,extra
ov-single-image-test,extra
ovdb_init,extra
ovdb_monitor,extra
ovdb_server,extra
ovdb_stat,extra
over,extra
overchan,extra
overlay,extra
overlay32,multilib
overwitch,extra
overwitch-cli,extra
overwitch-play,extra
overwitch-record,extra
overwitch-service,extra
ovf2ovp,extra
ovm,extra
ovp2ovf,extra
ovs-appctl,extra
ovs-docker,extra
ovs-dpctl,extra
ovs-dpctl-top,extra
ovs-ofctl,extra
ovs-pcap,extra
ovs-pki,extra
ovs-tcpdump,extra
ovs-tcpundump,extra
ovs-testcontroller,extra
ovs-vsctl,extra
ovs-vswitchd,extra
ovsdb-client,extra
ovsdb-server,extra
ovsdb-tool,extra
ovsqlite-server,extra
ovsqlite-util,extra
owncloud,extra
owneredit.py,extra
ownership,extra
oxipng,extra
oxygen-demo5,extra
oxygen-demo6,extra
oxygen-settings6,extra
oxyromon,extra
p0f,extra
p0f-analyzer.pl,extra
p0f-client,extra
p0f-sendsyn,extra
p0f-sendsyn6,extra
p11-kit,core
p11tool,core
p11tool-32,multilib
p2pool,extra
pa-info,extra
pacat,extra
paccache,extra
paccapability,extra
paccat,extra
paccheck,extra
pacconf,extra
pacdiff,extra
pacfile,extra
pacinfo,extra
pacini,extra
pacinstall,extra
pack,extra
pack-cli,extra
pack-pbp,extra
pack200,extra
packETH,extra
packETHcli,extra
package_crystalsvg,extra
packages-signed-by,extra
packer,extra
packetforge-ng,extra
packihx,extra
paclist,extra
paclock,extra
paclog,extra
paclog-pkglist,extra
pacman,core
pacman-bintrans,extra
pacman-bintrans-monitor,extra
pacman-bintrans-sign,extra
pacman-conf,core
pacman-db-upgrade,core
pacman-key,core
pacman-offline,extra
pacmd,extra
pacoloco,extra
pacquery,extra
pacredir,extra
pacremove,extra
pacrepairdb,extra
pacrepairfile,extra
pacreport,extra
pacrunner,extra
pacscripts,extra
pacsearch,extra
pacserve,extra
pacsift,extra
pacsort,extra
pacstrap,extra
pacsync,extra
pactester,extra
pactl,extra
pactrans,extra
pactree,extra
padlock2john,extra
padsp,extra
padthv1_jack,extra
page.tesk.Refine,extra
pageant,extra
pageedit,extra
pagelayoutapi,extra
pages2html,extra
pages2raw,extra
pages2text,extra
pahole,extra
pal2rgb,extra
palapeli,extra
palette,extra
palloc,extra
palmtopnm,extra
paltex,extra
paltex32,multilib
pam_namespace_helper,core
pam_timestamp_check,core
pamaddnoise,extra
pamaltsat,extra
pamarith,extra
pambackground,extra
pambayer,extra
pambrighten,extra
pamchannel,extra
pamcomp,extra
pamcrater,extra
pamcut,extra
pamdeinterlace,extra
pamdepth,extra
pamdice,extra
pamditherbw,extra
pamedge,extra
pamendian,extra
pamenlarge,extra
pamexec,extra
pamfile,extra
pamfind,extra
pamfix,extra
pamfixtrunc,extra
pamflip,extra
pamfunc,extra
pamgauss,extra
pamgetcolor,extra
pamgradient,extra
pamhue,extra
pamixer,extra
pamlevels,extra
pamlookup,extra
pammasksharpen,extra
pammixinterlace,extra
pammixmulti,extra
pammosaicknit,extra
pamoil,extra
pamon,extra
pampaintspill,extra
pamperspective,extra
pamphletangler,extra
pampick,extra
pampop9,extra
pamrecolor,extra
pamrgbatopng,extra
pamrubber,extra
pamscale,extra
pamseq,extra
pamshadedrelief,extra
pamsharpmap,extra
pamsharpness,extra
pamsistoaglyph,extra
pamslice,extra
pamsplit,extra
pamstack,extra
pamstereogram,extra
pamstretch,extra
pamstretch-gen,extra
pamsumm,extra
pamsummcol,extra
pamtable,extra
pamthreshold,extra
pamtilt,extra
pamtoavs,extra
pamtodjvurle,extra
pamtofits,extra
pamtogif,extra
pamtohdiff,extra
pamtohtmltbl,extra
pamtojpeg2k,extra
pamtompfont,extra
pamtooctaveimg,extra
pamtopam,extra
pamtopdbimg,extra
pamtopfm,extra
pamtopng,extra
pamtopnm,extra
pamtosrf,extra
pamtosvg,extra
pamtotga,extra
pamtotiff,extra
pamtouil,extra
pamtowinicon,extra
pamtoxvmini,extra
pamtris,extra
pamu2fcfg,extra
pamundice,extra
pamunlookup,extra
pamvalidate,extra
pamwipeout,extra
pan,extra
pandoc,extra
pandoc-crossref,extra
pandoc-plot,extra
pandora,extra
panelctl,extra
pango-list,extra
pango-segmentation,extra
pango-view,extra
pano_modify,extra
pano_trafo,extra
panoinfo,extra
pansy,extra
pantheon-parental-controls-daemon,extra
paper,extra
paperconf,extra
paperkey,extra
papermill,extra
papers,extra
papers-previewer,extra
papers-thumbnailer,extra
paperwork-cli,extra
paperwork-gtk,extra
paperwork-json,extra
papilo,extra
paplay,extra
pappl-makeresheader,extra
paprefs,extra
par2,extra
par2create,extra
par2repair,extra
par2verify,extra
parakeet-cli,extra
parakeet-quantize,extra
parallel,extra
parallel-moreutils,extra
parallel_cucumber,extra
parallel_rspec,extra
parallel_spinach,extra
parallel_test,extra
parasite6,extra
paraview,extra
paraview-config,extra
paraview.conf,extra
parcat,extra
parcellite,extra
parec,extra
parecord,extra
parla,extra
parley,extra
parole,extra
parquet-to-blosc2,extra
parse-edid,extra
parse-submodules,extra
parse.f2fs,extra
parse_companies.pl,extra
parse_xsd2,extra
parsepkgbuild,extra
parset,extra
parsetrigrams,extra
parsetrigrams6,extra
parsort,extra
partclone.btrfs,extra
partclone.chkimg,extra
partclone.dd,extra
partclone.exfat,extra
partclone.ext2,extra
partclone.ext3,extra
partclone.ext4,extra
partclone.ext4dev,extra
partclone.extfs,extra
partclone.f2fs,extra
partclone.fat,extra
partclone.fat12,extra
partclone.fat16,extra
partclone.fat32,extra
partclone.hfs+,extra
partclone.hfsp,extra
partclone.hfsplus,extra
partclone.imager,extra
partclone.info,extra
partclone.minix,extra
partclone.nilfs2,extra
partclone.ntfs,extra
partclone.ntfsfixboot,extra
partclone.ntfsreloc,extra
partclone.restore,extra
partclone.vfat,extra
partclone.xfs,extra
parted,extra
partimage,extra
partimaged,extra
partimaged-gencrt,extra
partitionmanager,extra
partprobe,extra
partx,core
partyfuse,extra
pas2fpm,extra
pas2jni,extra
pas2js,extra
pas2ut,extra
pas2ut.rsj,extra
pascal_count,extra
pascube,extra
pass,extra
pass_gen,extra
passim,extra
passive_discovery6,extra
passmass,extra
passmenu,extra
passt,extra
passt-repair,extra
passt.avx2,extra
passwd,core
pasta,extra
pasta.avx2,extra
paste,core
pastebin,extra
pastebinit,extra
pastel,extra
pasuspender,extra
pasystray,extra
pat2dat,extra
pat2ppm,extra
patatt,extra
patch,core
patchelf,extra
patchmatrix,extra
patchmatrix_mixer,extra
patchmatrix_monitor,extra
patchview,extra
patchview-wrapper,extra
patchwork,extra
patextract,extra
patgen,extra
pathchk,core
patience_diff,extra
patiencediff,extra
pattrs,extra
pavucontrol,extra
pavucontrol-qt,extra
pax,extra
pax11publish,extra
paxcpio,extra
paxtar,extra
paxtest,extra
pbdemo,extra
pbdemo32,multilib
pbibtex,extra
pbinfo,extra
pbinfo32,multilib
pbmclean,extra
pbmlife,extra
pbmmake,extra
pbmmask,extra
pbmminkowski,extra
pbmpage,extra
pbmpscale,extra
pbmreduce,extra
pbmtext,extra
pbmtextps,extra
pbmto10x,extra
pbmto4425,extra
pbmtoascii,extra
pbmtoatk,extra
pbmtobbnbg,extra
pbmtocis,extra
pbmtocmuwm,extra
pbmtodjvurle,extra
pbmtoepsi,extra
pbmtoepson,extra
pbmtoescp2,extra
pbmtog3,extra
pbmtogem,extra
pbmtogo,extra
pbmtoibm23xx,extra
pbmtoicon,extra
pbmtojbg,extra
pbmtojbg85,extra
pbmtolj,extra
pbmtoln03,extra
pbmtolps,extra
pbmtomacp,extra
pbmtomatrixorbital,extra
pbmtomda,extra
pbmtomgr,extra
pbmtomrf,extra
pbmtonokia,extra
pbmtopgm,extra
pbmtopi3,extra
pbmtopk,extra
pbmtoplot,extra
pbmtoppa,extra
pbmtopsg3,extra
pbmtoptx,extra
pbmtosunicon,extra
pbmtowbmp,extra
pbmtox10bm,extra
pbmtoxbm,extra
pbmtoybm,extra
pbmtozinc,extra
pbmupc,extra
pbr,extra
pbs-install,extra
pbunzip2,extra
pbzcat,extra
pbzip2,extra
pc,extra
pc1toppm,extra
pcap-config,core
pcap2john,extra
pcb_calculator,extra
pcbnew,extra
pcc,extra
pccritic,core
pcdindex,extra
pcdovtoppm,extra
pcf2vpnc,extra
pcilmr,core
pcl2ttf,extra
pcmanfm,extra
pcmanfm-qt,extra
pcp,extra
pcp2csv,extra
pcp2elasticsearch,extra
pcp2graphite,extra
pcp2influxdb,extra
pcp2json,extra
pcp2openmetrics,extra
pcp2opentelemetry,extra
pcp2spark,extra
pcp2xlsx,extra
pcp2xml,extra
pcp2zabbix,extra
pcpp,extra
pcprofiledump,core
pcre-config,core
pcre2-config,core
pcre2grep,core
pcre2test,core
pcregrep,core
pcretest,core
pcsc-spy,extra
pcsc_scan,extra
pcscd,extra
pct2rgb,extra
pct2rgb.py,extra
pctrl,extra
pcurve,extra
pcxhrloader,extra
pcxtoppm,extra
pd,extra
pd-gui,extra
pda,extra
pdal,extra
pdal-config,extra
pdata_tools,core
pdb2mdb,extra
pdbedit,extra
pdbimgtopam,extra
pdbtool,extra
pdf-metadata-editor,extra
pdf-slatex,extra
pdf2dcm,extra
pdf2dsc,extra
pdf2john,extra
pdf2ps,extra
pdf2svg,extra
pdf2txt.py,extra
pdf_callbacks,extra
pdf_object,extra
pdf_text,extra
pdfannotextractor,extra
pdfarranger,extra
pdfatfi,extra
pdfattach,extra
pdfbook2,extra
pdfclose,extra
pdfcrack,extra
pdfcrop,extra
pdfcsplain,extra
pdfdetach,extra
pdfetex,extra
pdffonts,extra
pdfgrep,extra
pdfimages,extra
pdfinfo,extra
pdfjadetex,extra
pdfjam,extra
pdflatex,extra
pdflatex-dev,extra
pdflatexpicscale,extra
pdfman,core
pdfmex,extra
pdfmixtool,extra
pdfmom,core
pdfopen,extra
pdfpc,extra
pdfseparate,extra
pdfsig,extra
pdfslicer,extra
pdftex,extra
pdftex-quiet,extra
pdftexi2dvi,core
pdftk,extra
pdftocairo,extra
pdftohtml,extra
pdftopng,extra
pdftoppm,extra
pdftops,extra
pdftosrc,extra
pdftotext,extra
pdftricks,extra
pdfunite,extra
pdfxmltex,extra
pdfxup,extra
pdiff,extra
pdm,extra
pdns_control,extra
pdns_notify,extra
pdns_recursor,extra
pdns_server,extra
pdnsd,extra
pdnsd-ctl,extra
pdnsutil,extra
pdoc,extra
pdreceive,extra
pdsend,extra
pdu,extra
pdvitomp,extra
pdvitype,extra
pdwtags,extra
pe-addsigs,extra
pe-dumpinfo,extra
pe-inspect,extra
pe-listsigs,extra
pea,extra
peas-demo,extra
peazip,extra
pecan,extra
peco,extra
pedigree,extra
pedump,extra
pee,extra
peek,extra
peekfd,core
pef-config,extra
peg,extra
peglgears,extra
peglgears32,multilib
pekwm,extra
pekwm_bg,extra
pekwm_ctrl,extra
pekwm_dialog,extra
pekwm_panel,extra
pekwm_screenshot,extra
pekwm_sys,extra
pekwm_theme,extra
pekwm_wm,extra
pelican,extra
pelican-import,extra
pelican-plugins,extra
pelican-quickstart,extra
pelican-themes,extra
pem2john,extra
pencil2d,extra
pep440,extra
perconaserver_config,extra
perf,extra
perfdhcp,extra
performous,extra
perfquery,extra
perl,core
perl-nocem,extra
perl-rename,extra
perl2lcov,extra
perl_count,extra
perltex,extra
permutahedron,extra
permute,extra
permute_exist,extra
permview,extra
perror,extra
persepolis,extra
persist-tool,extra
pesigcheck,extra
pesign,extra
pesign-client,extra
pesto,extra
pesum,extra
petcat,extra
pevent,extra
peverify,extra
pew,extra
pf2afm,extra
pfadecrypt,extra
pfarrei,extra
pfb2pfa,extra
pfbtopfa,extra
pfbtops,core
pfc,extra
pfetch,extra
pflags,extra
pflogsumm,extra
pfmtopam,extra
pfunct,extra
pfx2john,extra
pg,core
pg_amcheck,extra
pg_archivecleanup,extra
pg_autoctl,extra
pg_basebackup,extra
pg_checksums,extra
pg_combinebackup,extra
pg_config,extra
pg_controldata,extra
pg_createsubscriber,extra
pg_ctl,extra
pg_dump,extra
pg_dumpall,extra
pg_format,extra
pg_isready,extra
pg_receivewal,extra
pg_recvlogical,extra
pg_resetwal,extra
pg_restore,extra
pg_rewind,extra
pg_test_fsync,extra
pg_test_timing,extra
pg_upgrade,extra
pg_verifybackup,extra
pg_waldump,extra
pg_walsummary,extra
pgbackrest,extra
pgbench,extra
pgbouncer,extra
pgcli,extra
pgiac,extra
pglobal,extra
pgmabel,extra
pgmbentley,extra
pgmcrater,extra
pgmdeshadow,extra
pgmedge,extra
pgmenhance,extra
pgmhist,extra
pgmkernel,extra
pgmmake,extra
pgmmedian,extra
pgmminkowski,extra
pgmmorphconv,extra
pgmnoise,extra
pgmnorm,extra
pgmoil,extra
pgmramp,extra
pgmslice,extra
pgmtexture,extra
pgmtofs,extra
pgmtolispm,extra
pgmtopbm,extra
pgmtopgm,extra
pgmtoppm,extra
pgmtosbig,extra
pgmtost4,extra
pgmtoy4m,extra
pgon-mode,extra
pgon-mode32,multilib
pgp-clean,extra
pgp-fixkey,extra
pgpdisk2john,extra
pgpdump,extra
pgpewrap,extra
pgpring,extra
pgpsda2john,extra
pgpverify,extra
pgpwde2john,extra
pgrep,core
pgsql2shp,extra
pgsql2sqlite,extra
pgtopo_export,extra
pgtopo_import,extra
ph5diff,extra
phar,extra
phar-legacy,extra
phar-legacy.phar,extra
phar.phar,extra
phc2sys,extra
phc_ctl,extra
phoa2d,extra
phoc,extra
phoc-outputs-states,extra
phod2a,extra
phoenix_info,extra
phonegap,extra
phononsettings,extra
phosh-mobile-settings,extra
phosh-osk-stevia,extra
phosh-session,extra
phosh-tour,extra
photoflare,extra
photorec,extra
phototonic,extra
php,extra
php-cgi,extra
php-cgi-legacy,extra
php-config,extra
php-config-legacy,extra
php-fpm,extra
php-fpm-legacy,extra
php-legacy,extra
php2po,extra
php_count,extra
phpdbg,extra
phpdbg-legacy,extra
phpize,extra
phpize-legacy,extra
phppo2pypo,extra
pi,extra
pi-make-microsoft-freecell-board,extra
pi1toppm,extra
pi3topbm,extra
pi_stress,extra
pianobar,extra
pianoctl,extra
pic,core
pic2graph,core
pic2plot,extra
pic2tpic,extra
picard,extra
pickg,extra
picmi,extra
picocom,extra
picom,extra
picom-inspect,extra
picom-trans,extra
pid1,extra
pidof,core
pidproxy,extra
pidstat,extra
pidwait,core
piep,extra
pifpaf,extra
pigment64,extra
pigz,extra
pik,extra
pika-backup,extra
pika-backup-monitor,extra
pimdataexporter,extra
pimdataexporterconsole,extra
pimsync,extra
pinentry,core
pinentry-bemenu,extra
pinentry-curses,core
pinentry-emacs,core
pinentry-gnome3,core
pinentry-gtk,core
pinentry-qt,core
pinentry-tty,core
ping,core
ping.py,extra
ping6.py,extra
pingus,extra
pingus.bin,extra
pinky,core
pinns,extra
pint,extra
pint-convert,extra
pinta,extra
pio,extra
piodebuggdb,extra
pioneer,extra
pip,extra
pip-install-dependency-groups,extra
pip3,extra
pip_stress,extra
pipectl,extra
pipenv,extra
pipenv-resolver,extra
pipenv_to_requirements,extra
piper,extra
piper-convert,extra
piper-vamp-simple-server,extra
pipesocks,extra
pipesz,core
pipewire,extra
pipewire-aes67,extra
pipewire-avb,extra
pipewire-media-session,extra
pipewire-pulse,extra
piping-server,extra
pipx,extra
pirate,extra
pitchmark,extra
pitivi,extra
pius,extra
pius-keyring-mgr,extra
pius-party-worksheet,extra
pius-report,extra
piv-tool,extra
pivot_root,core
pix,extra
pixeltest,extra
pixeltest32,multilib
pixeltool,extra
pixeltool-qt5,extra
pixeltool6,extra
pixi,extra
pixiewps,extra
pixz,extra
pjtoppm,extra
pk-bin2poke,extra
pk-example-frobnicate,extra
pk-jojopatch,extra
pk-strings,extra
pk12util,core
pk2bm,extra
pkaction,extra
pkcheck,extra
pkcs1-conv,core
pkcs11-register,extra
pkcs11-tool,extra
pkcs15-crypt,extra
pkcs15-init,extra
pkcs15-tool,extra
pkexec,extra
pkfix,extra
pkfix-helper,extra
pkg-config,core
pkgcli,extra
pkgconf,core
pkgctl,extra
pkgdata,core
pkgdiff,extra
pkgfile,extra
pkgfiled,extra
pkggrep,extra
pkginfo,extra
pkgsearch,extra
pkgstats,extra
pki,extra
pkill,core
pktcdvd-check,extra
pktogf,extra
pktopbm,extra
pktsetup,extra
pkttyagent,extra
pktype,extra
pl,extra
pl2link,extra
pl_editor,extra
planarg,extra
planarity,extra
planetsplitter,extra
planetsplitter-slim,extra
planify,extra
planify-cli,extra
planify-quick-add,extra
plank,extra
planner,extra
plantri,extra
plantuml,extra
plantuml-server,extra
plasma-activities-cli6,extra
plasma-apply-colorscheme,extra
plasma-apply-cursortheme,extra
plasma-apply-desktoptheme,extra
plasma-apply-lookandfeel,extra
plasma-apply-wallpaperimage,extra
plasma-bigscreen-common-env,extra
plasma-bigscreen-envmanager,extra
plasma-bigscreen-inputhandler,extra
plasma-bigscreen-settings,extra
plasma-bigscreen-swap-session,extra
plasma-bigscreen-uvcviewer,extra
plasma-bigscreen-wayland,extra
plasma-bigscreen-webapp,extra
plasma-browser-integration-host,extra
plasma-camera,extra
plasma-discover,extra
plasma-emojier,extra
plasma-interactiveconsole,extra
plasma-keyboard,extra
plasma-login-wallpaper,extra
plasma-mobile-envmanager,extra
plasma-mobile-initial-start,extra
plasma-mobile-notificationtest,extra
plasma-open-settings,extra
plasma-print-queue,extra
plasma-settings,extra
plasma-shutdown,extra
plasma-systemmonitor,extra
plasma-welcome,extra
plasma_session,extra
plasma_waitforname,extra
plasmaengineexplorer,extra
plasmalogin,extra
plasmashell,extra
plasmathemeexplorer,extra
plasmatube,extra
plasmawindowed,extra
plasmoidviewer,extra
plastic,extra
plastic_tui,extra
platex,extra
platex-dev,extra
platformio,extra
play,extra
play.sh,extra
playSIP,extra
play_cell,extra
play_ng,extra
playbackmanager,extra
playerctl,extra
playerctld,extra
playitslowly,extra
plaympeg,extra
playsound,extra
playsound_simple,extra
playwright,extra
pldd,core
pldes,extra
plex,extra
plezy,extra
plfit,extra
plgen,extra
plget,extra
plink,extra
plipconfig,core
plistutil,extra
plmerge,extra
plocate,extra
plocate-build,extra
plog,core
plookup,extra
plot,extra
plotfont,extra
plotly_get_chrome,extra
plparse,extra
plser,extra
plt-games,extra
plt-help,extra
plt-r5rs,extra
plt-r6rs,extra
plt-web-server,extra
pltotf,extra
plugctl,extra
pluginviewer,core
plugreport,extra
pluma,extra
plumber,extra
plutil,extra
plv,extra
plymouth,extra
plymouth-set-default-theme,extra
plymouthd,extra
pm,extra
pm2,extra
pm2-dev,extra
pm2-docker,extra
pm2-runtime,extra
pm3,extra
pm3-flash,extra
pm3-flash-all,extra
pm3-flash-bootrom,extra
pm3-flash-fullimage,extra
pm3_amii_bin2eml.pl,extra
pm3_eml2lower.sh,extra
pm3_eml2mfd.py,extra
pm3_eml2upper.sh,extra
pm3_mfd2eml.py,extra
pm3_mfdread.py,extra
pm3_reblay-emulating.py,extra
pm3_reblay-reading.py,extra
pmafm,extra
pmap,core
pmbootstrap,extra
pmc,extra
pmchart,extra
pmclient,extra
pmclient_fg,extra
pmconfirm,extra
pmd2raw,extra
pmd2svg,extra
pmd2text,extra
pmdate,extra
pmdbg,extra
pmdiff,extra
pmdumplog,extra
pmdumptext,extra
pmerr,extra
pmevent,extra
pmfind,extra
pmgenmap,extra
pmie,extra
pmie2col,extra
pmieconf,extra
pmiectl,extra
pminfo,extra
pmiostat,extra
pmix_info,extra
pmixcc,extra
pmjson,extra
pmlc,extra
pmlogbasename,extra
pmlogcheck,extra
pmlogcompress,extra
pmlogconf,extra
pmlogcp,extra
pmlogctl,extra
pmlogdecompress,extra
pmlogdump,extra
pmlogextract,extra
pmlogger,extra
pmloglabel,extra
pmlogls,extra
pmlogmv,extra
pmlogpaste,extra
pmlogpush,extra
pmlogredact,extra
pmlogreduce,extra
pmlogrewrite,extra
pmlogsize,extra
pmlogsummary,extra
pmmessage,extra
pmpost,extra
pmprobe,extra
pmpython,extra
pmqtest,extra
pmquery,extra
pmrep,extra
pmrepconf,extra
pmsearch,extra
pmseries,extra
pmsocks,extra
pmstat,extra
pmstore,extra
pmt-ehd,extra
pmtime,extra
pmtop,extra
pmtrace,extra
pmval,extra
pmvarrun,extra
pmxab,extra
pmxchords,extra
pn,extra
pn2pdf,extra
pn53x-diagnose,extra
pn53x-sam,extra
pn53x-tamashell,extra
pnetcdf-config,extra
pnetcdf_version,extra
png-fix-itxt,extra
png-fix-itxt-32,multilib
png2dbl,extra
png2icns,extra
png2mng.pl,extra
png2pat,extra
png2pnm,extra
png2svg,extra
png2yuv,extra
pngcmp,extra
pngcrush,extra
pngfix,extra
pngfix-32,multilib
pngquant,extra
pngtogd,extra
pngtogd2,extra
pngtopam,extra
pngtopnm,extra
pnm2png,extra
pnmalias,extra
pnmarith,extra
pnmcat,extra
pnmcolormap,extra
pnmcomp,extra
pnmconvol,extra
pnmcrop,extra
pnmcut,extra
pnmdepth,extra
pnmenlarge,extra
pnmfile,extra
pnmflip,extra
pnmgamma,extra
pnmhisteq,extra
pnmhistmap,extra
pnmindex,extra
pnminterp,extra
pnminvert,extra
pnmmargin,extra
pnmmercator,extra
pnmmontage,extra
pnmnlfilt,extra
pnmnoraw,extra
pnmnorm,extra
pnmpad,extra
pnmpaste,extra
pnmpsnr,extra
pnmquant,extra
pnmquantall,extra
pnmremap,extra
pnmrotate,extra
pnmscale,extra
pnmscalefixed,extra
pnmshear,extra
pnmsmooth,extra
pnmsplit,extra
pnmstitch,extra
pnmtile,extra
pnmtoddif,extra
pnmtofiasco,extra
pnmtofits,extra
pnmtojbig,extra
pnmtojpeg,extra
pnmtopalm,extra
pnmtopclxl,extra
pnmtoplainpnm,extra
pnmtopng,extra
pnmtopnm,extra
pnmtops,extra
pnmtorast,extra
pnmtorle,extra
pnmtosgi,extra
pnmtosir,extra
pnmtotiff,extra
pnmtotiffcmyk,extra
pnmtoxwd,extra
pnmtoy4m,extra
pnpm,extra
pnpx,extra
pnx,extra
po-fetch,core
po2asciidoc,extra
po2csv,extra
po2dtd,extra
po2flatxml,extra
po2html,extra
po2ical,extra
po2idml,extra
po2ini,extra
po2json,extra
po2md,extra
po2mdx,extra
po2moz,extra
po2mozlang,extra
po2odf,extra
po2oo,extra
po2php,extra
po2prop,extra
po2rc,extra
po2resx,extra
po2sub,extra
po2symb,extra
po2tiki,extra
po2tmx,extra
po2toml,extra
po2ts,extra
po2txt,extra
po2web2py,extra
po2wordfast,extra
po2wxl,extra
po2xliff,extra
po2xmi6,extra
po2xml,extra
po2yaml,extra
poclcc,extra
poclean,extra
poco-arc,extra
pocommentclean,extra
pocompendium,extra
pocompile,extra
poconflicts,extra
pocount,extra
pod2texi,core
podboat,extra
podebug,extra
podlet,extra
podman,extra
podman-compose,extra
podman-desktop,extra
podman-remote,extra
podmansh,extra
podofobox,extra
podofocolor,extra
podofocountpages,extra
podofocrop,extra
podofoencrypt,extra
podofogc,extra
podofoimg2pdf,extra
podofoimgextract,extra
podofoimpose,extra
podofoincrementalupdates,extra
podofomerge,extra
podofonooc,extra
podofopages,extra
podofopdfinfo,extra
podofosign,extra
podofotxt2pdf,extra
podofotxtextract,extra
podofouncompress,extra
podofoxmp,extra
poedit,extra
poetry,extra
poetry-dynamic-versioning,extra
poff,core
pofilter,extra
pogrep,extra
point,extra
point-clip,extra
point-clip32,multilib
point-param,extra
point-param32,multilib
point-sprite,extra
point-sprite32,multilib
point-wide,extra
point-wide-smooth,extra
point-wide-smooth32,multilib
point-wide32,multilib
point32,multilib
point_search,extra
pointblast,extra
pointblast32,multilib
pointcoord,extra
pointcoord32,multilib
points,extra
points2allfinetriangs,extra
points2alltriangs,extra
points2chiro,extra
points2circuits,extra
points2cocircuits,extra
points2facets,extra
points2finetriang,extra
points2finetriangs,extra
points2flips,extra
points2gale,extra
points2mintriang,extra
points2nallfinetriangs,extra
points2nalltriangs,extra
points2ncircuits,extra
points2ncocircuits,extra
points2nfinetriangs,extra
points2nflips,extra
points2ntriangs,extra
points2placingtriang,extra
points2prettyprint,extra
points2symmetries,extra
points2triangs,extra
points2vertices,extra
points2volume,extra
points32,multilib
poke,extra
poked,extra
pokefmt,extra
poketex,extra
polar_channel_construction,extra
polari,extra
policyeditor,extra
poly,extra
poly-11d.x,extra
poly-4d.x,extra
poly-5d.x,extra
poly-6d.x,extra
poly-flat,extra
poly-flat-clip,extra
poly-flat-clip32,multilib
poly-flat-unfilled-clip,extra
poly-flat-unfilled-clip32,multilib
poly-flat32,multilib
poly-mesa,extra
poly-unfilled,extra
poly-unfilled32,multilib
poly.x,extra
poly32,multilib
polybar,extra
polybar-msg,extra
polyc,extra
polyhedron-to-cones,extra
polyimport,extra
polymake,extra
polymake-config,extra
polyphone,extra
pomerge,extra
pomigrate2,extra
pon,core
pony-doc,extra
pony-lint,extra
pony-lsp,extra
ponyc,extra
ponysay,extra
ponysay-tool,extra
ponythink,extra
pooltype,extra
pop-launcher,extra
pop3d,extra
popauth,extra
popeye,extra
popsift-demo,extra
popuretext,extra
poreencode,extra
porestructure,extra
pork,extra
port_new_gitlab_ci_template.sh,extra
portablectl,core
posegment,extra
posplit,extra
post-grohtml,core
postalias,extra
postcat,extra
postconf,extra
postdrop,extra
posterazor,extra
postfix,extra
postfix-collate.pl,extra
postfix-tlspol,extra
postfix-tlstype.pl,extra
postfwd,extra
postfwd-script.sh,extra
postfwd1,extra
postfwd2,extra
postfwd3,extra
postgis,extra
postgis_restore,extra
postgres,extra
postgresql-check-db-dir,extra
postgrest,extra
postgrey,extra
postgreyreport,extra
postkick,extra
postlock,extra
postlog,extra
postmap,extra
postmodern,extra
postmulti,extra
postprocessing_benchmark,extra
postqueue,extra
postsuper,extra
posttls-finger,extra
postw32,extra
poswap,extra
pot2po,extra
potcheck,extra
poterminology,extra
potrace,extra
povray,extra
powerline,extra
powerline-config,extra
powerline-daemon,extra
powerline-lint,extra
powerline-render,extra
poweroff,core
powerprofilesctl,extra
powertop,extra
powertop2tuned,extra
powmeanstd,extra
pp-trace,extra
ppc64le-elf-addr2line,extra
ppc64le-elf-ar,extra
ppc64le-elf-as,extra
ppc64le-elf-c++filt,extra
ppc64le-elf-elfedit,extra
ppc64le-elf-embedspu,extra
ppc64le-elf-gdb,extra
ppc64le-elf-gdb-add-index,extra
ppc64le-elf-gprof,extra
ppc64le-elf-gstack,extra
ppc64le-elf-ld,extra
ppc64le-elf-ld.bfd,extra
ppc64le-elf-nm,extra
ppc64le-elf-objcopy,extra
ppc64le-elf-objdump,extra
ppc64le-elf-ranlib,extra
ppc64le-elf-readelf,extra
ppc64le-elf-size,extra
ppc64le-elf-strings,extra
ppc64le-elf-strip,extra
ppcx64,extra
ppdc,extra
ppdep,extra
ppdhtml,extra
ppdi,extra
ppdmerge,extra
ppdpo,extra
pphs,extra
ppi,extra
ppl-config,extra
ppl_lcdd,extra
ppl_lpsol,extra
ppl_pips,extra
ppltotf,extra
ppm2tiff,extra
ppm3d,extra
ppmbrighten,extra
ppmchange,extra
ppmcheckpdf,extra
ppmcie,extra
ppmcolormask,extra
ppmcolors,extra
ppmdcfont,extra
ppmddumpfont,extra
ppmdim,extra
ppmdist,extra
ppmdither,extra
ppmdmkfont,extra
ppmdraw,extra
ppmfade,extra
ppmflash,extra
ppmforge,extra
ppmglobe,extra
ppmhist,extra
ppmlabel,extra
ppmmake,extra
ppmmix,extra
ppmnorm,extra
ppmntsc,extra
ppmpat,extra
ppmquant,extra
ppmquantall,extra
ppmrainbow,extra
ppmrelief,extra
ppmrough,extra
ppmshadow,extra
ppmshift,extra
ppmspread,extra
ppmtoacad,extra
ppmtoapplevol,extra
ppmtoarbtxt,extra
ppmtoascii,extra
ppmtobmp,extra
ppmtoeyuv,extra
ppmtogif,extra
ppmtoicr,extra
ppmtoilbm,extra
ppmtojpeg,extra
ppmtoleaf,extra
ppmtolj,extra
ppmtolss16,core
ppmtomap,extra
ppmtomitsu,extra
ppmtompeg,extra
ppmtoneo,extra
ppmtopcx,extra
ppmtopgm,extra
ppmtopi1,extra
ppmtopict,extra
ppmtopj,extra
ppmtopjxl,extra
ppmtoppm,extra
ppmtopuzz,extra
ppmtorgb3,extra
ppmtosixel,extra
ppmtospu,extra
ppmtoterm,extra
ppmtotga,extra
ppmtouil,extra
ppmtowinicon,extra
ppmtoxpm,extra
ppmtoy4m,extra
ppmtoyuv,extra
ppmtoyuvsplit,extra
ppmtv,extra
ppmwheel,extra
pppd,core
pppdump,core
pppoe,extra
pppoe-discovery,core
pppoe-relay,extra
pppoe-server,extra
pppoe-sniff,extra
pppstats,core
pprof2calltree,extra
pprofile,extra
pps,extra
ppscheck,extra
ppsctl,extra
ppsfind,extra
ppsh,extra
ppsldisc,extra
ppstest,extra
ppswatch,extra
pptp,core
pptpctrl,extra
pptpd,extra
pptpsetup,core
ppudump,extra
ppufiles,extra
ppumove,extra
pqiv,extra
pquery,extra
pr,core
pr-downloader,extra
praat,extra
praefect,extra
pragha,extra
pre-commit,extra
pre-grohtml,core
precat,extra
precond,extra
preconv,core
prefcnt,extra
premake,extra
premake5,extra
prepare,extra
prepareHistFactory,extra
preparetips5,extra
prepmx,extra
present,extra
present3D,extra
presenterm,extra
pretranslate,extra
prettier,extra
pretty-simple,extra
prettybat,extra
prettyping,extra
preunzip,extra
prezip,extra
prezip-bin,extra
prg2lout,extra
prichunkpng,extra
pricolpng,extra
priditherpng,extra
priforgepng,extra
prigreypng,extra
prime,extra
prime-run,extra
primecount,extra
primesieve,extra
primus_vk_diag,extra
primusrun,extra
print-go-deps,extra
print_sum,extra
printafm,extra
printcal,extra
printcbm,extra
printemf,extra
printenv,core
printf,core
printf_gettext,core
printf_ngettext,core
printtarg,extra
pripalpng,extra
pripamtopng,extra
priplan9topng,extra
pripnglsch,extra
pripngtopam,extra
prirowpng,extra
prismlauncher,extra
prisonparty,extra
privoxy,extra
privoxy-log-parser,extra
privoxy-regression-test,extra
priweavepng,extra
prlimit,core
probe-rs,extra
procan,extra
procbatch,extra
process_keys,extra
procinfo,extra
procs,extra
procstatd,extra
procyon-decompiler,extra
productg,extra
profanity,extra
profcheck,extra
profile,extra
profile-cleaner,extra
profile-sync-daemon,extra
profiles,extra
progpick,extra
program.pt,extra
progress,extra
progressbar,extra
proj,extra
project.py,extra
projectM-pulseaudio,extra
projectMSDL,extra
projection,extra
projection_gmp,extra
projinfo,extra
projsync,extra
projtex,extra
projtex32,multilib
prometheus,extra
prometheus-bird-exporter,extra
prometheus-blackbox-exporter,extra
prometheus-elasticsearch-exporter,extra
prometheus-fastly-exporter,extra
prometheus-ipmi-exporter,extra
prometheus-json-exporter,extra
prometheus-memcached-exporter,extra
prometheus-mysqld-exporter,extra
prometheus-node-exporter,extra
prometheus-nut-exporter,extra
prometheus-postgres-exporter,extra
prometheus-redis-exporter,extra
prometheus-smartctl-exporter,extra
prometheus-smokeping-prober,extra
prometheus-snmp-exporter,extra
prometheus-snmp-generator,extra
prometheus-ssl-exporter,extra
prometheus-systemd-exporter,extra
prometheus-unbound-exporter,extra
prometheus-varnish-exporter,extra
prometheus-wireguard-exporter,extra
promtail,extra
promtool,extra
pronto2lirc,extra
prop2mozfunny,extra
prop2po,extra
proptest,extra
prosody,extra
prosody-migrator,extra
prosody2john,extra
prosodyctl,extra
protege,extra
protoc,extra
protoc-36.1.0,extra
protoc-c,extra
protoc-gen-buf-breaking,extra
protoc-gen-buf-lint,extra
protoc-gen-c,extra
protoc-gen-upb,extra
protoc-gen-upb-36.1.0,extra
protoc-gen-upb_minitable,extra
protoc-gen-upb_minitable-36.1.0,extra
protoc-gen-upbdefs,extra
protoc-gen-upbdefs-36.1.0,extra
protocoltojson,extra
proton,extra
proton-viewer,extra
protonmail-bridge,extra
protonmail-bridge-core,extra
protontricks,extra
protontricks-launch,extra
protonvpn,extra
protonvpn-app,extra
proximity-sort,extra
proxmark3,extra
proxy,extra
proxy_thr,extra
proxyboi,extra
proxychains,extra
proxychains4,extra
proxychains4-daemon,extra
proxytrack,extra
proxytunnel,extra
prrte-pterm,extra
prrte-ssh,extra
prte,extra
prte_info,extra
prted,extra
prterun,extra
prtstat,core
prun,extra
prune,extra
pruneemptydirs,extra
prunehistory,extra
prusa-gcodeviewer,extra
prusa-slicer,extra
prxgen,extra
prxmin,extra
pry,extra
ps,core
ps-admin,extra
ps2ascii,extra
ps2eps,extra
ps2epsi,extra
ps2frag,extra
ps2pdf,extra
ps2pdf12,extra
ps2pdf13,extra
ps2pdf14,extra
ps2pdfwr,extra
ps2pk,extra
ps2ps,extra
ps2ps2,extra
ps4pdf,extra
ps_mysqld_helper,extra
ps_token2john,extra
psalm,extra
psbook,extra
pscap,core
pscp,extra
psd,extra
psd-suspend-sync,extra
pse2john,extra
psensor,extra
psensor-server,extra
pseudochop,extra
psexec.py,extra
psfaddtable,core
psfgettable,core
psfstriptable,core
psftp,extra
psfxtable,core
psi,extra
psicc,extra
psidtopgm,extra
psjoin,extra
pskc2csv,extra
pskc2pskc,extra
pskctool,extra
psktool,core
psl,core
psl-make-dafsa,core
pslatex,extra
pslist,extra
pslog,core
psnup,extra
pspax,extra
pspell-config,extra
psql,extra
psresize,extra
psselect,extra
pst2ldif,extra
pst2pdf,extra
pstat,extra
pstoedit,extra
pstogif,extra
pstoimg,extra
pstopnm,extra
pstops,extra
pstoxbm,extra
pstree,core
pstree.x11,core
psusan,extra
pt-align,extra
pt-archiver,extra
pt-config-diff,extra
pt-deadlock-logger,extra
pt-diskstats,extra
pt-duplicate-key-checker,extra
pt-eustack-resolver,extra
pt-fifo-split,extra
pt-find,extra
pt-fingerprint,extra
pt-fk-error-logger,extra
pt-galera-log-explainer,extra
pt-heartbeat,extra
pt-index-usage,extra
pt-ioprofile,extra
pt-k8s-debug-collector,extra
pt-kill,extra
pt-mext,extra
pt-mongodb-index-check,extra
pt-mongodb-query-digest,extra
pt-mongodb-summary,extra
pt-mysql-summary,extra
pt-online-schema-change,extra
pt-pg-summary,extra
pt-pmp,extra
pt-query-digest,extra
pt-replica-find,extra
pt-replica-restart,extra
pt-secure-collect,extra
pt-show-grants,extra
pt-sift,extra
pt-slave-delay,extra
pt-slave-find,extra
pt-slave-restart,extra
pt-stalk,extra
pt-summary,extra
pt-table-checksum,extra
pt-table-sync,extra
pt-table-usage,extra
pt-upgrade,extra
pt-variable-advisor,extra
pt-visual-explain,extra
pt2-clone,extra
pt2to3,extra
ptcli,extra
ptdump,extra
ptekf,extra
pterm,extra
ptex,extra
ptex2pdf,extra
ptftopl,extra
pto_gen,extra
pto_lensstack,extra
pto_mask,extra
pto_merge,extra
pto_move,extra
pto_template,extra
pto_var,extra
ptop,extra
ptop.rsj,extra
ptp4l,extra
ptrepack,extra
ptsematest,extra
pttree,extra
ptunnel,extra
ptx,core
ptxinfo,extra
ptyxis,extra
pub2raw,extra
pub2xhtml,extra
pudb,extra
pueue,extra
pueued,extra
pullnews,extra
pulseaudio,extra
pulseaudio-equalizer,extra
pulseaudio-equalizer-gtk,extra
pulsemixer,extra
pulseview,extra
pulumi,extra
pulumi-language-go,extra
pulumi-language-nodejs,extra
pulumi-language-python,extra
pulumi-language-python-exec,extra
puma,extra
pumactl,extra
pump,extra
puppet,extra
puremagic,extra
purifyeps,extra
putmail,extra
putsurface,extra
putsurface_wayland,extra
putty,extra
putty2john,extra
puttygen,extra
puzzles-blackbox,extra
puzzles-bridges,extra
puzzles-cube,extra
puzzles-dominosa,extra
puzzles-fifteen,extra
puzzles-filling,extra
puzzles-flip,extra
puzzles-flood,extra
puzzles-galaxies,extra
puzzles-guess,extra
puzzles-inertia,extra
puzzles-keen,extra
puzzles-lightup,extra
puzzles-loopy,extra
puzzles-magnets,extra
puzzles-map,extra
puzzles-mines,extra
puzzles-mosaic,extra
puzzles-net,extra
puzzles-netslide,extra
puzzles-palisade,extra
puzzles-pattern,extra
puzzles-pearl,extra
puzzles-pegs,extra
puzzles-range,extra
puzzles-rect,extra
puzzles-samegame,extra
puzzles-signpost,extra
puzzles-singles,extra
puzzles-sixteen,extra
puzzles-slant,extra
puzzles-solo,extra
puzzles-tents,extra
puzzles-towers,extra
puzzles-tracks,extra
puzzles-twiddle,extra
puzzles-undead,extra
puzzles-unequal,extra
puzzles-unruly,extra
puzzles-untangle,extra
pv,extra
pv_export,extra
pv_import,extra
pvanal,extra
pvbatch,extra
pvchange,core
pvck,core
pvcreate,core
pvdataserver,extra
pvdisplay,core
pvkrun,extra
pvlook,extra
pvmove,core
pvpython,extra
pvremove,core
pvrenderserver,extra
pvresize,core
pvs,core
pvscan,core
pvserver,extra
pvtkpython,extra
pw-cat,extra
pw-cli,extra
pw-config,extra
pw-container,extra
pw-dot,extra
pw-dsdplay,extra
pw-dump,extra
pw-encplay,extra
pw-inspector,extra
pw-jack,extra
pw-link,extra
pw-loopback,extra
pw-metadata,extra
pw-midi2play,extra
pw-midi2record,extra
pw-mididump,extra
pw-midiplay,extra
pw-midirecord,extra
pw-mon,extra
pw-play,extra
pw-profiler,extra
pw-record,extra
pw-reserve,extra
pw-sysex,extra
pw-top,extra
pw-v4l2,extra
pwck,core
pwconv,core
pwd,core
pwd-conf-update,extra
pwdhash,extra
pwdx,core
pwgen,extra
pwhistory_helper,core
pwiz,extra
pwkond,extra
pwmake,extra
pwmconfig,extra
pwn,extra
pwndbg,extra
pwndbg-lldb,extra
pwninit,extra
pwru,extra
pwsafe2john,extra
pwscore,extra
pwunconv,core
pxelinux-options,core
py.test,extra
py.test-benchmark,extra
py2lcov,extra
py3-cmd,extra
py3status,extra
py7zr,extra
pyCecClient,extra
pyacc,extra
pyaml,extra
pyasn_util_asnames.py,extra
pyasn_util_convert.py,extra
pyasn_util_download.py,extra
pyav,extra
pybabel,extra
pybind11-config,extra
pybind_docs,extra
pycharm,extra
pychess,extra
pyclip,extra
pycman-database,extra
pycman-deptest,extra
pycman-query,extra
pycman-remove,extra
pycman-sync,extra
pycman-upgrade,extra
pycman-version,extra
pycodestyle,extra
pycrust,extra
pyct,extra
pydf,extra
pydicom,extra
pydiff,extra
pydle,extra
pydle-irccat,extra
pydoc,core
pydoc3,core
pydoc3.14,core
pydocstyle,extra
pyenv,extra
pyenv-install,extra
pyenv-uninstall,extra
pyfiglet,extra
pyflakes,extra
pyflakes3k,extra
pyflow,extra
pyftmerge,extra
pyftsubset,extra
pygal_gen.py,extra
pyghidra,extra
pygmentex,extra
pygmentize,extra
pygrun,extra
pyhtmlizer,extra
pyjson5,extra
pykig.py,extra
pylint,extra
pylint-config,extra
pylsp,extra
pylupdate5,extra
pylupdate6,extra
pymol,extra
pymupdf,extra
pynvim-python,extra
pyosmium-get-changes,extra
pyosmium-up-to-date,extra
pypandoc,extra
pyperf,extra
pyperformance,extra
pypinyin,extra
pypo2phppo,extra
pyprof2calltree,extra
pyproj,extra
pyproject-build,extra
pypy,extra
pypy3,extra
pypy3.11,extra
pyqt-bundle,extra
pyqt-qt-wheel,extra
pyrcc5,extra
pyreverse,extra
pyright,extra
pyright-langserver,extra
pyro5-check-config,extra
pyro5-echoserver,extra
pyro5-httpgateway,extra
pyro5-ns,extra
pyro5-nsc,extra
pyrogenesis,extra
pyroute2-decoder,extra
pyroute2-dhcp-client,extra
pyroute2-test-platform,extra
pyrsa-decrypt,extra
pyrsa-encrypt,extra
pyrsa-keygen,extra
pyrsa-priv2pub,extra
pyrsa-sign,extra
pyrsa-verify,extra
pysemver,extra
pyserial-miniterm,extra
pyserial-ports,extra
pyshell,extra
pyside6-designer,extra
pyside_tool.py,extra
pyslices,extra
pyslicesshell,extra
pysmt-install,extra
pysol,extra
pyspnego-parse,extra
pysquashfs,extra
pystache,extra
pystache-test,extra
pytail,extra
pytesseract,extra
pytest,extra
pytest-bdd,extra
pytest-benchmark,extra
pythia8-config,extra
python,core
python-build,extra
python-config,core
python-grpc-tools-protoc,extra
python-typer,extra
python3,core
python3-config,core
python3.14,core
python3.14-config,core
python_count,extra
pythontex,extra
pythran,extra
pythran-config,extra
pytube,extra
pyuic5,extra
pyuic6,extra
pyupgrade,extra
pywayland-scanner,extra
pywxrc,extra
pyzo,extra
pzstd,core
qFlipper,extra
qFlipper-cli,extra
qalc,extra
qalculate-gtk,extra
qalculate-qt,extra
qapitrace,extra
qasconfig,extra
qashctl,extra
qasmixer,extra
qb-blackbox,extra
qbe,extra
qbittorrent,extra
qbittorrent-nox,extra
qbs,extra
qbs-config,extra
qbs-config-ui,extra
qbs-create-project,extra
qbs-setup-android,extra
qbs-setup-qt,extra
qbs-setup-toolchains,extra
qcachegrind,extra
qcad,extra
qcam,extra
qcatool-qt5,extra
qcmd,extra
qcollectiongenerator,extra
qcollectiongenerator-qt5,extra
qconf,extra
qconvex,extra
qcp,extra
qd-config,extra
qdarkstyle,extra
qdarkstyle.example,extra
qdarkstyle.utils,extra
qdbus,extra
qdbus-qt5,extra
qdbus6,extra
qdbuscpp2xml,extra
qdbuscpp2xml-qt5,extra
qdbusviewer,extra
qdbusviewer-qt5,extra
qdbusviewer6,extra
qdbusxml2cpp,extra
qdbusxml2cpp-qt5,extra
qdelaunay,extra
qdistancefieldgenerator,extra
qdistancefieldgenerator-qt5,extra
qdistancefieldgenerator6,extra
qdoc,extra
qdoc-qt5,extra
qdoc6,extra
qed,extra
qedoc,extra
qemu-aarch64,extra
qemu-aarch64-static,extra
qemu-aarch64_be,extra
qemu-aarch64_be-static,extra
qemu-alpha,extra
qemu-alpha-static,extra
qemu-arm,extra
qemu-arm-static,extra
qemu-armeb,extra
qemu-armeb-static,extra
qemu-edid,extra
qemu-ga,extra
qemu-hexagon,extra
qemu-hexagon-static,extra
qemu-hppa,extra
qemu-hppa-static,extra
qemu-i386,extra
qemu-i386-static,extra
qemu-img,extra
qemu-io,extra
qemu-keymap,extra
qemu-loongarch64,extra
qemu-loongarch64-static,extra
qemu-m68k,extra
qemu-m68k-static,extra
qemu-microblaze,extra
qemu-microblaze-static,extra
qemu-microblazeel,extra
qemu-microblazeel-static,extra
qemu-mips,extra
qemu-mips-static,extra
qemu-mips64,extra
qemu-mips64-static,extra
qemu-mips64el,extra
qemu-mips64el-static,extra
qemu-mipsel,extra
qemu-mipsel-static,extra
qemu-mipsn32,extra
qemu-mipsn32-static,extra
qemu-mipsn32el,extra
qemu-mipsn32el-static,extra
qemu-nbd,extra
qemu-or1k,extra
qemu-or1k-static,extra
qemu-ppc,extra
qemu-ppc-static,extra
qemu-ppc64,extra
qemu-ppc64-static,extra
qemu-ppc64le,extra
qemu-ppc64le-static,extra
qemu-pr-helper,extra
qemu-riscv32,extra
qemu-riscv32-static,extra
qemu-riscv64,extra
qemu-riscv64-static,extra
qemu-s390x,extra
qemu-s390x-static,extra
qemu-sh4,extra
qemu-sh4-static,extra
qemu-sh4eb,extra
qemu-sh4eb-static,extra
qemu-sparc,extra
qemu-sparc-static,extra
qemu-sparc32plus,extra
qemu-sparc32plus-static,extra
qemu-sparc64,extra
qemu-sparc64-static,extra
qemu-storage-daemon,extra
qemu-system-aarch64,extra
qemu-system-alpha,extra
qemu-system-arm,extra
qemu-system-avr,extra
qemu-system-hexagon,extra
qemu-system-hppa,extra
qemu-system-i386,extra
qemu-system-loongarch64,extra
qemu-system-m68k,extra
qemu-system-microblaze,extra
qemu-system-mips,extra
qemu-system-mips64,extra
qemu-system-mips64el,extra
qemu-system-mipsel,extra
qemu-system-or1k,extra
qemu-system-ppc,extra
qemu-system-ppc64,extra
qemu-system-riscv32,extra
qemu-system-riscv64,extra
qemu-system-rx,extra
qemu-system-s390x,extra
qemu-system-sh4,extra
qemu-system-sh4eb,extra
qemu-system-sparc,extra
qemu-system-sparc64,extra
qemu-system-tricore,extra
qemu-system-x86_64,extra
qemu-system-xtensa,extra
qemu-system-xtensaeb,extra
qemu-vmsr-helper,extra
qemu-x86_64,extra
qemu-x86_64-static,extra
qemu-xtensa,extra
qemu-xtensa-static,extra
qemu-xtensaeb,extra
qemu-xtensaeb-static,extra
qexp,extra
qgis,extra
qgis_bench,extra
qgis_mapserver,extra
qgis_process,extra
qgis_quickapp,extra
qgit,extra
qgo,extra
qhalf,extra
qhelpgenerator,extra
qhelpgenerator-qt5,extra
qhull,extra
qiniupy,extra
qjackctl,extra
qjs,extra
qjsc,extra
qlalr,extra
qlalr-qt5,extra
qmake,extra
qmake-qt5,extra
qmake6,extra
qmapshack,extra
qmaptool,extra
qmi-firmware-update,extra
qmi-network,extra
qmicli,extra
qmidiarp,extra
qmidictl,extra
qmidinet,extra
qmidiroute,extra
qmk,extra
qml,extra
qml-qt5,extra
qml.py,extra
qml6,extra
qmlcachegen,extra
qmlcachegen-qt5,extra
qmleasing,extra
qmleasing-qt5,extra
qmleasing6,extra
qmlformat,extra
qmlformat-qt5,extra
qmlimportscanner,extra
qmlimportscanner-qt5,extra
qmlkonsole,extra
qmllint,extra
qmllint-qt5,extra
qmlls6,extra
qmlmin,extra
qmlmin-qt5,extra
qmlplugindump,extra
qmlplugindump-qt5,extra
qmlpreview,extra
qmlpreview-qt5,extra
qmlpreview6,extra
qmlprofiler,extra
qmlprofiler-qt5,extra
qmlscene,extra
qmlscene-qt5,extra
qmlscene6,extra
qmltestrunner,extra
qmltestrunner-qt5,extra
qmltime,extra
qmltime-qt5,extra
qmltyperegistrar,extra
qmltyperegistrar-qt5,extra
qmmp,extra
qmqp-sink,extra
qmqp-source,extra
qmt_map2jnx,extra
qmt_rgb2pct,extra
qmv,extra
qopenvpn,extra
qpaeq,extra
qpdf,extra
qperf,extra
qprint,extra
qps,extra
qpwgraph,extra
qqem6,extra
qqwing,extra
qr,extra
qrca,extra
qreator,extra
qrencode,extra
qrenderdoc,extra
qrtool,extra
qrttoppm,extra
qs,extra
qsampler,extra
qshape,extra
qsolve,extra
qspectrumanalyzer,extra
qstardict,extra
qsv,extra
qsynth,extra
qt-faststart,extra
qt5ct,extra
qt6ct,extra
qta-browser,extra
qta-install-fonts-all-users,extra
qtattributionsscanner,extra
qtattributionsscanner-qt5,extra
qtcreator,extra
qtcreator.sh,extra
qtdiag,extra
qtdiag-qt5,extra
qtdiag6,extra
qterminal,extra
qtikz,extra
qtile,extra
qtpass,extra
qtpaths,extra
qtpaths-qt5,extra
qtplugininfo,extra
qtplugininfo-qt5,extra
qtplugininfo6,extra
qtpy,extra
qtpy2cpp.py,extra
qtractor,extra
qtwaylandscanner,extra
qtxdg-mat,extra
quad,extra
quad-clip,extra
quad-clip-all-vertices,extra
quad-clip-all-vertices32,multilib
quad-clip-nearplane,extra
quad-clip-nearplane32,multilib
quad-clip32,multilib
quad-degenerate,extra
quad-degenerate32,multilib
quad-flat,extra
quad-flat32,multilib
quad-offset-factor,extra
quad-offset-factor32,multilib
quad-offset-unfilled,extra
quad-offset-unfilled32,multilib
quad-offset-units,extra
quad-offset-units32,multilib
quad-tex-2d,extra
quad-tex-2d32,multilib
quad-tex-3d,extra
quad-tex-3d32,multilib
quad-tex-alpha,extra
quad-tex-alpha32,multilib
quad-tex-pbo,extra
quad-tex-pbo32,multilib
quad-tex-sub,extra
quad-tex-sub32,multilib
quad-unfilled,extra
quad-unfilled-clip,extra
quad-unfilled-clip32,multilib
quad-unfilled-stipple,extra
quad-unfilled-stipple32,multilib
quad-unfilled32,multilib
quad32,multilib
quadrapassel,extra
quads,extra
quads32,multilib
quadstrip,extra
quadstrip-clip,extra
quadstrip-clip32,multilib
quadstrip-cont,extra
quadstrip-cont32,multilib
quadstrip-flat,extra
quadstrip-flat32,multilib
quadstrip32,multilib
quake,extra
quart,extra
quartic_points,extra
quassel,extra
quasselclient,extra
quasselcore,extra
query-tee,extra
queuelat,extra
quickshell,extra
quickstart,extra
quilt,extra
quodlibet,extra
quota,extra
quota_nld,extra
quotacheck,extra
quotaoff,extra
quotaon,extra
quotastats,extra
quotasync,extra
quotest,extra
qutebrowser,extra
qv4l2,extra
qvidcap,extra
qvkgen,extra
qvkgen-qt5,extra
qvlc,extra
qvoronoi,extra
qwen,extra
qxgedit,extra
qxp2raw,extra
qxp2svg,extra
qxp2text,extra
r-mpost,extra
r-pmpost,extra
r-upmpost,extra
r10k,extra
r2,extra
r2agent,extra
r2e,extra
r2pm,extra
r2r,extra
r2sdb,extra
rabbitmq-defaults,extra
rabbitmq-diagnostics,extra
rabbitmq-env,extra
rabbitmq-plugins,extra
rabbitmq-queues,extra
rabbitmq-server,extra
rabbitmq-streams,extra
rabbitmq-upgrade,extra
rabbitmqadmin,extra
rabbitmqctl,extra
rabin2,extra
racc,extra
racf2john,extra
racket,extra
rackup,extra
raco,extra
rad,extra
rad_counter,extra
radamsa,extra
radar,extra
radare2,extra
radattr,extra
radclient,extra
radconf2json,extra
radcrypt,extra
raddebug,extra
raddict2json,extra
radeapclient,extra
radeonreg,extra
radeontool,extra
radeontop,extra
radicale,extra
radicle-desktop,extra
radicle-node,extra
radiff2,extra
radius2john,extra
radiusd,extra
radlast,extra
radmin,extra
radmin3_to_hashcat.pl,extra
radmod2json,extra
radsecret,extra
radsniff,extra
radsqlrelay,extra
radtest,extra
radvd,extra
radvdump,extra
radwho,extra
radzap,extra
rafind2,extra
rafs2,extra
rage,extra
rage-keygen,extra
rage-mount,extra
ragel,extra
ragel-asm,extra
ragel-c,extra
ragel-crack,extra
ragel-csharp,extra
ragel-d,extra
ragel-go,extra
ragel-java,extra
ragel-js,extra
ragel-julia,extra
ragel-ocaml,extra
ragel-ruby,extra
ragel-rust,extra
ragg2,extra
rahash2,extra
raid6check,core
raider,extra
rainfrog,extra
raiseChild.py,extra
rake,extra
rake-compiler,extra
ramalama,extra
rand_graph,extra
randicmp6,extra
randpkt,extra
randsounds,extra
randstat,extra
ranger,extra
rankmirrors,extra
ranlabg,extra
ranlib,core
ransubg,extra
rapatch2,extra
rapid-photo-downloader,extra
rapidgzip,extra
rapper,extra
rapydscript,extra
rar2john,extra
rarcrack,extra
rarp,core
rarun2,extra
rasign2,extra
rasm2,extra
rasqal-config,extra
raster2pgsql,extra
rasttopnm,extra
ratarmount,extra
ratbagctl,extra
ratbagd,extra
rate-mirrors,extra
rattler-build,extra
ratty,extra
rauc,extra
rav1e,extra
ravc2,extra
raw-identify,extra
raw2adpcm,extra
raw2dyna,extra
raw2tiff,extra
raw_to_xgraph,extra
rawshake128sum,extra
rawshake256sum,extra
rawshake512sum,extra
rawshark,extra
rawtextdump,extra
rawtherapee,extra
rawtherapee-cli,extra
rawtopgm,extra
rawtoppm,extra
rax2,extra
ray,extra
ray32,multilib
rays,extra
rbash,core
rbcd.py,extra
rbenv,extra
rbenv-install,extra
rbenv-uninstall,extra
rblcheck,extra
rbox,extra
rbs,extra
rbw,extra
rbw-agent,extra
rc.news,extra
rc.radiusd,extra
rc2po,extra
rcc,extra
rcc-qt5,extra
rclone,extra
rclonefs,extra
rcopy,extra
rcp,core
rcs,extra
rcs2log,extra
rcsclean,extra
rcsdiff,extra
rcsmerge,extra
rctest,extra
rcvboxdrv,extra
rdbg,extra
rdesktop,extra
rdf2dot,extra
rdfgraphisomorphism,extra
rdfind,extra
rdfpipe,extra
rdfproc,extra
rdfs2dot,extra
rdic_conv,extra
rdiff,extra
rdisc6,extra
rdiscount,extra
rdjpgcom,extra
rdma,core
rdma-ndd,extra
rdma_client,extra
rdma_server,extra
rdma_topo,extra
rdma_xclient,extra
rdma_xserver,extra
rdmd,extra
rdmsr,extra
rdnssd,extra
rdoc,extra
rdp_check.py,extra
rds-ctl,extra
re.sonny.Commit,extra
re.sonny.Junction,extra
re.sonny.Tangram,extra
re2c,extra
re2d,extra
re2go,extra
re2hs,extra
re2java,extra
re2js,extra
re2ocaml,extra
re2py,extra
re2rust,extra
re2swift,extra
re2v,extra
re2zig,extra
read-it-later,extra
readahead,extra
readcd,extra
readelf,core
readelf.py,extra
readest,extra
readlink,core
readme,extra
readme-json-schema,extra
readmsg,extra
readom,extra
readpix,extra
readpix32,multilib
readpixels,extra
readpixels32,multilib
readprofile,core
readpst,extra
readstat,extra
readtags,extra
realpath,core
reaper,extra
rearj,extra
reaver,extra
rebar3,extra
rebase-snap,extra
rebels-in-the-sky,extra
rebind,extra
reboot,core
rebuild-todo,extra
rebuildctl,extra
rebuilderd,extra
rebuilderd-worker,extra
rec,extra
rec_control,extra
rec_ng,extra
recode,extra
recode-sr-latin,core
recoll,extra
recollindex,extra
recollq,extra
recordmydesktop,extra
recountdiff,extra
recv_image,extra
red,extra
redcarpet,extra
redcheck,extra
redcheck_gmp,extra
redcloth,extra
rediff,extra
redir6,extra
redirsniff6,extra
redis-benchmark,extra
redis-check-aof,extra
redis-check-rdb,extra
redis-cli,extra
redis-sentinel,extra
redis-server,extra
redland-config,extra
redland-db-upgrade,extra
redneck,extra
rednotebook,extra
redo,extra
redo-always,extra
redo-dot,extra
redo-gcc,extra
redo-ifchange,extra
redo-ifcreate,extra
redo-log,extra
redo-ood,extra
redo-sources,extra
redo-stamp,extra
redo-targets,extra
redo-unlocked,extra
redo-whichdo,extra
redshift,extra
redshift-gtk,extra
reduce-chunk-list,extra
reduce-chunk-list-19,extra
reduce-chunk-list-20,extra
reduce-chunk-list-21,extra
reduce_cubics,extra
reduce_quartics,extra
refactor,extra
refer,core
refind-install,extra
refind-mkdefault,extra
refind-mkfont,extra
refind-sb-healthcheck,extra
refine,extra
reflect,extra
reflect32,multilib
reflector,extra
reg.py,extra
regconcat,extra
regconvert,extra
regdiff,extra
regect,extra
reged,extra
regedit,extra
regfiledump,extra
regfiletype,extra
regina-engine-config,extra
regina-gui,extra
regina-helper,extra
regina-python,extra
register-python-argcomplete,extra
registerRTSPStream,extra
register_new_matrix_user,extra
registry-read.py,extra
regpatch,extra
regreet,extra
regrep,extra
regsecrets.py,extra
regshell,extra
regsvr32,extra
regtree,extra
reindexdb,extra
rekor-cli,extra
rekor-server,extra
release-cli,extra
release-plz,extra
reloc65,extra
rem,extra
rem2ps,extra
remaining,extra
remake,extra
remind,extra
remmina,extra
remmina-file-wrapper,extra
remote-viewer,extra
remote_lat,extra
remote_thr,extra
remotinator,extra
remunge,extra
remuxer,extra
rename,core
renamer,extra
renderdoccmd,extra
renice,core
renormal,extra
renormal32,multilib
reordercap,extra
rep.lua,extra
rep.lua51,extra
rep.lua52,extra
rep.lua53,extra
rep.lua54,extra
repack_bootimg,extra
replace,extra
repo,extra
repo-add,core
repo-elephant,core
repo-remove,core
repo2solv,extra
repod-file,extra
repomdxml2solv,extra
repose,extra
repquota,extra
reprepro,extra
repro,extra
repro-env,extra
repro-get,extra
repro-go,extra
reprotest,extra
repstopdf,extra
reptyr,extra
req-exclude,extra
req-include,extra
request-key,core
requirements-android.txt,extra
rescan-scsi-bus.sh,extra
reset,core
resgen,extra
resgen2,extra
resize,extra
resize-part-image,extra
resize.f2fs,extra
resize2fs,core
resizecons,core
resizepart,core
resolvconf,core;extra
resolve_stack_dump,extra
resolvectl,core
resolveip,extra
resources,extra
restic,extra
restore,core
resvg,extra
reswrap,extra
resx2po,extra
resynth,extra
retext,extra
retriangulate,extra
retrie,extra
retro-demo,extra
retroarch,extra
retroarch-cg2glsl,extra
retry,extra
retsnoop,extra
reuse,extra
rev,core
revfix,extra
review,extra
reviewboard-am,extra
revive,extra
revpath,extra
rexgen2rules,extra
rfcomm,extra
rfddump,extra
rfdformat,extra
rfdump,extra
rfkill,core
rfnmz,extra
rfnoc_image_builder,extra
rfnoc_modtool,extra
rftp,extra
rg,extra
rga,extra
rga-fzf,extra
rga-fzf-open,extra
rga-preproc,extra
rgb2pat,extra
rgb2pct,extra
rgb2pct.py,extra
rgb3toppm,extra
rgbasm,extra
rgbfix,extra
rgbgfx,extra
rgblink,extra
rgbmap,extra
rgr,extra
rgview,extra
rgvim,extra
rhash,extra
rhino,extra
rhino-debugger,extra
rhino-idswitch,extra
rhino-jsc,extra
rhit,extra
rhythmbox,extra
rhythmbox-client,extra
ri,extra
rich-click,extra
rifftree,extra
rifle,extra
rigctl,extra
rigctlcom,extra
rigctld,extra
rigctlsync,extra
rigctltcp,extra
rigmem,extra
rigsmtr,extra
rigswr,extra
rigtestlibusb,extra
rigtestmcast,extra
rigtestmcastrx,extra
rime_deployer,extra
rime_dict_manager,extra
rime_patch,extra
rime_table_decompiler,extra
rink,extra
rio,extra
riostream,extra
ripasso,extra
ris2xml,extra
riscv32-elf-addr2line,extra
riscv32-elf-ar,extra
riscv32-elf-as,extra
riscv32-elf-c++filt,extra
riscv32-elf-elfedit,extra
riscv32-elf-gdb,extra
riscv32-elf-gdb-add-index,extra
riscv32-elf-gprof,extra
riscv32-elf-gstack,extra
riscv32-elf-ld,extra
riscv32-elf-ld.bfd,extra
riscv32-elf-nm,extra
riscv32-elf-objcopy,extra
riscv32-elf-objdump,extra
riscv32-elf-ranlib,extra
riscv32-elf-readelf,extra
riscv32-elf-size,extra
riscv32-elf-strings,extra
riscv32-elf-strip,extra
riscv64-elf-addr2line,extra
riscv64-elf-ar,extra
riscv64-elf-as,extra
riscv64-elf-c++,extra
riscv64-elf-c++filt,extra
riscv64-elf-cpp,extra
riscv64-elf-elfedit,extra
riscv64-elf-g++,extra
riscv64-elf-gcc,extra
riscv64-elf-gcc-15.2.0,extra
riscv64-elf-gcc-ar,extra
riscv64-elf-gcc-nm,extra
riscv64-elf-gcc-ranlib,extra
riscv64-elf-gcov,extra
riscv64-elf-gcov-dump,extra
riscv64-elf-gcov-tool,extra
riscv64-elf-gdb,extra
riscv64-elf-gdb-add-index,extra
riscv64-elf-gprof,extra
riscv64-elf-gstack,extra
riscv64-elf-ld,extra
riscv64-elf-ld.bfd,extra
riscv64-elf-lto-dump,extra
riscv64-elf-nm,extra
riscv64-elf-objcopy,extra
riscv64-elf-objdump,extra
riscv64-elf-ranlib,extra
riscv64-elf-readelf,extra
riscv64-elf-size,extra
riscv64-elf-strings,extra
riscv64-elf-strip,extra
riscv64-linux-gnu-addr2line,extra
riscv64-linux-gnu-ar,extra
riscv64-linux-gnu-as,extra
riscv64-linux-gnu-c++,extra
riscv64-linux-gnu-c++filt,extra
riscv64-linux-gnu-cpp,extra
riscv64-linux-gnu-elfedit,extra
riscv64-linux-gnu-g++,extra
riscv64-linux-gnu-gcc,extra
riscv64-linux-gnu-gcc-16.2.1,extra
riscv64-linux-gnu-gcc-ar,extra
riscv64-linux-gnu-gcc-nm,extra
riscv64-linux-gnu-gcc-ranlib,extra
riscv64-linux-gnu-gcov,extra
riscv64-linux-gnu-gcov-dump,extra
riscv64-linux-gnu-gcov-tool,extra
riscv64-linux-gnu-gdb,extra
riscv64-linux-gnu-gdb-add-index,extra
riscv64-linux-gnu-gprof,extra
riscv64-linux-gnu-gstack,extra
riscv64-linux-gnu-ld,extra
riscv64-linux-gnu-ld.bfd,extra
riscv64-linux-gnu-lto-dump,extra
riscv64-linux-gnu-nm,extra
riscv64-linux-gnu-objcopy,extra
riscv64-linux-gnu-objdump,extra
riscv64-linux-gnu-ranlib,extra
riscv64-linux-gnu-readelf,extra
riscv64-linux-gnu-size,extra
riscv64-linux-gnu-strings,extra
riscv64-linux-gnu-strip,extra
riscv64-linux-musl-gcc,extra
rist2rist,extra
ristreceiver,extra
ristretto,extra
ristsender,extra
ristsrppasswd,extra
risttunnel,extra
river,extra
riverctl,extra
rivertile,extra
rizin,extra
rjoe,extra
rk-expose,extra
rkcommon_test_suite,extra
rkhunter,extra
rkill,extra
rkward,extra
rlatopam,extra
rletopnm,extra
rli,extra
rli2,extra
rlm_ippool_tool,extra
rlm_sqlippool_tool,extra
rlog,extra
rlogin,core
rlogin-cwd,extra
rlogind,core
rlpdump,extra
rltraceroute6,extra
rlwrap,extra
rm,core
rmail,extra
rmaxima,extra
rmcp,core
rmcp-ping,extra
rmcp_ping,extra
rmcpping,extra
rmcvsdir,extra
rmdir,core
rmic,extra
rmid,extra
rmiregistry,extra
rmkdepend,extra
rmligamarks,extra
rmmod,core
rmpc,extra
rmsgcat,extra
rmsgfmt,extra
rmsginit,extra
rmsgmerge,extra
rnano,core
rnbyc,extra
rndc,extra
rndc-confgen,extra
rnews,extra
rngd,extra
rngtest,extra
rnote,extra
rnote-cli,extra
roboden,extra
robotfindskitten,extra
robots,extra
roc-copy,extra
roc-obj,extra
roc-obj-extract,extra
roc-obj-ls,extra
roc-recv,extra
roc-send,extra
rocksndiamonds,extra
rocm-supported-gfx,extra
rocq,extra
rocq.byte,extra
rocqchk,extra
rocqide,extra
rocs,extra
rofi,extra
rofi-rbw,extra
rofi-sensible-terminal,extra
rofi-theme-selector,extra
rofiles-fuse,extra
rofimoji,extra
rog-control-center,extra
roman,extra
romcmp,extra
ronn,extra
root,extra
root-config,extra
root.exe,extra
rootbrowse,extra
rootcint,extra
rootcling,extra
rootcp,extra
rootdrawtree,extra
rooteventselector,extra
rootlessctl,extra
rootlesskit,extra
rootlesskit-docker-proxy,extra
rootls,extra
rootmkdir,extra
rootmv,extra
rootn.exe,extra
rootnb.exe,extra
rootprint,extra
rootreadspeed,extra
rootrm,extra
roots,extra
roots.exe,extra
rootslimtree,extra
rootssh,extra
ropper,extra
ropr,extra
roqet,extra
ros,extra
rosegarden,extra
rosenpass,extra
rot,extra
rotatelogs,extra
rotctl,extra
rotctld,extra
rougify,extra
roundtrip,extra
route,core
routel,core
router,extra
router+lib,extra
router+lib-slim,extra
router-slim,extra
rp,extra
rpacket,extra
rpaste,extra
rpc.gssd,core
rpc.idmapd,core
rpc.mountd,core
rpc.nfsd,core
rpc.rquotad,extra
rpc.statd,core
rpcbind,core
rpcclient,extra
rpcctl,core
rpcdebug,core
rpcdump.py,extra
rpcgen,extra
rpcinfo,core
rpcmap.py,extra
rpdfcrop,extra
rpg-cli,extra
rpgp,extra
rpi-imager,extra
rping,extra
rpm,extra
rpm2archive,extra
rpm2cpio,extra
rpmbuild,extra
rpmdb,extra
rpmdb2solv,extra
rpmextract.sh,extra
rpmgraph,extra
rpmkeys,extra
rpmlua,extra
rpmmd2solv,extra
rpmquery,extra
rpms2solv,extra
rpmsign,extra
rpmsort,extra
rpmspec,extra
rpmverify,extra
rpyc_classic,extra
rpyc_classic.py,extra
rpyc_registry,extra
rpyc_registry.py,extra
rq,extra
rqbit,extra
rqbit-desktop,extra
rrdcached,extra
rrdcgi,extra
rrdcreate,extra
rrdinfo,extra
rrdtool,extra
rrdupdate,extra
rredtool,extra
rrenice,extra
rrsync,extra
rscsi,extra
rsf,extra
rsh,core
rshd,core
rshijack,extra
rsibreak,extra
rsmtp,extra
rsmurf6,extra
rsnapreport.pl,extra
rsnapshot,extra
rsnapshot-diff,extra
rsoct,extra
rsop,extra
rsopv,extra
rspDisasm,extra
rspamadm,extra
rspamadm-4.1.5,extra
rspamc,extra
rspamc-4.1.5,extra
rspamd,extra
rspamd-4.1.5,extra
rspamd_stats,extra
rspec,extra
rspec-queue,extra
rssguard,extra
rssguard-article-extractor,extra
rst2html,extra
rst2html4,extra
rst2html5,extra
rst2latex,extra
rst2man,extra
rst2odt,extra
rst2pdf,extra
rst2pseudoxml,extra
rst2s5,extra
rst2xetex,extra
rst2xml,extra
rstcheck,extra
rstconv,extra
rstconv.rsj,extra
rstream,extra
rsvg-convert,extra
rsync,extra
rsync-ssl,extra
rt-migrate-test,extra
rtacct,core
rtcwake,core
rtf2rtf,extra
rtirq,extra
rtkitctl,extra
rtl_433,extra
rtl_adsb,extra
rtl_biast,extra
rtl_eeprom,extra
rtl_fm,extra
rtl_number,extra
rtl_power,extra
rtl_sdr,extra
rtl_tcp,extra
rtl_test,extra
rtlbrowse,extra
rtlfw,extra
rtmon,core
rtmpdump,extra
rtmpgw,extra
rtmpsrv,extra
rtmpsuck,extra
rtorrent,extra
rtstat,core
rubber,extra
rubber-info,extra
rubber-lsmod,extra
rubber-pipe,extra
rubberband,extra
rubberband-r3,extra
rubibtex,extra
rubikrotation,extra
rubocop,extra
ruby,extra
ruby-build,extra
ruby-lsp,extra
ruby-lsp-check,extra
ruby-lsp-launcher,extra
ruby-lsp-test-exec,extra
ruby-memory-profiler,extra
ruby-parse,extra
ruby-rewrite,extra
ruby-test,extra
ruby_count,extra
ruby_memcheck,extra
rubytest,extra
rucola,extra
ruff,extra
rules_optimize,extra
rulestack,extra
rumakeindex,extra
rumdl,extra
run-clang-tidy,extra
run-festival-script,extra
run-on-ac,extra
run-on-bat,extra
run-parts,extra
run-singularity,extra
run-with-aspell,extra
run0,core
run_archiso,extra
run_erl,extra
run_ipxe,extra
run_scaled,extra
run_srp_daemon,extra
runc,extra
runghc,extra
runghc-9.6.6,extra
rungs,extra
runhaskell,extra
runhaskell-9.6.6,extra
runner,extra
runq,extra
runqlat,extra
runqlen,extra
runqslower,extra
runscript,extra
runst,extra
runtest,extra
runtexfile,extra
runtexshebang,extra
runuser,core
runxlrd.py,extra
rust-analyzer,extra
rust-ar,extra
rust-cov,extra
rust-gdb,extra
rust-gdbgui,extra
rust-kanban,extra
rust-ld,extra
rust-lld,extra
rust-lldb,extra
rust-nm,extra
rust-objcopy,extra
rust-objdump,extra
rust-profdata,extra
rust-readobj,extra
rust-script,extra
rust-size,extra
rust-strip,extra
rustc,extra
rustdoc,extra
rustfmt,extra
rustic,extra
rustlings,extra
rustnet,extra
rustscan,extra
rustup,extra
rustypaste,extra
rview,extra
rvim,extra
rvlc,extra
rw,extra
rx11vnc,extra
rxgettext,extra
rygel,extra
rygel-preferences,extra
rz-asm,extra
rz-ax,extra
rz-bin,extra
rz-diff,extra
rz-find,extra
rz-gg,extra
rz-hash,extra
rz-run,extra
rz-sign,extra
rz-test,extra
s-tui,extra
s3,extra
s3cmd,extra
s3fs,extra
s3rver,extra
s51,extra
saaldump,extra
sacct,extra
sacctmgr,extra
sackd,extra
sad,extra
sadf,extra
safe_yaml,extra
saga_unpack,extra
saga_unpack_amiga,extra
sage,extra
sagetex-extract,extra
sagetex-makestatic,extra
sagetex-remote,extra
sagetex-run,extra
saidar,extra
sail,extra
sakura,extra
salloc,extra
samba,extra
samba-gpupdate,extra
samba-log-parser,extra
samba-regedit,extra
samba-tool,extra
sambaPipe.py,extra
samba_dnsupdate,extra
samba_downgrade_db,extra
samba_kcc,extra
samba_spnupdate,extra
samba_upgradedns,extra
samedit.py,extra
samp_hub,extra
sample,extra
samplers,extra
samplers32,multilib
samplers_array,extra
samplers_array32,multilib
samples,extra
samplv1_jack,extra
samply,extra
samrdump.py,extra
samu,extra
samus,extra
sancov,extra
sancov-18,extra
sancov-19,extra
sancov-20,extra
sancov-21,extra
sandwich-demo,extra
sandwich-discover,extra
sandwich-test,extra
sane-config,extra
sane-find-scanner,extra
saned,extra
sanic,extra
sanstats,extra
sanstats-18,extra
sanstats-19,extra
sanstats-20,extra
sanstats-21,extra
santos_22_triang,extra
santos_dim4_triang,extra
santos_triang,extra
sap2john,extra
sapWatch,extra
saquery,extra
sar,extra
sar2pcp,extra
sarg,extra
sarg-2.4.0.,extra
sas_disk_blink,core
saslauthd,extra
sasldblistusers2,core
saslpasswd2,core
sass,extra
sass-convert,extra
sassc,extra
sattach,extra
satty,extra
sauerbraten-client,extra
sauerbraten-server,extra
saved_model_cli,extra
savedefconfig,extra
savegamedump,extra
saxfr,extra
saytime,extra
sbatch,extra
sbattach,extra
sbcast,extra
sbcdec,extra
sbcenc,extra
sbcinfo,extra
sbcl,extra
sbctl,extra
sbigtopgm,extra
sbiload,extra
sbkeysync,extra
sbsiglist,extra
sbsign,extra
sbt,extra
sbvarsign,extra
sbverify,extra
sc,extra
sc-controller,extra
sc-hsm-tool,extra
scalar,extra
scale,extra
scan-build,extra
scan-build-py,extra
scan-devreg,extra
scan-view,extra
scancel,extra
scanelf,extra
scanimage,extra
scanin,extra
scanlogs,extra
scanmacho,extra
scanmem,extra
scanspool,extra
scantailor-advanced,extra
scap-as-rpm,extra
scap-driver-loader,extra
scapy,extra
scc,extra
scc-daemon,extra
scc-osd-dialog,extra
scc-osd-keyboard,extra
scc-osd-launcher,extra
scc-osd-menu,extra
scc-osd-message,extra
scc-osd-radial-menu,extra
scc-osd-show-bindings,extra
sccache,extra
sccache-dist,extra
sccmap,extra
scdd,extra
scdd_gmp,extra
scdoc,extra
scel2org5,extra
scfg_make,extra
scfg_parse,extra
scfg_parse_text,extra
scfg_test,extra
scfg_train,extra
scgcheck,extra
scgskeleton,extra
schedtool,extra
schemacrawler,extra
schemagen,extra
schismtracker,extra
schroot,extra
schubmult,extra
scide,extra
scikit-build,extra
scikit-build-core,extra
scim,extra
scim-config-agent,extra
scim-im-agent,extra
scim-setup,extra
scip,extra
scite,extra
sclang,extra
sclient,core
scmp_sys_resolver,core
scmpuff,extra
scncopy,extra
scomes,extra
scons,extra
scons-configure-cache,extra
sconsign,extra
scontrol,extra
scor2prt,extra
scot,extra
scotest,extra
scour,extra
scp,core;extra
scp-dbus-service,extra
scponly,extra
scponlyc,extra
scrapec,extra
scrapy,extra
scratch,extra
scrcpy,extra
screen,extra
screen-5.0.2,extra
screendump,core
screenfetch,extra
screengrab,extra
screenkey,extra
screenshot,extra
scribble,extra
scribus,extra
script,core
scriptlive,core
scriptor,extra
scriptreplay,core
scrontab,extra
scrot,extra
scrun,extra
scrypt,extra
scsi_ch_swp,core
scsi_logging_level,extra
scsi_mandat,extra
scsi_readcap,extra
scsi_ready,extra
scsi_satl,extra
scsi_start,extra
scsi_stop,extra
scsi_temperature,extra
scsort,extra
scss,extra
scsynth,extra
sctp_darn,extra
sctp_status,extra
sctp_test,extra
scummvm,extra
scummvm-tools,extra
scummvm-tools-cli,extra
scw,extra
scx-forge-agent,extra
scx_beerland,extra
scx_bpfland,extra
scx_cake,extra
scx_chaos,extra
scx_cosmos,extra
scx_flash,extra
scx_flow,extra
scx_forge,extra
scx_lavd,extra
scx_layered,extra
scx_loader,extra
scx_mlfq,extra
scx_p2dq,extra
scx_pandemonium,extra
scx_rustland,extra
scx_rusty,extra
scx_tickless,extra
scxctl,extra
scxtop,extra
scxtui,extra
sd,extra
sd2raw,extra
sd2svg,extra
sd2text,extra
sdar,extra
sdas390,extra
sdas6500,extra
sdas6808,extra
sdas8051,extra
sdasf8,extra
sdasgb,extra
sdaspdk13,extra
sdaspdk14,extra
sdaspdk15,extra
sdasrab,extra
sdasstm8,extra
sdastlcs90,extra
sdasz80,extra
sdbus-c++-xml2cpp,extra
sdc2csv,extra
sdcc,extra
sdcdb,extra
sdcdb.el,extra
sdcdbsrc.el,extra
sdcpp,extra
sdcrash,extra
sdcv,extra
sddm,extra
sddm-greeter,extra
sddm-greeter-qt6,extra
sddmthemeinstaller,extra
sdedit,extra
sdfdump,extra
sdffilter,extra
sdflow,extra
sdiag,extra
sdif2ad,extra
sdiff,core
sdig,extra
sdjournal,extra
sdl-config,extra
sdl-freerdp3,extra
sdl2-config,extra
sdld,extra
sdld6808,extra
sdldf8,extra
sdldgb,extra
sdldpdk,extra
sdldstm8,extra
sdldz80,extra
sdnm,extra
sdobjcopy,extra
sdparm,core
sdpscanner6,extra
sdptool,extra
sdranlib,extra
sdrcomp,extra
sdw2html,extra
sea-orm-cli,extra
seahorse,extra
searchsploit,extra
seatd,extra
seatd-launch,extra
seccompiler-bin,extra
secfixes-check,extra
secret-tool,core
secrets,extra
secretsdump.py,extra
securenotes2hashcat.pl,extra
security-tracker-check,extra
secutil,extra
sed,core
sed_count,extra
seedir,extra
selene,extra
sem,extra
semind,extra
semver,extra
send-ihave,extra
send-uucp,extra
send2trash,extra
send_midi,extra
send_osc,extra
send_osc.py,extra
sendinpaths,extra
sendiso,extra
sendmail,extra
sendme,extra
sendpees6,extra
sendpeesmp6,extra
sendxbatches,extra
senpai,extra
sensord,extra
sensors,extra
sensors-conf-convert,extra
sensors-detect,extra
sensortag,extra
sentry-cli,extra
sepdebugcrcfix,core
seprule,extra
seq,core
seq2bseq,extra
sequel,extra
ser2net,extra
serdi,extra
serialver,extra
serie,extra
serpl,extra
servatrice,extra
serve_image,extra
servertool,extra
servicemenuinstaller,extra
services.py,extra
sessreg,extra
set-default-router-config-dice-eap,extra
set-wireless-regdom,core
setBfree,extra
setBfreeUI,extra
set_unicharset_properties,extra
setarch,core
setcap,core
setcifsacl,extra
setcollection,extra
setconf,extra
setconfig,extra
setfacl,core
setfattr,core
setfiles,extra
setfont,core
seticons,extra
setkeycodes,core
setleds,core
setlogcons,core
setmetamode,core
setpalette,core
setpci,core
setpgid,core
setpriv,core
setproject,extra
setquota,extra
setrandom,extra
setreg,extra
setsid,core
setstyle,extra
setterm,core
settimed,extra
setup-plt,extra
setuptools-git-versioning,extra
setuptools-scm,extra
setvesablank,core
setvtrgb,core
setwallpaper,extra
setxkbmap,extra
setxrd.csh,extra
setzer,extra
sexp-conv,core
sf2dump,extra
sf2extract,extra
sfconvert,extra
sfcsample,extra
sfddiff,extra
sfdisk,core
sfdp,extra
sfinfo,extra
sfizz_jack,extra
sfizz_render,extra
sfparse,extra
sfreerdp-server3,extra
sfreerdp3,extra
sfrotz,extra
sfte,extra
sftp,core
sfv-hash,extra
sg_bg_ctl,extra
sg_compare_and_write,extra
sg_copy_results,extra
sg_dd,extra
sg_decode_sense,extra
sg_emc_trespass,extra
sg_format,extra
sg_get_config,extra
sg_get_elem_status,extra
sg_get_lba_status,extra
sg_ident,extra
sg_inq,extra
sg_logs,extra
sg_luns,extra
sg_map,extra
sg_map26,extra
sg_modes,extra
sg_opcodes,extra
sg_persist,extra
sg_prevent,extra
sg_raw,extra
sg_rbuf,extra
sg_rdac,extra
sg_read,extra
sg_read_attr,extra
sg_read_block_limits,extra
sg_read_buffer,extra
sg_read_long,extra
sg_readcap,extra
sg_reassign,extra
sg_referrals,extra
sg_rem_rest_elem,extra
sg_rep_density,extra
sg_rep_pip,extra
sg_rep_zones,extra
sg_requests,extra
sg_reset,extra
sg_reset_wp,extra
sg_rmsn,extra
sg_rtpg,extra
sg_safte,extra
sg_sanitize,extra
sg_sat_datetime,extra
sg_sat_identify,extra
sg_sat_phy_event,extra
sg_sat_read_gplog,extra
sg_sat_set_features,extra
sg_scan,extra
sg_seek,extra
sg_senddiag,extra
sg_ses,extra
sg_ses_microcode,extra
sg_start,extra
sg_stpg,extra
sg_stream_ctl,extra
sg_sync,extra
sg_test_rwbuf,extra
sg_timestamp,extra
sg_turs,extra
sg_unmap,extra
sg_verify,extra
sg_vpd,extra
sg_wr_mode,extra
sg_write_attr,extra
sg_write_buffer,extra
sg_write_long,extra
sg_write_same,extra
sg_write_verify,extra
sg_write_x,extra
sg_xcopy,extra
sg_z_act_query,extra
sg_zone,extra
sgdisk,extra
sgen,extra
sgen-grep-binprot,extra
sginfo,extra
sgitopnm,extra
sgm_dd,extra
sgml2html,extra
sgml2info,extra
sgml2latex,extra
sgml2lyx,extra
sgml2rtf,extra
sgml2txt,extra
sgml2xml,extra
sgml2xml-isoent,extra
sgmlcheck,extra
sgmldiff,extra
sgmlnorm,extra
sgmlpre,extra
sgmlsasp,extra
sgmlspl,extra
sgmlwhich,extra
sgp_dd,extra
sh,core
sh2-elf-addr2line,extra
sh2-elf-ar,extra
sh2-elf-as,extra
sh2-elf-c++filt,extra
sh2-elf-elfedit,extra
sh2-elf-gdb,extra
sh2-elf-gdb-add-index,extra
sh2-elf-gprof,extra
sh2-elf-gstack,extra
sh2-elf-ld,extra
sh2-elf-ld.bfd,extra
sh2-elf-nm,extra
sh2-elf-objcopy,extra
sh2-elf-objdump,extra
sh2-elf-ranlib,extra
sh2-elf-readelf,extra
sh2-elf-size,extra
sh2-elf-strings,extra
sh2-elf-strip,extra
sh4-elf-addr2line,extra
sh4-elf-ar,extra
sh4-elf-as,extra
sh4-elf-c++filt,extra
sh4-elf-elfedit,extra
sh4-elf-gprof,extra
sh4-elf-ld,extra
sh4-elf-ld.bfd,extra
sh4-elf-nm,extra
sh4-elf-objcopy,extra
sh4-elf-objdump,extra
sh4-elf-ranlib,extra
sh4-elf-readelf,extra
sh4-elf-size,extra
sh4-elf-strings,extra
sh4-elf-strip,extra
sh4d0wup,extra
sh5util,extra
sh_count,extra
sha-dump,extra
sha-test,extra
sha1pass,core
sha1sum,core
sha224sum,core
sha256sum,core
sha3-224sum,extra
sha3-256sum,extra
sha3-384sum,extra
sha3-512sum,extra
sha384sum,core
sha3sum,extra
sha512sum,core
shadow_sampler,extra
shadow_sampler32,multilib
shadowtex,extra
shadowtex32,multilib
shairport-sync,extra
shake,extra
shake128sum,extra
shake256sum,extra
shake512sum,extra
shape,extra
shape32,multilib
shapeclustering,extra
shapeindex,extra
shar,extra
shards,extra
share-preview,extra
sharedtex,extra
sharedtex32,multilib
sharedtex_mt,extra
sharedtex_mt32,multilib
sharesec,extra
sharkd,extra
shattered-pixel-dungeon,extra
shcomp,extra
shcrash,extra
sheet2pcp,extra
sheldon,extra
shelf,extra
shellcheck,extra
shellharden,extra
shellmet-readme,extra
shelyak_usis,extra
shflow,extra
shfmt,extra
shfsmount,extra
shfsumount,extra
shiboken6,extra
shiboken_tool.py,extra
shikane,extra
shikanectl,extra
shiro1-to-hashcat.py,extra
shlibsign,core
shlinew,extra
shlist,extra
shlock,extra
shmemCC,extra
shmemc++,extra
shmemcc,extra
shmemcxx,extra
shmemfort,extra
shmidcat,extra
shodan,extra
shortg,extra
shortwave,extra
shotcut,extra
shotgun,extra
shotwell,extra
shout,extra
show-aur-changes,extra
show-pdf-tags,extra
show_filecount,extra
showbatt,extra
showconsolefont,core
showdb,core
showfigfonts,extra
showfoto,extra
showg,extra
showinfilemanager,extra
showjournal,core
showkey,core
showmethekey-cli,extra
showmethekey-gtk,extra
showmount,core
showmysky,extra
showshm,core
showstat4,core
showtable,extra
showtable-astropy,extra
showtime,extra
showttf,extra
showwal,core
showxlat,extra
shp2pgsql,extra
shpadd,extra
shpcat,extra
shpcentrd,extra
shpcreate,extra
shpdata,extra
shpdump,extra
shpdxf,extra
shpfix,extra
shpinfo,extra
shprewind,extra
shpsort,extra
shptreedump,extra
shputils,extra
shpwkb,extra
shred,core
shrinkfile,extra
shtab,extra
shtest,extra
shtest32,multilib
shuf,core
shuffle,extra
shumate-demo,extra
shunit2,extra
shutdown,core
shutter,extra
shutterbug,extra
shuttle,extra
shy,extra
siege,extra
siege.config,extra
siege2csv.pl,extra
sieve,extra
sieve-connect,extra
sieve-dump,extra
sieve-filter,extra
sieve-test,extra
sievec,extra
sieveeditor,extra
sieveshell,extra
sig,extra
sig-list-to-certs,extra
sig2dot,extra
sig2fv,extra
sigal,extra
sigcensus,extra
sigfilter,extra
sigfind,extra
sigil,extra
sign-efi-sig-list,extra
signal-desktop,extra
signal2john,extra
signalgen,extra
signaltest,extra
signcode,extra
signify,extra
signoff,extra
signon-ui,extra
signond,extra
signonpluginprocess,extra
signstar-configure-build,extra
signstar-request-signature,extra
signstar-sign,extra
signtool,core
signver,core
sigrok-cli,extra
sigsnoop,extra
sigtool,extra
sigwaittest,extra
sile,extra
sile-lua,extra
silicon,extra
sim2trad,extra
sim_client,core
sim_server,core
simg2img,extra
simh-altair,extra
simh-eclipse,extra
simh-gri,extra
simh-h316,extra
simh-i1401,extra
simh-i1620,extra
simh-i7094,extra
simh-id16,extra
simh-id32,extra
simh-lgp,extra
simh-nova,extra
simh-pdp1,extra
simh-pdp10,extra
simh-pdp11,extra
simh-pdp15,extra
simh-pdp4,extra
simh-pdp7,extra
simh-pdp8,extra
simh-pdp9,extra
simh-sds,extra
simh-sigma,extra
simh-uc15,extra
simh-vax,extra
simh-vax780,extra
simpdftex,extra
simple-scan,extra
simple_dcraw,extra
simple_web_server,extra
simplecov,extra
simpleexpand,extra
simpleftp,extra
simpleindex,extra
simplesearch,extra
simplex-noise,extra
simplex-noise32,multilib
simutrans,extra
sinfo,extra
sing-box,extra
singleFileDisasm,extra
singlebuffer,extra
singlebuffer32,multilib
singularity,extra
siod,extra
sip-build,extra
sip-date,extra
sip-dig,extra
sip-distinfo,extra
sip-install,extra
sip-module,extra
sip-options,extra
sip-sdist,extra
sip-wheel,extra
sipdump2john,extra
sirtopnm,extra
six2four.sh,extra
sixel2png,extra
size,core
size222,extra
sjisconv,extra
sjislatex,extra
sjispdflatex,extra
sk,extra
sk-tmux,extra
skaffold,extra
skanlite,extra
skanpage,extra
skate,extra
skdump,extra
skinning,extra
skinning32,multilib
skip-tracker,extra
skk,extra
skkdic-count,extra
skkdic-expr,extra
skkdic-expr2,extra
skkdic-sort,extra
skladnik,extra
skopeo,extra
skrooge,extra
skroogecompanion,extra
skroogeconvert,extra
sktest,extra
skylighting-extract,extra
sl,extra
slabratetop,extra
slabtop,core
slapacl,core
slapadd,core
slapauth,core
slapcat,core
slapd,core
slapdn,core
slapindex,core
slapmodify,core
slappasswd,core
slapschema,core
slaptest,core
slatex,extra
slattach,core
slcli,extra
sldtoppm,extra
sleep,core
sleighc,extra
slencheck,core
slice2confluence,extra
slice2cpp,extra
slice2cs,extra
slice2html,extra
slice2java,extra
slice2js,extra
slice2matlab,extra
slice2objc,extra
slice2php,extra
slice2rb,extra
slice2swift,extra
sliceprint,extra
slick-greeter,extra
slick-greeter-check-hidpi,extra
slick-greeter-enable-tap-to-click,extra
slick-greeter-set-keyboard-layout,extra
slideshow,extra
slidetool,extra
slim,extra
slimevolley,extra
slimlock,extra
slimrb,extra
slirp4netns,extra
slmbuild,extra
slminfo,extra
slmpack,extra
slmprune,extra
slmseg,extra
slmthread,extra
sln,core
sload.f2fs,extra
sload_f2fs,extra
sloccount,extra
slock,extra
slop,extra
slowhttptest,extra
slsh,extra
slugify,extra
slumber,extra
slurmctld,extra
slurmd,extra
slurmdbd,extra
slurmstepd,extra
slurp,extra
sm,extra
sm-notify,core
smTestDriver,extra
sma,extra
sma_multi,extra
smali,extra
smartctl,extra
smartd,extra
smartdns,extra
smartypants,extra
smb2-quota,extra
smb4k,extra
smbcacls,extra
smbclient,extra
smbclient.py,extra
smbcontrol,extra
smbcquotas,extra
smbd,extra
smbencrypt,extra
smbexec.py,extra
smbget,extra
smbinfo,extra
smbios-battery-ctl,extra
smbios-get-ut-data,extra
smbios-keyboard-ctl,extra
smbios-lcd-brightness,extra
smbios-passwd,extra
smbios-state-byte-ctl,extra
smbios-sys-info,extra
smbios-sys-info-lite,extra
smbios-thermal-ctl,extra
smbios-token-ctl,extra
smbios-upflag-ctl,extra
smbios-wakeup-ctl,extra
smbios-wireless-ctl,extra
smbnetfs,extra
smbpasswd,extra
smbserver.py,extra
smbspool,extra
smbstatus,extra
smbtar,extra
smbtorture,extra
smbtree,extra
smenc,extra
smenccache,extra
smfplay,extra
smfrec,extra
smfsh,extra
smime_keys,extra
sminfo,extra
sminspector,extra
sminstbuilder,extra
smjack,extra
smlnj,extra
smokeinfo,extra
smokeping,extra
smokeping_cgi,extra
smolvm,extra
smpdump,extra
smpeg2-config,extra
smplay,extra
smplayer,extra
smpquery,extra
smproxy,extra
smsampleedit,extra
smsfimport,extra
smstrip,extra
smtool,extra
smtp,extra
smtp-apcupsd,extra
smtp-sink,extra
smtp-source,extra
smtpctl,extra
smtpd,extra
smurf6,extra
smwavset,extra
sn,extra
sn0int,extra
snake,extra
snap_scheduler.py,extra
snapper,extra
snapper-fmt,extra
snapper-gen-docs,extra
snapperd,extra
snapshot,extra
snbk,extra
snd,extra
snd-ruby,extra
snd-s7,extra
sndfile-cmp,extra
sndfile-concat,extra
sndfile-convert,extra
sndfile-deinterleave,extra
sndfile-info,extra
sndfile-interleave,extra
sndfile-metadata-get,extra
sndfile-metadata-set,extra
sndfile-play,extra
sndfile-salvage,extra
sndinfo,extra
sndioctl,extra
sndioctl32,multilib
sndiod,extra
sndiod32,multilib
snes9x,extra
snes9x-gtk,extra
sngspli2,extra
sni-cl-tool,extra
sniff.py,extra
sniffer.py,extra
sniffglue,extra
sniffit,extra
sniffnet,extra
sniproxy,extra
snixembed,extra
snmp-bridge-mib,extra
snmpbulkget,extra
snmpbulkwalk,extra
snmpcheck,extra
snmpconf,extra
snmpd,extra
snmpdelta,extra
snmpdf,extra
snmpget,extra
snmpgetnext,extra
snmpinform,extra
snmpnetstat,extra
snmppcap,extra
snmpping,extra
snmpps,extra
snmpset,extra
snmpstatus,extra
snmptable,extra
snmptest,extra
snmptop,extra
snmptranslate,extra
snmptrap,extra
snmptrapd,extra
snmpusm,extra
snmpvacm,extra
snmpwalk,extra
snowball,extra
sntp,extra
soapcpp2,extra
soapsuds,extra
soapy_power,extra
soc,extra
socat,extra
socat-broker.sh,extra
socat-chain.sh,extra
socat-mux.sh,extra
socat1,extra
sockd,extra
socklist,extra
socksify,extra
soelim,core
sof-ctl,extra
sof-logger,extra
sof-probes,extra
soffice,extra
sofprobeclient,extra
soft,extra
softhsm2-dump-file,extra
softhsm2-keyconv,extra
softhsm2-migrate,extra
softhsm2-util,extra
softirqs,extra
sogrep,extra
soju,extra
soju-casemap-logs,extra
soju-migrate-db,extra
soju-migrate-logs,extra
soju-znc-import,extra
sojuctl,extra
sojudb,extra
sol,extra
solaar,extra
solanum,extra
solid-action-desktop-gen,extra
solid-hardware5,extra
solid-hardware6,extra
solid-power5,extra
solisten,extra
solr,extra
solterm,extra
solv,extra
solve_conic,extra
solve_legendre,extra
sonetdiag,extra
songrec,extra
sonic,extra
sonic-visualiser,extra
sonivoxrender,extra
soplex,extra
sops,extra
sord_validate,extra
sordi,extra
sort,core
sorter,extra
sortman,core
sotruss,core
sound-gambit,extra
sound-juicer,extra
sound2faust,extra
sound2file,extra
sound2reader,extra
soundconverter,extra
soundscope,extra
soundstretch,extra
source-highlight,extra
source-highlight-esc.sh,extra
source-highlight-settings,extra
sourcery,extra
sow,extra
sox,extra
sox_ng,extra
soxi,extra
soxi_ng,extra
sozip,extra
spa-acp-tool,extra
spa-inspect,extra
spa-json-dump,extra
spa-monitor,extra
spa-resample,extra
spam,extra
sparqlquery,extra
sparse,extra
sparse-llvm,extra
sparsec,extra
spawn-fcgi,extra
spawn_console,core
spawn_login,core
spcat,extra
spctoppm,extra
spd-conf,extra
spd-say,extra
spdsend,extra
spdxtool,core
speak,extra
speak-ng,extra
speaker-test,extra
speakupconf,extra
spec2cie,extra
specplot,extra
spectacle,extra
spectest-interp,extra
spectex,extra
spectex32,multilib
spectgen,extra
speech-dispatcher,extra
speedcrunch,extra
speedtest,extra
speedtest-cli,extra
speexdec,extra
speexenc,extra
spek,extra
spellout,extra
spent,extra
spf,extra
spfquery,extra
sphinx-apidoc,extra
sphinx-autobuild,extra
sphinx-autogen,extra
sphinx-build,extra
sphinx-intl,extra
sphinx-quickstart,extra
sphinxygen,extra
sphobjinv,extra
sphobjinv-textconv,extra
spice-up,extra
spice-vdagent,extra
spice-vdagentd,extra
spice-webdavd,extra
spicy,extra
spicy-screenshot,extra
spicy-stats,extra
spike,extra
spike-dasm,extra
spike-log-parser,extra
spimdisasm,extra
spin,extra
spipe,extra
spiped,extra
spire-agent,extra
spire-server,extra
spirhunt,extra
spirv-as,extra
spirv-cfg,extra
spirv-cross,extra
spirv-diff,extra
spirv-dis,extra
spirv-lesspipe.sh,extra
spirv-link,extra
spirv-lint,extra
spirv-objdump,extra
spirv-opt,extra
spirv-reduce,extra
spirv-val,extra
spirv2dxil,extra
spit,core
spix,extra
splat,extra
spline,extra
splint,extra
split,core
split-file,extra
split-file-18,extra
split-file-19,extra
split-file-20,extra
split-file-21,extra
split.py,extra
split2po,extra
splitdiff,extra
splitindex,extra
splitlen,extra
splitti3,extra
sponge,extra
spotify-launcher,extra
spotify_player,extra
spotifyd,extra
spotread,extra
spottopgm,extra
spring,extra
spring-dedicated,extra
spring-headless,extra
springgraph,extra
springlobby,extra
sprio,extra
spriteblast,extra
spriteblast32,multilib
sprof,core
spumux,extra
sputoppm,extra
spuunmux,extra
spyder,extra
spytrap-adb,extra
sq,extra
sqfscat,extra
sqfstar,extra
sql,extra
sql2csv,extra
sql_count,extra
sqlc,extra
sqlcipher,extra
sqlcipher2hashcat.pl,extra
sqldiff,core
sqlfluff,extra
sqlformat,extra
sqlhist,extra
sqlite2s4,extra
sqlite3,core
sqlite3_analyzer,core
sqlite3_expert,core
sqlite3_rsync,core
sqlitebrowser,extra
sqliterepo_c,extra
sqlmap,extra
sqlmapapi,extra
sqlmetal,extra
sqlsharp,extra
sqlsmith,extra
sqltclsh,core
sqltex,extra
sqlx,extra
sqop,extra
sqopv,extra
squashfuse,extra
squashfuse_ll,extra
squeak,extra
squeak.sh,extra
squeekboard,extra
squeekboard-entry,extra
squeekboard-test-layout,extra
squeue,extra
squid,extra
sqv,extra
sr,extra
src-hilite-lesspipe.sh,extra
src2man,extra
src_conv,extra
srcclean,extra
srch_strings,extra
srcinfo-pkg-graph,extra
srconv,extra
srcredact,extra
sreport,extra
srftopam,extra
srgn,extra
srp_daemon,extra
srp_daemon.sh,extra
srrdb,extra
srs,extra
srsenb,extra
srsepc,extra
srsepc_if_masq.sh,extra
srsmbms,extra
srsran_install_configs.sh,extra
srsue,extra
srt,extra
srt-deduplicate,extra
srt-ffplay,extra
srt-file-transmit,extra
srt-fixed-timeshift,extra
srt-linear-timeshift,extra
srt-lines-matching,extra
srt-live-transmit,extra
srt-mux,extra
srt-normalise,extra
srt-play,extra
srt-process,extra
srt-tunnel,extra
srun,extra
ss,core
ss2,extra
ssadump,extra
sscape_ctl,extra
ssccli,extra
sscg,extra
ssconvert,extra
ssdd,extra
ssdeep,extra
ssdiff,extra
sserver,core
ssfconv,extra
ssgrep,extra
ssh,core
ssh-add,core
ssh-agent,core
ssh-audit,extra
ssh-authorized-keys,extra
ssh-certinfo,extra
ssh-copy-id,core
ssh-diff,extra
ssh-facts,extra
ssh-force-password,extra
ssh-hostkeys,extra
ssh-key-confirmer,extra
ssh-keygen,core
ssh-keyinfo,extra
ssh-keyonly,extra
ssh-keyscan,core
ssh-last,extra
ssh-ping,extra
ssh-pwd,extra
ssh-sig,extra
ssh-tpm-add,extra
ssh-tpm-agent,extra
ssh-tpm-hostkeys,extra
ssh-tpm-keygen,extra
ssh-version,extra
ssh2john,extra
sshare,extra
sshd,core
sshfs,extra
sshguard,extra
sshmitm,extra
sshow,extra
sshpass,extra
sshs,extra
sshtunnel,extra
sshuttle,extra
sshx,extra
sshx-server,extra
ssindex,extra
sslh,extra
sslh-ev,extra
sslh-fork,extra
sslh-select,extra
sslocal,extra
sslscan,extra
sslsplit,extra
ssltap,core
ssmanager,extra
sspr2john,extra
ssr,extra
ssr-aap,extra
ssr-binaural,extra
ssr-brs,extra
ssr-dca,extra
ssr-generic,extra
ssr-vbap,extra
ssr-wfs,extra
sss_cache,extra
sss_debuglevel,extra
sss_obfuscate,extra
sss_override,extra
sss_seed,extra
sss_ssh_authorizedkeys,extra
sss_ssh_knownhosts,extra
sss_ssh_knownhostsproxy,extra
sssctl,extra
sssd,extra
ssserver,extra
ssservice,extra
sst_conn_tool,extra
sst_dump,extra
sstat,extra
sstpc,extra
sstrip,extra
sstruct,extra
sstructmat,extra
ssurl,extra
st-flash,extra
st-info,extra
st-trace,extra
st-util,extra
st4topgm,extra
stack,extra
stackprof,extra
stackprof-flamegraph.pl,extra
stackprof-gprof2dot.py,extra
staging2testing,extra
stalonetray,extra
stalwart,extra
stalwart-cli,extra
stalwart-proxy,extra
stampdalf,extra
stap,extra
stap-exporter,extra
stap-jupyter-container,extra
stap-jupyter-install,extra
stap-merge,extra
stap-prep,extra
stap-profile-annotate,extra
stap-report,extra
stap-server,extra
stapbpf,extra
staprun,extra
stapsh,extra
stardict,extra
staroffice2john,extra
starship,extra
start-cosmic,extra
start-hyprland,extra
start-pulseaudio-x11,extra
start-statd,core
startGroovy,extra
startbudgielabwc,extra
starte16,extra
startfluxbox,extra
startlazarus,extra
startlxde,extra
startlxqt,extra
startlxqtwayland,extra
startplasma-login-wayland,extra
startplasma-wayland,extra
startplasma-x11,extra
startplasmamobile,extra
startx,extra
startxfce4,extra
stat,core
states,extra
statgrab,extra
statgrab-make-mrtg-config,extra
statgrab-make-mrtg-index,extra
staticcheck,extra
staticnested_0nt,extra
staticnested_1nt,extra
staticnested_2nt,extra
staticnested_2x1nt_rf08s,extra
staticnested_2x1nt_rf08s_1key,extra
station,extra
statsnoop,extra
status-notifier-item-static,extra
status-notifier-watcher,extra
stb,extra
stdbuf,core
stdoutisatty,extra
steadyflow,extra
steam,multilib
steamdeps,multilib
stella,extra
stellarium,extra
stemwords,extra
step,extra
step-ca,extra
step-cli,extra
stern,extra
stest,extra
stestr,extra
stex3d,extra
stex3d32,multilib
sticky,extra
stk-demo,extra
stl2dcm,extra
stl2gts,extra
stlink-gui,extra
stoken,extra
stoken-gui,extra
stompcat,extra
stone,extra
stopmotion,extra
storagectl,core
storescp,extra
storescu,extra
stow,extra
stp,extra
stp_simple,extra
strace,extra
strace-log-merge,extra
strace.py,extra
strawberry,extra
stream,extra
streamlink,extra
streamlit,extra
stress,extra
stress-ng,extra
stretch,extra
strfile,extra
strigger,extra
strike,extra
stringer,extra
strings,core
strip,core
strip-ansi-escapes,extra
strip-bsn,extra
strip-bsr,extra
strip2john,extra
stripttc,extra
strm2cif,extra
strm2dxf,extra
strm2gds,extra
strm2gdstxt,extra
strm2lstr,extra
strm2mag,extra
strm2oas,extra
strm2txt,extra
strmclip,extra
strmcmp,extra
strmrun,extra
strmxor,extra
strptime,extra
struct,extra
struct2osd,extra
struct_migrate,extra
structmat,extra
stty,core
stubby,extra
stubgen,extra
stubquery,extra
stubtest,extra
stumpwm,extra
stunbdc,extra
stunc,extra
stund,extra
stunnel,extra
stunnel3,extra
sty2dtx,extra
stylish-haskell,extra
stylua,extra
stylus,extra
su,core
su-rs,extra
sub-tex,extra
sub-tex32,multilib
sub2po,extra
subdivideg,extra
substrings.pl,extra
subtitlecomposer,extra
subunit-1to2,extra
subunit-2to1,extra
subunit-combine,extra
subunit-describe-calls,extra
subunit-filter,extra
subunit-ls,extra
subunit-notify,extra
subunit-output,extra
subunit-stats,extra
subunit-tags,extra
subunit2csv,extra
subunit2disk,extra
subunit2gtk,extra
subunit2junitxml,extra
subunit2pyunit,extra
sudo,core
sudo-rs,extra
sudo_logsrvd,core
sudo_sendlog,core
sudoedit,core
sudoedit-rs,extra
sudoku,extra
sudoreplay,core
suexec,extra
sugar,extra
sugar-activity-web,extra
sugar-activity3,extra
sugar-backlight-helper,extra
sugar-backlight-setup,extra
sugar-control-panel,extra
sugar-erase-bundle,extra
sugar-install-bundle,extra
sugar-launch,extra
sugar-runner,extra
sugar-serial-number-helper,extra
suitesparse_mongoose,extra
sulogin,core
sum,core
summon,extra
summon-tui,extra
sumtool,extra
sundazel,extra
sunicontopnm,extra
sunpinyin-dictgen,extra
sunxi-bootinfo,extra
sunxi-fel,extra
sunxi-fexc,extra
sunxi-nand-image-builder,extra
sunxi-nand-part,extra
sunxi-pio,extra
super-productivity,extra
supermin,extra
supernode,extra
supernova,extra
supertux2,extra
supertuxkart,extra
supervisorctl,extra
supervisord,extra
sure,extra
surfraw,extra
surfraw-update-path,extra
surge-xt-cli,extra
sus,extra
sus-host,extra
sus-parallel,extra
sus-tree,extra
suscan.status,extra
suscli,extra
susetags2solv,extra
sushi,extra
sutf,extra
svc_recv,extra
svc_send,extra
svcutil,extra
svelteserver,extra
svg2pdf,extra
svg2png,extra
svgcleaner,extra
svgo,extra
svgtopam,extra
svgview,extra
svlc,extra
svm-checkdata.py,extra
svm-easy.py,extra
svm-grid.py,extra
svm-predict,extra
svm-scale,extra
svm-subset.py,extra
svm-toy,extra
svm-train,extra
svn,extra
svn-clean,extra
svn-multi,extra
svnadmin,extra
svnbackport,extra
svnbench,extra
svnchangesince,extra
svndiff,extra
svndiffview,extra
svndumpfilter,extra
svnforwardport,extra
svnfsfs,extra
svngettags,extra
svnintegrate,extra
svnlastchange,extra
svnlastlog,extra
svnlook,extra
svnmucc,extra
svnrdump,extra
svnrevertlast,extra
svnserve,extra
svnsync,extra
svnversion,extra
svnversions,extra
svsematest,extra
swagger,extra
swagger-flex,extra
swait,extra
swaks,extra
swanctl,extra
swaplabel,core
swapoff,core
swapon,core
swappo,extra
swappy,extra
swaptop,extra
sway,extra
swaybar,extra
swaybg,extra
swayidle,extra
swayimg,extra
swaylock,extra
swaymsg,extra
swaynag,extra
swaync,extra
swaync-client,extra
swayosd-client,extra
swayosd-libinput-backend,extra
swayosd-server,extra
sweeper,extra
sweethome3d,extra
swell-foop,extra
swftocxx,extra
swftoperl,extra
swftophp,extra
swftopython,extra
swftotcl,extra
swhid,extra
swift,extra
swig,extra
swindle,extra
swipl,extra
swipl-ld,extra
swipl-win,extra
switch_root,core
switcheroo,extra
switcherooctl,extra
swtpm,extra
swtpm_bios,extra
swtpm_cert,extra
swtpm_cuse,extra
swtpm_ioctl,extra
swtpm_localca,extra
swtpm_setup,extra
sxhkd,extra
sxiv,extra
sxpm,extra
syd,extra
syd-aux,extra
syd-cap,extra
syd-cat,extra
syd-elf,extra
syd-emacs,extra
syd-exec,extra
syd-fd,extra
syd-fs,extra
syd-hex,extra
syd-info,extra
syd-ldd,extra
syd-lock,extra
syd-ls,extra
syd-mdwe,extra
syd-mem,extra
syd-net,extra
syd-oci,extra
syd-ofd,extra
syd-path,extra
syd-pause,extra
syd-pds,extra
syd-poc,extra
syd-pty,extra
syd-read,extra
syd-ring,extra
syd-run,extra
syd-sec,extra
syd-size,extra
syd-stat,extra
syd-sum,extra
syd-sys,extra
syd-test,extra
syd-test-do,extra
syd-tor,extra
syd-tsc,extra
syd-tty,extra
syd-tui,extra
syd-utc,extra
syd-uts,extra
syd-x,extra
syft,extra
symb2po,extra
symbolic-preview,extra
symilar,extra
symkeyutil,core
symlinks,extra
symnew,extra
sympol,extra
sympow,extra
symtree,extra
synapse,extra
synapse_homeserver,extra
synapse_port_db,extra
synapse_review_recent_signups,extra
synapse_worker,extra
synbak,extra
sync,core
synclient,extra
syncplay,extra
syncplay-server,extra
syncqt.pl,extra
syncqt.pl-qt5,extra
syncsnoop,extra
synctex,extra
syncthing,extra
syncthing-discosrv,extra
syncthing-relaysrv,extra
synctl,extra
synd,extra
syndaemon,extra
synfig,extra
synfig-config,extra
synfigstudio,extra
syntax_suggest,extra
synthcal,extra
synthread,extra
synthv1_jack,extra
sysbench,extra
syscount,extra
syscse,extra
sysctl,core
sysdig,extra
syslinux,core
syslinux-install_update,core
syslinux2ansi,core
syslog-ng,extra
syslog-ng-ctl,extra
syslog-ng-debun,extra
syslog-ng-update-virtualenv,extra
sysprof,extra
sysprof-agent,extra
sysprof-cat,extra
sysprof-cli,extra
system-config-printer,extra
system-config-printer-applet,extra
system76-firmware-cli,extra
system76-scheduler,extra
systemadm,extra
systembus-notify,extra
systemctl,core
systemctl-gui,extra
systemctl-tui,extra
systemd-ac-power,core
systemd-analyze,core
systemd-ask-password,core
systemd-cat,core
systemd-cat-native,extra
systemd-cgls,core
systemd-cgtop,core
systemd-confext,core
systemd-creds,core
systemd-cryptenroll,core
systemd-cryptsetup,core
systemd-delta,core
systemd-detect-virt,core
systemd-dissect,core
systemd-escape,core
systemd-firstboot,core
systemd-gnome-ask-password-agent,extra
systemd-home-fallback-shell,core
systemd-hwdb,core
systemd-id128,core
systemd-inhibit,core
systemd-lsp,extra
systemd-machine-id-setup,core
systemd-mount,core
systemd-mstack,core
systemd-mute-console,core
systemd-notify,core
systemd-nspawn,core
systemd-path,core
systemd-pty-forward,core
systemd-repart,core
systemd-resolve,core
systemd-run,core
systemd-socket-activate,core
systemd-stdio-bridge,core
systemd-sysext,core
systemd-sysinstall,core
systemd-sysupdate,core
systemd-sysusers,core
systemd-tmpfiles,core
systemd-tty-ask-password-agent,core
systemd-umount,core
systemd-vmspawn,core
systemd-vpick,core
systemdgenie,extra
systemfd,extra
systemsettings,extra
systeroid,extra
systeroid-tui,extra
systing,extra
systing-analyze,extra
systing-util,extra
systool,extra
sz3,extra
sz3_customized_demo,extra
sz3_smoke_test,extra
t1ascii,extra
t1asm,extra
t1binary,extra
t1disasm,extra
t1dotlessj,extra
t1lint,extra
t1mac,extra
t1rawafm,extra
t1reencode,extra
t1testpage,extra
t1unmac,extra
t4ht,extra
tSmoke,extra
tabs,core
tabulate,extra
tabview,extra
tac,core
tachyon,extra
taffybar,extra
taffybar-appearance-snap,extra
taffybar-appearance-snap-hyprland,extra
taffybar-test-wm,extra
taglib-config,extra
tagmp3,extra
tail,core
tail.pl,extra
tailscale,extra
tailscaled,extra
tailwindcss-language-server,extra
tali,extra
talk,core
talkd,core
talkwith,extra
tally.control,extra
talosctl,extra
tamarin-prover,extra
tang-show-keys,extra
tangle,extra
tangler,extra
tangram,extra
tap,extra
tap2subunit,extra
tapestat,extra
taplo,extra
tappy,extra
tar,core
targen,extra
tarsnap,extra
tarsnap-keygen,extra
tarsnap-keymgmt,extra
tarsnap-keyregen,extra
tarsnap-recrypt,extra
task,extra
taskim,extra
taskset,core
taskwarrior-tui,extra
tastenbrett,extra
tasty-discover,extra
tauon,extra
tauonmb,extra
tbadapters,extra
tbauth,extra
tbdump,extra
tbget,extra
tbl,core
tblist,extra
tbman,extra
tbmargin,extra
tbmonitor,extra
tbpd,extra
tbset,extra
tbtrace,extra
tbtunnels,extra
tbx2po,extra
tc,core
tca_correct,extra
tcat,extra
tcbench,extra
tcc,extra
tcl_count,extra
tcleanup,extra
tclsh,extra
tclsh8.6,extra
tcode,extra
tcomposer,extra
tcond,extra
tconverter,extra
tcp-cutter,extra
tcpbridge,extra
tcpcapinfo,extra
tcpconnect,extra
tcpconnlat,extra
tcpdump,extra
tcpflow,extra
tcpkill,extra
tcplay,extra
tcplife,extra
tcpliveplay,extra
tcpnice,extra
tcppktlat,extra
tcpprep,extra
tcpreplay,extra
tcpreplay-edit,extra
tcprewrite,extra
tcprtt,extra
tcpspray,extra
tcpspray6,extra
tcpstates,extra
tcpsynbl,extra
tcptop,extra
tcptracer,extra
tcptraceroute6,extra
tcsh,extra
tdbbackup,extra
tdbdump,extra
tdbrestore,extra
tdbtool,extra
tdf,extra
tdspool,extra
tdx-util,extra
tea,extra
teamd,extra
teamdctl,extra
teamnl,extra
teamspeak3,extra
teamtype,extra
teapot,extra
teapot32,multilib
teckit_compile,extra
tecla,extra
tectonic,extra
tee,core
teensy_loader_cli,extra
teeworlds,extra
teeworlds_srv,extra
tei2mod,extra
tek2plot,extra
telegram2john,extra
telepathy-gabble-xmpp-console,extra
tellico,extra
telly-skout,extra
telnet,core
telnetd,core
tempest,extra
template-converter,extra
template2translation,extra
tempo,extra
tempo-cli,extra
tempo-query,extra
tempo-vulture,extra
tenacity,extra
tensileBenchmarkLibraryClient,extra
tensorboard,extra
tere,extra
term_cdiff,extra
term_colortab,extra
term_decolor,extra
term_display,extra
term_mandel,extra
term_plasma,extra
term_snow,extra
termdown,extra
terminator,extra
terminology,extra
termios-xspike,extra
termscp,extra
termscu,extra
termshark,extra
termusic,extra
termusic-server,extra
terraform,extra
terragrunt,extra
terrain,extra
terrain32,multilib
terraingenerator,extra
tesla-auth-token,extra
tesla-ble,extra
tesla-control,extra
tesla-http-proxy,extra
tesla-jws,extra
tesla-keygen,extra
tesla-unlock,extra
tessdemo,extra
tessdemo32,multilib
tesseract,extra
test,core
test-avccmd,extra
test-bed,extra
test-bufferops,extra
test-clock_nanosleep,extra
test-connect-t,extra
test-cycle-time,extra
test-devicestringparser,extra
test-dice-eap,extra
test-echomixer,extra
test-enhanced-mixer,extra
test-focusrite,extra
test-fw410,extra
test-ieee1394service,extra
test-inspect,extra
test-ipcringbuffer,extra
test-messagequeue,extra
test-request,extra
test-runner,extra
test-scs,extra
test-shm,extra
test-stream,extra
test-streamdump,extra
test-sysload,extra
test-timestampedbuffer,extra
test-unit,extra
test-volume,extra
test-watchdog,extra
testAMRAudioStreamer,extra
testDVVideoStreamer,extra
testH264VideoStreamer,extra
testH264VideoToHLSSegments,extra
testH264VideoToTransportStream,extra
testH265VideoStreamer,extra
testH265VideoToTransportStream,extra
testMKVSplitter,extra
testMKVStreamer,extra
testMP3Receiver,extra
testMP3Streamer,extra
testMPEG1or2AudioVideoStreamer,extra
testMPEG1or2ProgramToTransportStream,extra
testMPEG1or2Splitter,extra
testMPEG1or2VideoReceiver,extra
testMPEG1or2VideoStreamer,extra
testMPEG2TransportReceiver,extra
testMPEG2TransportStreamSplitter,extra
testMPEG2TransportStreamTrickPlay,extra
testMPEG2TransportStreamer,extra
testMPEG4VideoStreamer,extra
testOggStreamer,extra
testOnDemandRTSPServer,extra
testRTSPClient,extra
testRelay,extra
testReplicator,extra
testWAVAudioStreamer,extra
test_chmLib,extra
test_func,extra
test_io,extra
test_jkqtpdatastore,extra
test_name,extra
testcdd1,extra
testcdd1_gmp,extra
testcdd2,extra
testcdd2_gmp,extra
testcontroller,extra
testdisk,extra
testkeys,extra
testlibraw,extra
testlp1,extra
testlp1_gmp,extra
testlp2,extra
testlp2_gmp,extra
testlp3,extra
testlp3_gmp,extra
testpappl,extra
testparm,extra
testpattern,extra
testpkg,core
testr,extra
testrender,extra
tests,extra
testsaslauthd,extra
testshade,extra
testshade_dso,extra
testshoot,extra
testshoot_gmp,extra
testsolv,extra
testssl,extra
testtex,extra
testunit-queue,extra
testusdview,extra
tetrinet,extra
tetrinet-server,extra
tex,extra
tex-quads,extra
tex-quads32,multilib
tex2aspc,extra
tex2mail,extra
tex2xindy,extra
tex4ebook,extra
tex4ht,extra
tex_to_images,extra
texaaline,extra
texaaline32,multilib
texaccents,extra
texblend,extra
texconfig,extra
texconfig-dialog,extra
texconfig-sys,extra
texcount,extra
texcyl,extra
texcyl32,multilib
texdef,extra
texdemo1,extra
texdemo132,multilib
texdiff,extra
texdirflatten,extra
texdoc,extra
texdoctk,extra
texenv,extra
texenv32,multilib
texexec,extra
texexpand,extra
texfindpkg,extra
texfot,extra
texhash,extra
texi2any,core
texi2dvi,core
texi2html,extra
texi2pdf,core
texindex,core
texindy,extra
texlab,extra
texlinks,extra
texliveonfly,extra
texloganalyser,extra
texlogfilter,extra
texlogsieve,extra
texlua,extra
texluac,extra
texluajit,extra
texluajitc,extra
texmaker,extra
texmfstart,extra
texosquery,extra
texosquery-jre5,extra
texosquery-jre8,extra
texplate,extra
texprof,extra
texprofile,extra
texsis,extra
texstudio,extra
text2image,extra
text2pcap,extra
text2pos,extra
text2utt,extra
text2wave,extra
textconv,extra
textestvis,extra
textpieces,extra
texture_from_pixmap,extra
texture_from_pixmap32,multilib
textures,extra
textures32,multilib
textwidth,extra
texworks,extra
tezos2john,extra
tf_upgrade_v2,extra
tfarmcontroller,extra
tfarmserver,extra
tflint,extra
tflite_convert,extra
tfman,extra
tfmtodit,core
tftopl,extra
tftp,extra
tftpy_client,extra
tftpy_server,extra
tgatoppm,extra
tgpt,extra
tgt-admin,extra
tgt-setup-lun,extra
tgtadm,extra
tgtd,extra
tgtimg,extra
tgz,extra
th_gen_idx.pl,extra
thc-ipv6-setup.sh,extra
thcping6,extra
thcsyn6,extra
thefuck,extra
theme,extra
thermald,extra
theta,extra
thin,extra
thin_check,core
thin_delta,core
thin_dump,core
thin_ls,core
thin_metadata_pack,core
thin_metadata_size,core
thin_metadata_unpack,core
thin_migrate,core
thin_repair,core
thin_restore,core
thin_rmap,core
thin_trim,core
thingy,extra
thingy52,extra
thinkjettopbm,extra
thisroot.csh,extra
thisroot.fish,extra
thisroot.sh,extra
thor,extra
thrift,extra
thumbpdf,extra
thunar,extra
thunar-settings,extra
thunar-volman,extra
thunar-volman-settings,extra
thunderbird,extra
tic,core
tickadj,extra
ticketConverter.py,extra
ticketer.py,extra
tickrs,extra
tidy,extra
tie,extra
tiff2bw,extra
tiff2fsspec,extra
tiff2pdf,extra
tiff2ps,extra
tiff2rgba,extra
tiffcmp,extra
tiffcomment,extra
tiffcp,extra
tiffcrop,extra
tiffdither,extra
tiffdump,extra
tifffile,extra
tiffgamut,extra
tiffgt,extra
tiffinfo,extra
tiffmedian,extra
tiffset,extra
tiffsplit,extra
tifftopnm,extra
tificc,extra
tig,extra
tiger-hash,extra
tiki2po,extra
tikztosvg,extra
tilda,extra
tiled,extra
tilt,extra
tilt_analysis,extra
tilt_synthesis,extra
timage,extra
time,extra
timed-read,extra
timed-run,extra
timedatectl,core
timedinfo,extra
timelineeditor,extra
timemaster,extra
timeout,core
timescaledb-tune,extra
timeshift,extra
timeshift-gtk,extra
timeshift-launcher,extra
timetrace2txt,extra
timew,extra
timew-refresh-holidays,extra
timezone-dump,extra
timidity,extra
tincd,extra
tint2,extra
tint2conf,extra
tiny,extra
tiny-agents,extra
tinygo,extra
tinyionice,extra
tinyleaf,extra
tinymist,extra
tinyprog,extra
tinyproxy,extra
tinysparql,extra
tinyssh-convert,extra
tinysshd,extra
tinysshd-makekey,extra
tinysshd-printkey,extra
tinysshnoneauthd,extra
tinyxxd,extra
tipc,core
tipp10,extra
titlecase,extra
tjbench,extra
tjournal,extra
tk,extra
tkconch,extra
tkiptun-ng,extra
tkmib,extra
tkn,extra
tknewsbiff,extra
tkpasswd,extra
tkremind,extra
tlcockpit,extra
tldextract,extra
tldr,extra
tlmgr,extra
tload,core
tlp,extra
tlp-pd,extra
tlp-rdw,extra
tlp-stat,extra
tlpctl,extra
tlpui,extra
tlsh,extra
tlsh_unittest,extra
tlshell,extra
tlsrpt-collectd,extra
tlsrpt-fetcher,extra
tlsrpt-reportd,extra
tlsrptctl,extra
tmate,extra
tmesis,extra
tmesis-dynamic,extra
tmon,extra
tmux,extra
tmuxp,extra
tmxrasterizer,extra
tmxviewer,extra
tnameserv,extra
tnftp,extra
to_erl,extra
toast,extra
toastify,extra
toc2cddb,extra
toc2cue,extra
toc2mp3,extra
toco,extra
todo,extra
toe,core
tofits,extra
tofu,extra
tohtml,extra
toilet,extra
tokei,extra
tokenize-rt,extra
tokio-console,extra
tokodon,extra
tokssh,extra
toluapp,extra
tombi,extra
toml2po,extra
tomlq,extra
toobig6,extra
toobigsniff6,extra
toolame,extra
toolbox,extra
toolstash,extra
toot,extra
top,core
top-ehrhart-knapsack,extra
topcom-binomial,extra
topcom-cross,extra
topcom-cube,extra
topcom-cyclic,extra
topcom-lattice,extra
topmorph,extra
tor,extra
tor-gencert,extra
tor-print-ed-signing-cert,extra
tor-prompt,extra
tor-resolve,extra
torbrowser-launcher,extra
torchfrtrace,extra
torchrun,extra
torify,extra
torrentool,extra
torsocks,extra
totem,extra
totem-video-thumbnailer,extra
touch,core
touchegg,extra
touchpad-edge-detector,extra
towncrier,extra
tox,extra
tox-bootstrapd,extra
tox-to-nox,extra
tox3,extra
toxic,extra
toyball,extra
toyball32,multilib
tpgrep.tdf,extra
tpic2pdftex,extra
tpm2,extra
tpm2-abrmd,extra
tpm2-totp,extra
tpm2_activatecredential,extra
tpm2_certify,extra
tpm2_certifyX509certutil,extra
tpm2_certifycreation,extra
tpm2_changeauth,extra
tpm2_changeeps,extra
tpm2_changepps,extra
tpm2_checkquote,extra
tpm2_clear,extra
tpm2_clearcontrol,extra
tpm2_clockrateadjust,extra
tpm2_commit,extra
tpm2_create,extra
tpm2_createak,extra
tpm2_createek,extra
tpm2_createpolicy,extra
tpm2_createprimary,extra
tpm2_dictionarylockout,extra
tpm2_duplicate,extra
tpm2_ecdhkeygen,extra
tpm2_ecdhzgen,extra
tpm2_ecephemeral,extra
tpm2_encodeobject,extra
tpm2_encryptdecrypt,extra
tpm2_eventlog,extra
tpm2_evictcontrol,extra
tpm2_flushcontext,extra
tpm2_getcap,extra
tpm2_getcommandauditdigest,extra
tpm2_geteccparameters,extra
tpm2_getekcertificate,extra
tpm2_getpolicydigest,extra
tpm2_getrandom,extra
tpm2_getsessionauditdigest,extra
tpm2_gettestresult,extra
tpm2_gettime,extra
tpm2_hash,extra
tpm2_hierarchycontrol,extra
tpm2_hmac,extra
tpm2_import,extra
tpm2_incrementalselftest,extra
tpm2_load,extra
tpm2_loadexternal,extra
tpm2_makecredential,extra
tpm2_nvcertify,extra
tpm2_nvdefine,extra
tpm2_nvextend,extra
tpm2_nvincrement,extra
tpm2_nvread,extra
tpm2_nvreadlock,extra
tpm2_nvreadpublic,extra
tpm2_nvsetbits,extra
tpm2_nvundefine,extra
tpm2_nvwrite,extra
tpm2_nvwritelock,extra
tpm2_pcrallocate,extra
tpm2_pcrevent,extra
tpm2_pcrextend,extra
tpm2_pcrread,extra
tpm2_pcrreset,extra
tpm2_policyauthorize,extra
tpm2_policyauthorizenv,extra
tpm2_policyauthvalue,extra
tpm2_policycommandcode,extra
tpm2_policycountertimer,extra
tpm2_policycphash,extra
tpm2_policyduplicationselect,extra
tpm2_policylocality,extra
tpm2_policynamehash,extra
tpm2_policynv,extra
tpm2_policynvwritten,extra
tpm2_policyor,extra
tpm2_policypassword,extra
tpm2_policypcr,extra
tpm2_policyrestart,extra
tpm2_policysecret,extra
tpm2_policysigned,extra
tpm2_policytemplate,extra
tpm2_policyticket,extra
tpm2_print,extra
tpm2_ptool,extra
tpm2_quote,extra
tpm2_rc_decode,extra
tpm2_readclock,extra
tpm2_readpublic,extra
tpm2_rsadecrypt,extra
tpm2_rsaencrypt,extra
tpm2_selftest,extra
tpm2_send,extra
tpm2_sessionconfig,extra
tpm2_setclock,extra
tpm2_setcommandauditstatus,extra
tpm2_setprimarypolicy,extra
tpm2_shutdown,extra
tpm2_sign,extra
tpm2_startauthsession,extra
tpm2_startup,extra
tpm2_stirrandom,extra
tpm2_testparms,extra
tpm2_tr_encode,extra
tpm2_unseal,extra
tpm2_verifysignature,extra
tpm2_zgen2phase,extra
tpm2tss-genkey,extra
tput,core
tqdm,extra
tr,core
trace,extra
trace-cmd,extra
trace6,extra
trace62list.sh,extra
tracegen,extra
tracegen-qt5,extra
tracepath,core
tracer,extra
traceroute,extra
tracert6,extra
tracexec,extra
trad2sim,extra
traefik,extra
trafgen,extra
trans,extra
transfig,extra
transform,extra
transicc,extra
transist.flt,extra
translateshader,extra
transmageddon,extra
transmission-cli,extra
transmission-create,extra
transmission-daemon,extra
transmission-edit,extra
transmission-gtk,extra
transmission-qt,extra
transmission-remote,extra
transmission-remote-gtk,extra
transmission-show,extra
transpose-freecell-board.py,extra
traptoemail,extra
trash,extra
trash-empty,extra
trash-list,extra
trash-put,extra
trash-restore,extra
trash-rm,extra
tred,extra
tree,extra
tree-sitter,extra
treeify,extra
treeland,extra
treeland-debug,extra
treeland-user-wrapper,extra
treeland-wallpaper-factory,extra
treeland.sh,extra
treemd,extra
tri,extra
tri-2101010,extra
tri-2101010-dlist,extra
tri-2101010-dlist32,multilib
tri-210101032,multilib
tri-alpha,extra
tri-alpha-tex,extra
tri-alpha-tex32,multilib
tri-alpha32,multilib
tri-array-interleaved,extra
tri-array-interleaved32,multilib
tri-blend,extra
tri-blend-color,extra
tri-blend-color32,multilib
tri-blend-max,extra
tri-blend-max32,multilib
tri-blend-min,extra
tri-blend-min32,multilib
tri-blend-revsub,extra
tri-blend-revsub32,multilib
tri-blend-sub,extra
tri-blend-sub32,multilib
tri-blend32,multilib
tri-clear,extra
tri-clear32,multilib
tri-clip,extra
tri-clip32,multilib
tri-cull,extra
tri-cull-both,extra
tri-cull-both32,multilib
tri-cull32,multilib
tri-dlist,extra
tri-dlist32,multilib
tri-edgeflag,extra
tri-edgeflag-array,extra
tri-edgeflag-array32,multilib
tri-edgeflag-pv,extra
tri-edgeflag-pv32,multilib
tri-edgeflag32,multilib
tri-fbo,extra
tri-fbo-tex,extra
tri-fbo-tex-mip,extra
tri-fbo-tex-mip32,multilib
tri-fbo-tex32,multilib
tri-fbo32,multilib
tri-flat,extra
tri-flat-clip,extra
tri-flat-clip32,multilib
tri-flat32,multilib
tri-fog,extra
tri-fog32,multilib
tri-fp,extra
tri-fp-const-imm,extra
tri-fp-const-imm32,multilib
tri-fp32,multilib
tri-lit,extra
tri-lit-material,extra
tri-lit-material32,multilib
tri-lit32,multilib
tri-logicop-none,extra
tri-logicop-none32,multilib
tri-logicop-xor,extra
tri-logicop-xor32,multilib
tri-mask-tri,extra
tri-mask-tri32,multilib
tri-multitex-vbo,extra
tri-multitex-vbo32,multilib
tri-orig,extra
tri-orig32,multilib
tri-point-line-clipped,extra
tri-point-line-clipped32,multilib
tri-query,extra
tri-query32,multilib
tri-repeat,extra
tri-repeat32,multilib
tri-rotate,extra
tri-rotate32,multilib
tri-scissor-tri,extra
tri-scissor-tri32,multilib
tri-square,extra
tri-square32,multilib
tri-stencil,extra
tri-stencil32,multilib
tri-stipple,extra
tri-stipple32,multilib
tri-tex,extra
tri-tex-1d,extra
tri-tex-1d32,multilib
tri-tex-3d,extra
tri-tex-3d32,multilib
tri-tex-stipple,extra
tri-tex-stipple32,multilib
tri-tex32,multilib
tri-tri,extra
tri-tri32,multilib
tri-unfilled,extra
tri-unfilled-clip,extra
tri-unfilled-clip32,multilib
tri-unfilled-edgeflag,extra
tri-unfilled-edgeflag32,multilib
tri-unfilled-fog,extra
tri-unfilled-fog32,multilib
tri-unfilled-point,extra
tri-unfilled-point32,multilib
tri-unfilled-smooth,extra
tri-unfilled-smooth32,multilib
tri-unfilled-tri,extra
tri-unfilled-tri-lit,extra
tri-unfilled-tri-lit32,multilib
tri-unfilled-tri32,multilib
tri-unfilled-userclip,extra
tri-unfilled-userclip-stip,extra
tri-unfilled-userclip-stip32,multilib
tri-unfilled-userclip32,multilib
tri-unfilled32,multilib
tri-userclip,extra
tri-userclip32,multilib
tri-viewport,extra
tri-viewport32,multilib
tri-z,extra
tri-z-9,extra
tri-z-932,multilib
tri-z-clip,extra
tri-z-clip32,multilib
tri-z-eq,extra
tri-z-eq32,multilib
tri-z32,multilib
tri32,multilib
trial,extra
triangulate,extra
tricensus,extra
triehash,extra
trietool,extra
trietool-0.2,extra
trifan,extra
trifan-flat,extra
trifan-flat-clip,extra
trifan-flat-clip32,multilib
trifan-flat-unfilled-clip,extra
trifan-flat-unfilled-clip32,multilib
trifan-flat32,multilib
trifan-unfilled,extra
trifan-unfilled32,multilib
trifan32,multilib
trimesh,extra
trip,extra
trirast,extra
trirast32,multilib
trisetcmp,extra
trispd,extra
trispd32,multilib
tristrip,extra
tristrip-clip,extra
tristrip-clip32,multilib
tristrip-flat,extra
tristrip-flat32,multilib
tristrip32,multilib
trivial_sampler,extra
trivial_synth,extra
trivy,extra
troff,core
trogdor.sh,extra
trojan,extra
trove-classifiers,extra
true,core
truecrypt2hashcat.py,extra
truecrypt2john,extra
truncate,core
trunk,extra
trurl,extra
trust,core
tryaffix,extra
ts,extra
ts-contribute,extra
ts-contribute-en,extra
ts-edit,extra
ts-edit-en,extra
ts-node,extra
ts-node-cwd,extra
ts-node-esm,extra
ts-node-script,extra
ts-node-transpile-only,extra
ts-script,extra
ts2las,extra
ts2phc,extra
ts2po,extra
ts3server,extra
ts_calibrate,extra
ts_conf,extra
ts_finddev,extra
ts_harvest,extra
ts_print,extra
ts_print_mt,extra
ts_print_raw,extra
ts_test,extra
ts_test_mt,extra
ts_uinput,extra
ts_verify,extra
tsa2d32,extra
tsc,extra
tsd2a32,extra
tsdnsserver,extra
tset,core
tshark,extra
tsig-keygen,extra
tsin2gtab-phrase,extra
tsk_comparedir,extra
tsk_gettimes,extra
tsk_imageinfo,extra
tsk_loaddb,extra
tsk_recover,extra
tslearn,extra
tslmendian,extra
tslminfo,extra
tsocks,extra
tsort,core
tspin,extra
tsql,extra
tss2,extra
tss2_authorizepolicy,extra
tss2_changeauth,extra
tss2_createkey,extra
tss2_createnv,extra
tss2_createseal,extra
tss2_decrypt,extra
tss2_delete,extra
tss2_encrypt,extra
tss2_exportkey,extra
tss2_exportpolicy,extra
tss2_getappdata,extra
tss2_getcertificate,extra
tss2_getdescription,extra
tss2_getinfo,extra
tss2_getplatformcertificates,extra
tss2_getrandom,extra
tss2_gettpm2object,extra
tss2_gettpmblobs,extra
tss2_import,extra
tss2_list,extra
tss2_nvextend,extra
tss2_nvincrement,extra
tss2_nvread,extra
tss2_nvsetbits,extra
tss2_nvwrite,extra
tss2_pcrextend,extra
tss2_pcrread,extra
tss2_provision,extra
tss2_quote,extra
tss2_setappdata,extra
tss2_setcertificate,extra
tss2_setdescription,extra
tss2_sign,extra
tss2_unseal,extra
tss2_verifyquote,extra
tss2_verifysignature,extra
tss2_writeauthorizenv,extra
tsserver,extra
tstool.py,extra
tt,extra
ttcp_atm,extra
ttdebug,extra
ttf2afm,extra
ttf2eps,extra
ttf2kotexfont,extra
ttf2lff,extra
ttf2pk,extra
ttf2tfm,extra
ttfdump,extra
ttftotype42,extra
tth-hash,extra
ttkContinuousScatterPlotCmd,extra
ttkContourAroundPointCmd,extra
ttkContourForestsCmd,extra
ttkContourTreeCmd,extra
ttkGeometrySmootherCmd,extra
ttkGeometrySmootherGui,extra
ttkHelloWorldCmd,extra
ttkJacobiSetCmd,extra
ttkLDistanceCmd,extra
ttkMandatoryCriticalPointsCmd,extra
ttkManifoldCheckCmd,extra
ttkMarchingTetrahedraCmd,extra
ttkMergeTreeCmd,extra
ttkMeshSubdivisionCmd,extra
ttkMetricDistortionCmd,extra
ttkMorseSmaleComplexCmd,extra
ttkPathCompressionCmd,extra
ttkPersistenceDiagramCmd,extra
ttkPointMergerCmd,extra
ttkReebGraphCmd,extra
ttkReebSpaceCmd,extra
ttkScalarFieldCriticalPointsCmd,extra
ttkScalarFieldSmootherCmd,extra
ttkUncertainDataEstimatorCmd,extra
ttx,extra
tty,core
ttyd,extra
ttyper,extra
ttysolitaire,extra
ttysvr,extra
tuba,extra
tuc,extra
tuicr,extra
tuigreet,extra
tukai,extra
tuna,extra
tune.exfat,extra
tune2fs,core
tuned,extra
tuned-adm,extra
tuned-gui,extra
tuned-ppd,extra
tunelp,core
tunnel,extra
tunnel2,extra
tunnel232,multilib
tunnel32,multilib
tuntox,extra
tup,extra
turbo,extra
turbostat,extra
turnadmin,extra
turnserver,extra
turnutils_natdiscovery,extra
turnutils_oauth,extra
turnutils_peer,extra
turnutils_stunclient,extra
turnutils_uclient,extra
tux-manager,extra
tuxcards,extra
tv,extra
tv_combo,extra
tv_ctrlpt,extra
tv_device,extra
tvtime,extra
tvtime-command,extra
tvtime-configure,extra
tvtime-scanner,extra
tw,extra
twill,extra
twill-refsort,extra
twine,extra
twine3,extra
twinwave,extra
twist,extra
twistd,extra
twm,extra
twohamg,extra
twolame,extra
twopi,extra
twoside,extra
twoside32,multilib
twt,extra
tx-cli,extra
txt2gtab-phrase,extra
txt2las,extra
txt2man,extra
txt2po,extra
txt2tags,extra
txt2ti3,extra
ty,extra
tyalpha,extra
tybg,extra
tycat,extra
tyls,extra
typemaker,extra
typemaker2,extra
typeoutfileinfo,extra
typeprof,extra
typer,extra
typescript-language-server,extra
typobuster,extra
typog-grep,extra
typography,extra
typop,extra
typos,extra
typos-lsp,extra
typst,extra
typstyle,extra
tyq,extra
tysend,extra
tz2alt,extra
tzselect,core
u2c,extra
u2f-server,extra
uaf2john,extra
uagen,extra
uasm,extra
uasm-nocolor,extra
ubiattach,extra
ubiblock,extra
ubicrc32,extra
ubidetach,extra
ubiformat,extra
ubihealthd,extra
ubimkvol,extra
ubinfo,extra
ubinize,extra
ubirename,extra
ubirmvol,extra
ubirsvol,extra
ubiscan,extra
ubiupdatevol,extra
ubuntu-cloudimg-query,extra
ubuntu-distro-info,extra
ubxtool,extra
ucarp,extra
ucat,extra
ucblogo,extra
ucc_info,extra
uchardet,extra
uclampset,core
ucmatose,extra
uconv,core
ucs2any,extra
ucsim_51,extra
ucsim_f8,extra
ucsim_i8051,extra
ucsim_m6800,extra
ucsim_m68hc08,extra
ucsim_mos6502,extra
ucsim_pdk,extra
ucsim_rxk,extra
ucsim_stm8,extra
ucsim_tlcs,extra
ucsim_xa,extra
ucsim_z80,extra
ucx_info,extra
ucx_perftest,extra
ucx_perftest_daemon,extra
ucx_read_profile,extra
udaddy,extra
udev-hid-bpf,extra
udevadm,core
udevmon,extra
udfinfo,extra
udflabel,extra
udiskie,extra
udiskie-info,extra
udiskie-mount,extra
udiskie-umount,extra
udisksctl,extra
udp2raw,extra
udp2udp,extra
udp514-journal,extra
udpong,extra
udpxrec,extra
udpxy,extra
ueberzug,extra
ueberzugpp,extra
uefi-boot-menu,extra
ufmt,extra
ufw,extra
ug,extra
ug+,extra
uget-gtk,extra
uget-gtk-1to2,extra
uglifyjs,extra
ugrep,extra
ugrep+,extra
ugrep-indexer,extra
uhd_adc_self_cal,extra
uhd_cal_rx_iq_balance,extra
uhd_cal_tx_dc_offset,extra
uhd_cal_tx_iq_balance,extra
uhd_config_info,extra
uhd_fft,extra
uhd_find_devices,extra
uhd_image_loader,extra
uhd_images_downloader,extra
uhd_rx_cfile,extra
uhd_rx_nogui,extra
uhd_siggen,extra
uhd_siggen_gui,extra
uhd_usrp_probe,extra
uic,extra
uic-qt5,extra
uil,extra
uinput,extra
uki-addons,extra
ukify,core
ul,core
ulid,extra
ulockmgr_server,extra
ulogd,extra
ulqda,extra
ultrabayd,core
ultrahdr_app,extra
umax_pp,extra
umbrello6,extra
umoci,extra
umockdev-record,extra
umockdev-run,extra
umockdev-wrapper,extra
umount,core
umount.crypt,extra
umount.crypt_LUKS,extra
umount.crypto_LUKS,extra
umount.davfs,extra
umount.ecryptfs,extra
umount.ecryptfs_private,extra
umount.nfs,core
umount.nfs4,core
umount.nilfs2,core
umount.udisks2,extra
umountavfs,extra
umu-run,multilib
umurmurd,extra
unace,extra
unafs,extra
uname,core
uname26,core
unar,extra
unarj,extra
unattr,extra
unbound,extra
unbound-anchor,extra
unbound-checkconf,extra
unbound-control,extra
unbound-control-setup,extra
unbound-host,extra
unbuffer,extra
unclutter,extra
uncompface,extra
uncompress,core
uncompress.real,extra
uncpk,extra
uncrustify,extra
uncrustify-kf5,extra
underlyingg,extra
undill,extra
undrop,extra
unearth,extra
unexpand,core
unflatten,extra
unhide,extra
unhide-linux,extra
unhide-posix,extra
unhide-tcp,extra
unhide_rb,extra
uni,extra
unicharset_extractor,extra
unicode-query,extra
unicode_start,core
unicode_stop,core
uniconfd,extra
unidasm,extra
unidecode,extra
unifdef,extra
unifdefall,extra
unihelper,extra
union-ruleinspector,extra
uniq,core
uniqg,extra
unique,extra
unison,extra
unison-fsmonitor,extra
unison-gui,extra
unit.pt,extra
unitconv,extra
unitdiff,extra
unitdiff.rsj,extra
unix2dos,extra
unix2mac,extra
unix_chkpwd,core
unixcmd,extra
unlambda,extra
unlink,core
unlz4,core
unlzf,extra
unlzma,core
unmunch,extra
unmunge,extra
unmute-ozonic,extra
unopkg,extra
unp,extra
unpack200,extra
unpack_bootimg,extra
unpaper,extra
unpigz,extra
unprocessed_raw,extra
unrar,extra
unrar-free,extra
unrealircd,extra
unrealircd-upgrade-script,extra
unrealircdctl,extra
unrtf,extra
unrule,extra
unshadow,extra
unshar,extra
unshare,core
unshield,extra
unsquashfs,extra
unstr,extra
unterm,extra
untoast,extra
unwrapdiff,extra
unxrandr,extra
unxz,core
unzck,extra
unzip,extra
unzip-mem,extra
unzipsfx,extra
unzstd,core
unzzip,extra
unzzip-big,extra
unzzip-mem,extra
unzzip-mix,extra
up,extra
upbibtex,extra
update-alternatives,extra
update-ca-trust,core
update-desktop-database,extra
update-distcc-symlinks,extra
update-efi-nvram-boot-entry,extra
update-leap,extra
update-menus,extra
update-mime-database,extra
update-patterndb,extra
update-pciids,core
update-smart-drivedb,extra
update-tld-names,extra
update_compids.sh,extra
update_synapse_database,extra
updatectl,core
updatedb,extra
updateinfoxml2solv,extra
updlockfiles,extra
updmap,extra
updmap-sys,extra
updmap-user,extra
updpkgsums,extra
updvitomp,extra
updvitype,extra
uplatex,extra
uplatex-dev,extra
upload-symbols,extra
upload-system-info,extra
upmendex,extra
upmpdcli,extra
upmpost,extra
upnp-listdevices,extra
upnpc,extra
upower,extra
uppltotf,extra
uprecords,extra
upsc,extra
upscmd,extra
upsd,extra
upsdrvctl,extra
upsdrvsvcctl,extra
upslog,extra
upsmon,extra
upsrw,extra
upssched,extra
upssched-cmd,extra
upterm,extra
uptermd,extra
uptex,extra
uptftopl,extra
uptime,core
uptimed,extra
upx,extra
uqm,extra
urclock,extra
urh,extra
urh_cli,extra
uriparse,extra
url-normalize,extra
urlbst,extra
urlscan,extra
urlsnarf,extra
urlwatch,extra
urxvt,extra
urxvtc,extra
urxvtd,extra
us428control,extra
usage,extra
usage.sh,extra
usb-devices,core
usb_modeswitch,extra
usb_modeswitch_dispatcher,extra
usbctl,extra
usbguard,extra
usbguard-daemon,extra
usbguard-dbus,extra
usbguard-rule-parser,extra
usbhid-dump,core
usbip,extra
usbipd,extra
usbmuxd,extra
usbredirect,extra
usbreset,core
usbview,extra
usdBakeMaterialX,extra
usdGenSchema,extra
usdInitSchema,extra
usdcat,extra
usdchecker,extra
usdcompress,extra
usddiff,extra
usddumpcrate,extra
usdedit,extra
usdfixbrokenpixarschemas,extra
usdgenschemafromsdr,extra
usdmeasureperformance,extra
usdrecord,extra
usdresolve,extra
usdstitch,extra
usdstitchclips,extra
usdtree,extra
usdupdatecrate,extra
usdview,extra
usdzip,extra
useradd,core
userdbctl,core
userdel,core
usermod,core
userpath,extra
users,core
usleep,extra
usnjls,extra
usort,extra
usrp2_card_burner,extra
usrpctl,extra
usvg,extra
usx2yloader,extra
utf8-troubleshoot,extra
utf8mex,extra
utf8trans,extra
utmpdump,core
utox,extra
uu-[,extra
uu-arch,extra
uu-b2sum,extra
uu-base32,extra
uu-base64,extra
uu-basename,extra
uu-basenc,extra
uu-cat,extra
uu-chgrp,extra
uu-chmod,extra
uu-chown,extra
uu-chroot,extra
uu-cksum,extra
uu-comm,extra
uu-coreutils,extra
uu-cp,extra
uu-csplit,extra
uu-cut,extra
uu-date,extra
uu-dd,extra
uu-df,extra
uu-dir,extra
uu-dircolors,extra
uu-dirname,extra
uu-du,extra
uu-echo,extra
uu-env,extra
uu-expand,extra
uu-expr,extra
uu-factor,extra
uu-false,extra
uu-fmt,extra
uu-fold,extra
uu-groups,extra
uu-head,extra
uu-hostid,extra
uu-hostname,extra
uu-id,extra
uu-install,extra
uu-join,extra
uu-kill,extra
uu-link,extra
uu-ln,extra
uu-logname,extra
uu-ls,extra
uu-md5sum,extra
uu-mkdir,extra
uu-mkfifo,extra
uu-mknod,extra
uu-mktemp,extra
uu-more,extra
uu-mv,extra
uu-nice,extra
uu-nl,extra
uu-nohup,extra
uu-nproc,extra
uu-numfmt,extra
uu-od,extra
uu-paste,extra
uu-pathchk,extra
uu-pinky,extra
uu-pr,extra
uu-printenv,extra
uu-printf,extra
uu-ptx,extra
uu-pwd,extra
uu-readlink,extra
uu-realpath,extra
uu-rm,extra
uu-rmdir,extra
uu-seq,extra
uu-sha1sum,extra
uu-sha224sum,extra
uu-sha256sum,extra
uu-sha384sum,extra
uu-sha512sum,extra
uu-shred,extra
uu-shuf,extra
uu-sleep,extra
uu-sort,extra
uu-split,extra
uu-stat,extra
uu-stdbuf,extra
uu-stty,extra
uu-sum,extra
uu-sync,extra
uu-tac,extra
uu-tail,extra
uu-tee,extra
uu-test,extra
uu-timeout,extra
uu-touch,extra
uu-tr,extra
uu-true,extra
uu-truncate,extra
uu-tsort,extra
uu-tty,extra
uu-uname,extra
uu-unexpand,extra
uu-uniq,extra
uu-unlink,extra
uu-uptime,extra
uu-users,extra
uu-vdir,extra
uu-wc,extra
uu-who,extra
uu-whoami,extra
uu-yes,extra
uuchk,extra
uucico,extra
uuclient,core
uuconv,extra
uucp,extra
uuctl,extra
uudecode,extra
uudeview,extra
uuencode,extra
uuenview,extra
uufilter,extra
uuidd,core
uuidgen,core
uuidparse,core
uulog,extra
uuname,extra
uupick,extra
uusched,extra
uuserver,core
uusi,extra
uusi-extract,extra
uustat,extra
uuto,extra
uux,extra
uuxqt,extra
uv,extra
uv-build,extra
uv-dynamic-versioning,extra
uvicorn,extra
uvx,extra
uwsc,extra
uwsgi,extra
uwsgitop,extra
uwsm,extra
uwsm-app,extra
uwsm-terminal,extra
uwsm-terminal-scope,extra
uwsm-terminal-service,extra
uwufetch,extra
uxterm,extra
uz,extra
v16-upgrade-primitives,extra
v2ray,extra
v2ray-plugin,extra
v4l2-compliance,extra
v4l2-ctl,extra
v4l2-dbg,extra
v4l2-sysfs-path,extra
v4l2-tracer,extra
v4l2loopback-ctl,extra
vacopy,extra
vacuumdb,extra
vacuumlo,extra
vainfo,extra
vala,extra
vala-0.56,extra
vala-gen-introspect,extra
vala-gen-introspect-0.56,extra
valabind,extra
valabind-cc,extra
valac,extra
valac-0.56,extra
valadoc,extra
valadoc-0.56,extra
vale,extra
valgrind,extra
valgrind-di-server,extra
valgrind-listener,extra
vali,extra
validate-borgmatic-config,extra
validate-krew-manifest,extra
validate-pyproject,extra
valkey-benchmark,extra
valkey-check-aof,extra
valkey-check-rdb,extra
valkey-cli,extra
valkey-sentinel,extra
valkey-server,extra
vals,extra
valspeak,extra
valuta,extra
vamp-plugin-load-checker,extra
vamp-rdf-template-generator,extra
vamp-simple-host,extra
vamps,extra
vandelay,extra
vao_demo,extra
vao_demo32,multilib
vapigen,extra
vapigen-0.56,extra
vapoursynth,extra
variety,extra
varlink,extra
varlinkctl,core
varnetload,extra
vault,extra
vaultwarden,extra
vavpp,extra
vba_extract.py,extra
vbc,extra
vbetool,extra
vbindiff,extra
vbltest,extra
vbo-drawarrays,extra
vbo-drawarrays-2101010,extra
vbo-drawarrays-210101032,multilib
vbo-drawarrays32,multilib
vbo-drawelements,extra
vbo-drawelements32,multilib
vbo-drawrange,extra
vbo-drawrange32,multilib
vbo-noninterleaved,extra
vbo-noninterleaved32,multilib
vbo-tri,extra
vbo-tri32,multilib
vbox-img,extra
vboxautostart,extra
vboxballoonctrl,extra
vboxbugreport,extra
vboxheadless,extra
vboximg-mount,extra
vboxmanage,extra
vboxreload,extra
vboxsdl,extra
vboxwebsrv,extra
vcd-info,extra
vcd2fst,extra
vcd2lxt,extra
vcd2lxt2,extra
vcd2vzt,extra
vcdimager,extra
vcdxbuild,extra
vcdxgen,extra
vcdxminfo,extra
vcdxrip,extra
vcolg,extra
vcpkg,extra
vcs-run,extra
vcs-versioning,extra
vcsh,extra
vcsi,extra
vcspull,extra
vcut,extra
vd,extra
vd2to3.vdx,extra
vdb_print,extra
vde_autolink,extra
vde_cryptcab,extra
vde_over_ns,extra
vde_pcapplug,extra
vde_plug,extra
vde_plug2tap,extra
vde_router,extra
vde_switch,extra
vdecmd,extra
vdeterm,extra
vdi2john,extra
vdir,core
vdirsyncer,extra
vdpa,core
vdpauinfo,extra
vector,extra
vedit,extra
veeamvbk2hashcat.py,extra
vegeta,extra
veglinfo,extra
velero,extra
vendstat,extra
veracrypt,extra
veracrypt2hashcat.py,extra
vercmp,core
verdandi,extra
verify-uselistorder,extra
verify-uselistorder-18,extra
verify-uselistorder-19,extra
verify-uselistorder-20,extra
verify-uselistorder-21,extra
verilator,extra
verilator_bin,extra
verilator_bin_dbg,extra
verilator_coverage,extra
verilator_coverage_bin_dbg,extra
verilator_gantt,extra
verilator_profcfunc,extra
veritysetup,core
versioneer,extra
versioningit,extra
versuck-ng,extra
vert-or-frag-only,extra
vert-or-frag-only32,multilib
vert-tex,extra
vert-tex32,multilib
vfat-resize,extra
vfnmz,extra
vfsstat,extra
vfte,extra
vftovp,extra
vgcfgbackup,core
vgcfgrestore,core
vgchange,core
vgck,core
vgconvert,core
vgcreate,core
vgdb,extra
vgdisplay,core
vgexport,core
vgextend,core
vgimport,core
vgimportclone,core
vgimportdevices,core
vglclient,extra
vglconfig,extra
vglconnect,extra
vglgenkey,extra
vgllogin,extra
vglrun,extra
vglserver_config,extra
vglxinfo,extra
vgmerge,core
vgmknodes,core
vgreduce,core
vgremove,core
vgrename,core
vgs,core
vgscan,core
vgsplit,core
vhs,extra
vi,extra
video-downloader,extra
video-trimmer,extra
vidir,extra
vieet,extra
view,extra
viewer.ini,extra
viewgam,extra
viewgar,extra
viewnior,extra
viewsvg,extra
vifm,extra
vifm-convert-dircolors,extra
vifm-pause,extra
vifm-screen-split,extra
vig_optimize,extra
vigr,core
vigra-config,extra
viking,extra
vim,extra
vimb,extra
vimcat,extra
vimdiff,extra
vimdot,extra
vimiv,extra
vimpager,extra
vimrunner,extra
vimtutor,extra
vint,extra
vinyladm,extra
vinyld,extra
vinylhist,extra
vinyllog,extra
vinylncsa,extra
vinylreload,extra
vinylstat,extra
vinylstat_help_gen,extra
vinyltest,extra
vinyltop,extra
vipe,extra
vips,extra
vipsedit,extra
vipsheader,extra
vipsthumbnail,extra
vipw,core
virgl_test_server,extra
virsh,extra
virt-admin,extra
virt-alignment-scan,extra
virt-builder,extra
virt-builder-repository,extra
virt-cat,extra
virt-clone,extra
virt-cloud-boot,extra
virt-cloud-fetch,extra
virt-copy-in,extra
virt-copy-out,extra
virt-customize,extra
virt-df,extra
virt-diff,extra
virt-drivers,extra
virt-edit,extra
virt-filesystems,extra
virt-format,extra
virt-fw-dump,extra
virt-fw-measure,extra
virt-fw-sigdb,extra
virt-fw-vars,extra
virt-get-kernel,extra
virt-host-validate,extra
virt-index-validate,extra
virt-inspector,extra
virt-install,extra
virt-kvm-caps,extra
virt-log,extra
virt-login-shell,extra
virt-ls,extra
virt-make-fs,extra
virt-manager,extra
virt-pki-query-dn,extra
virt-pki-validate,extra
virt-qemu-qmp-proxy,extra
virt-qemu-run,extra
virt-qemu-sev-validate,extra
virt-rescue,extra
virt-resize,extra
virt-sparsify,extra
virt-ssh-helper,extra
virt-sysprep,extra
virt-tail,extra
virt-tar-in,extra
virt-tar-out,extra
virt-viewer,extra
virt-what,extra
virt-what-cpuid-helper,extra
virt-what-cvm,extra
virt-win-reg,extra
virt-xml,extra
virt-xml-validate,extra
virtchd,extra
virtinterfaced,extra
virtiotest,extra
virtlockd,extra
virtlogd,extra
virtlxcd,extra
virtme-configkernel,extra
virtme-mkinitramfs,extra
virtme-ng,extra
virtme-prep-kdir-mods,extra
virtme-run,extra
virtme-ssh-proxy,extra
virtnetworkd,extra
virtnodedevd,extra
virtnwfilterd,extra
virtproxyd,extra
virtqemud,extra
virtsecretd,extra
virtstoraged,extra
virtualbox,extra
virtualbox2hashcat.py,extra
virtualboxvm,extra
virtualenv,extra
virtualenv-clone,extra
virtualenv3,extra
virtvboxd,extra
vis,extra
vis-clipboard,extra
vis-complete,extra
vis-digraph,extra
vis-menu,extra
vis-open,extra
visgrep,extra
visidata,extra
visitors,extra
visualinfo,extra
visualvm,extra
visudo,core
visudo-rs,extra
vit,extra
viterbi,extra
viu,extra
vivaldi,extra
vivaldi-stable,extra
vivid,extra
vkcheck,extra
vkconfig,extra
vkconfig-gui,extra
vkcube,extra
vkcubepp,extra
vkd3d-compiler,extra
vkd3d-dxbc,extra
vkgears,extra
vkgears32,multilib
vklTestsCPU,extra
vkmark,extra
vkquake,extra
vl-convert,extra
vlc,extra
vlc-wrapper,extra
vllmbench2pcp,extra
vlna,extra
vlock,core
vm-support,extra
vmaf,extra
vmcore-dmesg,extra
vmexec,extra
vmhgfs-fuse,extra
vmmouse_detect,extra
vmpk,extra
vmstat,core
vmtoolsd,extra
vmware-alias-import,extra
vmware-checkvm,extra
vmware-hgfsclient,extra
vmware-namespace-cmd,extra
vmware-rabbitmq,extra
vmware-rpctool,extra
vmware-toolbox-cmd,extra
vmware-user,extra
vmware-user-suid-wrapper,extra
vmware-vgauth-cmd,extra
vmware-vgauth-smoketest,extra
vmware-vmblock-fuse,extra
vmware-xdg-detect-de,extra
vmware-xferlogs,extra
vmwarevmx2hashcat.py,extra
vmwgfxctrl,extra
vmx2john,extra
vncconfig,extra
vncdo,extra
vncdo-replay,extra
vncdotool,extra
vnclog,extra
vncpasswd,extra
vncpcap2john,extra
vncserver,extra
vncsession,extra
vncsession-start,extra
vncviewer,extra
vng,extra
vng-mcp,extra
vnstat,extra
vnstatd,extra
vnstati,extra
voa,extra
vobStreamer,extra
voikkogc,extra
voikkohyphenate,extra
voikkospell,extra
voikkovfstc,extra
voila,extra
vokoscreenNG,extra
vol,extra
volint,extra
volk-config-info,extra
volk_modtool,extra
volk_profile,extra
volshell,extra
volume_key,extra
volumeicon,extra
vorbiscomment,extra
vorpalite,extra
vorpaview,extra
vorta,extra
vortix,extra
vosk-transcriber,extra
votour,extra
vp-array,extra
vp-array-hf,extra
vp-array-hf32,multilib
vp-array-int,extra
vp-array-int32,multilib
vp-array32,multilib
vp-clip,extra
vp-clip32,multilib
vp-line-clip,extra
vp-line-clip32,multilib
vp-tri,extra
vp-tri-cb,extra
vp-tri-cb-pos,extra
vp-tri-cb-pos32,multilib
vp-tri-cb-tex,extra
vp-tri-cb-tex32,multilib
vp-tri-cb32,multilib
vp-tri-imm,extra
vp-tri-imm32,multilib
vp-tri-invariant,extra
vp-tri-invariant32,multilib
vp-tri-swap,extra
vp-tri-swap32,multilib
vp-tri-tex,extra
vp-tri-tex32,multilib
vp-tri32,multilib
vp-unfilled,extra
vp-unfilled32,multilib
vp8enc,extra
vp9enc,extra
vpddecode,extra
vpe,extra
vpl-import-export,extra
vpl-inspect,extra
vpl-metrics_monitor,extra
vpl-sample_decode,extra
vpl-sample_encode,extra
vpl-sample_multi_transcode,extra
vpl-sample_vpp,extra
vpl-system_analyzer,extra
vpl-val-surface-sharing,extra
vpl2mod,extra
vpl2ovp,extra
vpl2vpl,extra
vpnc,extra
vpnc-disconnect,extra
vpp3dlut,extra
vppblending,extra
vppchromasitting,extra
vppdenoise,extra
vpphdr_tm,extra
vppscaling_csc,extra
vppscaling_n_out_usrptr,extra
vppsharpness,extra
vpr,extra
vptovf,extra
vpxdec,extra
vpxenc,extra
vram,extra
vs,extra
vs2osisref,extra
vs2osisreftxt,extra
vscode-css-language-server,extra
vscode-css-languageserver,extra
vscode-eslint-language-server,extra
vscode-html-language-server,extra
vscode-html-languageserver,extra
vscode-json-language-server,extra
vscode-json-languageserver,extra
vsd2raw,extra
vsd2text,extra
vsd2xhtml,extra
vsftpd,extra
vsid,extra
vspipe,extra
vsraytrace,extra
vsraytrace32,multilib
vss2raw,extra
vss2text,extra
vss2xhtml,extra
vstp,extra
vsyasm,extra
vtable-dumper,extra
vte-2.91,extra
vte-2.91-gtk4,extra
vtep-ctl,extra
vterm-ctrl,extra
vterm-dump,extra
vtest,extra
vtkParseJava,extra
vtkProbeOpenGLVersion,extra
vtkProcessXML,extra
vtkWrapClientServer,extra
vtkWrapHierarchy,extra
vtkWrapJava,extra
vtkWrapJavaScript,extra
vtkWrapPython,extra
vtkWrapPythonInit,extra
vtkWrapSerDes,extra
vtkpython,extra
vty-unix-build-width-table,extra
vue-language-server,extra
vulkaninfo,extra
vultr-cli,extra
vulture,extra
vvave,extra
vvp,extra
vxloader,extra
vym,extra
vzt2vcd,extra
vztminer,extra
w,core
w0vncserver,extra
w0vncserver-forget,extra
w3m,extra
w3mman,extra
waf,extra
wagon,extra
wagon_test,extra
wai-app-static,extra
waifu2x-ncnn-vulkan,extra
wait-tray,extra
wait41,extra
waitpid,core
waitress-serve,extra
wakeonlan,extra
wakeuptime,extra
walk,extra
wall,core
wally-cli,extra
wamp,extra
warehouse,extra
warez,extra
warnquota,extra
warp,extra
warpinator,extra
warpinator-send,extra
warsow,extra
warzone2100,extra
warzone2100.debug,extra
warzone2100.debug.gdb-index-vILTk2,extra
wash,extra
wasm-as,extra
wasm-bindgen,extra
wasm-bindgen-test-runner,extra
wasm-component-ld,extra
wasm-ctor-eval,extra
wasm-decompile,extra
wasm-dis,extra
wasm-emscripten-finalize,extra
wasm-fuzz-lattices,extra
wasm-fuzz-types,extra
wasm-interp,extra
wasm-ld,extra
wasm-merge,extra
wasm-metadce,extra
wasm-objdump,extra
wasm-opt,extra
wasm-pack,extra
wasm-reduce,extra
wasm-shell,extra
wasm-split,extra
wasm-stats,extra
wasm-strip,extra
wasm-tools,extra
wasm-validate,extra
wasm2c,extra
wasm2es6js,extra
wasm2js,extra
wasm2wat,extra
wasmdeployqt6,extra
wasmer,extra
wasmtime,extra
wast2json,extra
wat-desugar,extra
wat2wasm,extra
watch,core
watchbind,extra
watchexec,extra
watchfiles,extra
watchgnupg,core
watchmedo,extra
watercluster2,extra
wav2gig,extra
wavcmp,extra
wavedrompy,extra
wavegain,extra
wavemon,extra
wavpack,extra
waybar,extra
waycheck,extra
waydroid,extra
wayfire,extra
wayfire-plugin,extra
wayinfo,extra
wayland-info,extra
wayland-logout,extra
wayland-scanner,extra
wayland-scanner++,extra
waylock,extra
waypipe,extra
wayvnc,extra
wayvncctl,extra
wbcopytables,extra
wbcopytables-bin,extra
wbinfo,extra
wbmptopbm,extra
wc,core
wcap-decode,extra
wcgrep,extra
wcm,extra
wcslint,extra
wcsware,extra
wcurl,core
wdctl,core
wdf,extra
wdf-cat,extra
wdf-dump,extra
wdiff,extra
wdisplays,extra
wdread,extra
wdwrite,extra
weasyprint,extra
weather,extra
weave,extra
web2disk,extra
web2py2po,extra
webapp-manager,extra
webcheckout,extra
webfontkitgenerator,extra
webhook,extra
webhttrack,extra
webidl2pas,extra
webmitm,extra
webpinfo,extra
webpmux,extra
webpng,extra
webquiz,extra
websocat,extra
websockets,extra
webspy,extra
weechat,extra
weechat-curses,extra
weechat-headless,extra
weed,extra
wesnoth,extra
wesnothd,extra
wesside-ng,extra
westcos-tool,extra
weston,extra
weston-calibrator,extra
weston-clickdot,extra
weston-cliptest,extra
weston-color,extra
weston-constraints,extra
weston-content_protection,extra
weston-debug,extra
weston-dnd,extra
weston-editor,extra
weston-eventdemo,extra
weston-flower,extra
weston-fullscreen,extra
weston-image,extra
weston-multi-resource,extra
weston-presentation-shm,extra
weston-resizor,extra
weston-scaler,extra
weston-screenshooter,extra
weston-simple-damage,extra
weston-simple-dmabuf-egl,extra
weston-simple-dmabuf-feedback,extra
weston-simple-dmabuf-v4l,extra
weston-simple-dmabuf-vulkan,extra
weston-simple-egl,extra
weston-simple-shm,extra
weston-simple-timing,extra
weston-simple-touch,extra
weston-simple-vulkan,extra
weston-smoke,extra
weston-stacking,extra
weston-subsurfaces,extra
weston-tablet,extra
weston-terminal,extra
weston-touch-calibrator,extra
weston-transformed,extra
wev,extra
wezterm,extra
wezterm-gui,extra
wezterm-mux-server,extra
wf-background,extra
wf-dock,extra
wf-locker,extra
wf-locker-pin,extra
wf-panel,extra
wf-recorder,extra
wf-stream-chooser,extra
wfst_build,extra
wfst_run,extra
wfst_train,extra
wfuse,extra
wg,extra
wg-quick,extra
wgcf,extra
wgdb,extra
wget,extra
wgetpaste,extra
whatis,core;extra
wheel,extra
wheezy.template,extra
when,extra
whereis,core
which,core
whipper,extra
whiptail,extra
whirlpool-hash,extra
whisper,extra
whisper-bench,extra
whisper-cli,extra
whisper-quantize,extra
whisper-server,extra
whisper-vad-speech-segments,extra
who,core
whoami,core
whois,extra
whoismac,extra
whowatch,extra
widelands,extra
widl,extra
wifi,extra
wifi-menu,extra
wifite,extra
wiiuseexample,extra
wike,extra
wiki-search,extra
wiki-search-html,extra
wikicurses,extra
wikiman,extra
wild,extra
wildcard,extra
wildmidi,extra
wimappend,extra
wimapply,extra
wimcapture,extra
wimdelete,extra
wimdir,extra
wimexport,extra
wimextract,extra
wiminfo,extra
wimjoin,extra
wimlib-imagex,extra
wimmount,extra
wimmountrw,extra
wimoptimize,extra
wimsplit,extra
wimunmount,extra
wimupdate,extra
wimverify,extra
winbindd,extra
wincopy,extra
wincopy32,multilib
wine,extra
wineboot,extra
winebuild,extra
winecfg,extra
wineconsole,extra
winecpp,extra
winedbg,extra
winedump,extra
winefile,extra
wineg++,extra
winegcc,extra
winemaker,extra
winemine,extra
winepath,extra
wineserver,extra
winetricks,extra
winicontopam,extra
winicontoppm,extra
winpos,extra
winpos32,multilib
winpr-hash3,extra
winpr-makecert3,extra
wipe,extra
wipefs,core
wiper.sh,core
wirefilter,extra
wireguard-vanity-address,extra
wireman,extra
wiremix,extra
wireplumber,extra
wireproxy,extra
wires,extra
wireshark,extra
wiresmith,extra
wish,extra
wish8.6,extra
wishbone-tool,extra
wishlist,extra
wit,extra
wit-bindgen,extra
withsctp,extra
wixl,extra
wixl-heat,extra
wkd-exporter,extra
wkdemenu.pl,extra
wkg,extra
wks2csv,extra
wks2raw,extra
wks2text,extra
wl-clip-persist,extra
wl-copy,extra
wl-mirror,extra
wl-paste,extra
wl-present,extra
wl_create_spritesheet,extra
wl_map_info,extra
wl_map_object_info,extra
wlancap2wpasec,extra
wlangenpmk,extra
wlangenpmkocl,extra
wlfreerdp3,extra
wlmscpfs,extra
wlopm,extra
wlr-randr,extra
wlr-sunclock,extra
wlsunset,extra
wm-oldmenu2new,extra
wmagnify,extra
wmaker,extra
wmaker.inst,extra
wmc,extra
wmctrl,extra
wmenu,extra
wmenu-run,extra
wmf2eps,extra
wmf2fig,extra
wmf2gd,extra
wmf2svg,extra
wmf2x,extra
wmfocus,extra
wmgenmenu,extra
wmiexec.py,extra
wmipersist.py,extra
wmiquery.py,extra
wmiv,extra
wmmenugen,extra
wmname,extra
wmsetbg,extra
wnck-urgency-monitor,extra
wnckprop,extra
wob,extra
wodim,extra
woff,extra
woff2_compress,extra
woff2_decompress,extra
woff2_info,extra
wofi,extra
wofm2opl,extra
wol,extra
wol-bootptab,extra
wol-dhcpdconf,extra
wolf-shaper,extra
wolf-spectrum,extra
woob,extra
woodpecker,extra
woodpecker-agent,extra
woodpecker-server,extra
wopl2ofm,extra
word-list-compress,extra
wordbib2xml,extra
wordcount,extra
wordforms,extra
wordlist2dawg,extra
wordlist2hunspell,extra
wordview,extra
worker-build,extra
workerd,extra
workload,extra
workmanir,extra
workrave,extra
worm,extra
wormhole,extra
wovf2ovp,extra
wovp2ovf,extra
wp,extra
wpa_cli,core
wpa_passphrase,core
wpa_supplicant,core
wpaclean,extra
wpapcap2john,extra
wpaperctl,extra
wpaperd,extra
wpctl,extra
wpd2html,extra
wpd2raw,extra
wpd2text,extra
wpexec,extra
wpg2raw,extra
wpg2svg,extra
wpg2svgbatch.pl,extra
wpmeta,extra
wps2html,extra
wps2raw,extra
wps2text,extra
wpscan,extra
wrangler,extra
wrangler2,extra
wrap,extra
wrc,extra
wrestool,extra
write,core
write-mime-multipart,extra
writelog,extra
writenodegraphs,extra
writer2latex,extra
wrjpgcom,extra
wrmsr,extra
wrudf,extra
wsd,extra
wsdd,extra
wsdl,extra
wsdl2,extra
wsdl2h,extra
wsdump,extra
wserv4,extra
wsgen,extra
wsgidav,extra
wsimport,extra
wslay_echoserv,extra
wslay_fork-echoserv,extra
wslay_testclient,extra
wspsearch,extra
wsrep_sst_backup,extra
wsrep_sst_common,extra
wsrep_sst_mariabackup,extra
wsrep_sst_mysqldump,extra
wsrep_sst_rsync,extra
wsrep_sst_rsync_wan,extra
wsw-server,extra
wswtv-server,extra
wt,extra
wtype,extra
wump,extra
wvAbw,extra
wvCleanLatex,extra
wvConvert,extra
wvDVI,extra
wvDocBook,extra
wvHtml,extra
wvLatex,extra
wvMime,extra
wvPDF,extra
wvPS,extra
wvRTF,extra
wvSummary,extra
wvText,extra
wvVersion,extra
wvWare,extra
wvWml,extra
wvdial,extra
wvdialconf,extra
wvgain,extra
wvtag,extra
wvtestrun,extra
wvunpack,extra
wwan,extra
wwt,extra
wx-config,extra
wx-config-base,extra
wx-config-qt,extra
wx2_conv,extra
wxcas,extra
wxcopy,extra
wxdemo,extra
wxdocs,extra
wxget,extra
wxl2po,extra
wxpaste,extra
wxrc,extra
wxrc-3.2,extra
x,extra
x-terminal-emulator,extra
x-wr-timezone,extra
x0vncserver,extra
x11amp.pl,extra
x11perf,extra
x11perfcomp,extra
x11vnc,extra
x128,extra
x264,extra
x265,extra
x42-darc,extra
x42-dpl,extra
x42-fat1,extra
x42-fil4,extra
x42-matrixmixer8x8,extra
x42-meter,extra
x42-mixtri,extra
x42-phaserotate,extra
x42-scope,extra
x42-spectr,extra
x42-stepseq,extra
x42-tuna,extra
x42-whirl,extra
x64,extra
x64dtv,extra
x64sc,extra
x86_64,core
x86_64-linux-gnu-c++,core
x86_64-linux-gnu-c++-15,extra
x86_64-linux-gnu-g++,core
x86_64-linux-gnu-g++-15,extra
x86_64-linux-gnu-gcc,core
x86_64-linux-gnu-gcc-15,extra
x86_64-linux-gnu-gcc-ar,core
x86_64-linux-gnu-gcc-ar-15,extra
x86_64-linux-gnu-gcc-nm,core
x86_64-linux-gnu-gcc-nm-15,extra
x86_64-linux-gnu-gcc-ranlib,core
x86_64-linux-gnu-gcc-ranlib-15,extra
x86_64-linux-musl-gcc,extra
x86_64-pc-linux-gnu-c++,core
x86_64-pc-linux-gnu-c++-15,extra
x86_64-pc-linux-gnu-g++,core
x86_64-pc-linux-gnu-g++-15,extra
x86_64-pc-linux-gnu-gcc,core
x86_64-pc-linux-gnu-gcc-15,extra
x86_64-pc-linux-gnu-gcc-15.3.0,extra
x86_64-pc-linux-gnu-gcc-16,core
x86_64-pc-linux-gnu-gcc-ar,core
x86_64-pc-linux-gnu-gcc-ar-15,extra
x86_64-pc-linux-gnu-gcc-nm,core
x86_64-pc-linux-gnu-gcc-nm-15,extra
x86_64-pc-linux-gnu-gcc-ranlib,core
x86_64-pc-linux-gnu-gcc-ranlib-15,extra
x86_64-pc-linux-gnu-gccgo,core
x86_64-pc-linux-gnu-gccrs,core
x86_64-pc-linux-gnu-gcobc,core
x86_64-pc-linux-gnu-gcobol,core
x86_64-pc-linux-gnu-gdc,core
x86_64-pc-linux-gnu-gfortran,core
x86_64-pc-linux-gnu-gfortran-15,extra
x86_64-pc-linux-gnu-gm2,core
x86_64-pc-linux-gnu-ocamlrun-a100,extra
x86_64-pc-linux-gnu-ocamlrund-a100,extra
x86_64-pc-linux-gnu-ocamlruni-a100,extra
x86_64-pc-linux-gnu-pkg-config,core
x86_64-w64-mingw32-addr2line,extra
x86_64-w64-mingw32-ar,extra
x86_64-w64-mingw32-as,extra
x86_64-w64-mingw32-c++,extra
x86_64-w64-mingw32-c++filt,extra
x86_64-w64-mingw32-cc,extra
x86_64-w64-mingw32-cpp,extra
x86_64-w64-mingw32-dlltool,extra
x86_64-w64-mingw32-dllwrap,extra
x86_64-w64-mingw32-elfedit,extra
x86_64-w64-mingw32-g++,extra
x86_64-w64-mingw32-gcc,extra
x86_64-w64-mingw32-gcc-16.2.0,extra
x86_64-w64-mingw32-gcc-ar,extra
x86_64-w64-mingw32-gcc-nm,extra
x86_64-w64-mingw32-gcc-ranlib,extra
x86_64-w64-mingw32-gcov,extra
x86_64-w64-mingw32-gcov-dump,extra
x86_64-w64-mingw32-gcov-tool,extra
x86_64-w64-mingw32-gfortran,extra
x86_64-w64-mingw32-gnat,extra
x86_64-w64-mingw32-gnatbind,extra
x86_64-w64-mingw32-gnatchop,extra
x86_64-w64-mingw32-gnatclean,extra
x86_64-w64-mingw32-gnatkr,extra
x86_64-w64-mingw32-gnatlink,extra
x86_64-w64-mingw32-gnatls,extra
x86_64-w64-mingw32-gnatmake,extra
x86_64-w64-mingw32-gnatname,extra
x86_64-w64-mingw32-gnatprep,extra
x86_64-w64-mingw32-gprof,extra
x86_64-w64-mingw32-ld,extra
x86_64-w64-mingw32-ld.bfd,extra
x86_64-w64-mingw32-lto-dump,extra
x86_64-w64-mingw32-nm,extra
x86_64-w64-mingw32-objcopy,extra
x86_64-w64-mingw32-objdump,extra
x86_64-w64-mingw32-ranlib,extra
x86_64-w64-mingw32-readelf,extra
x86_64-w64-mingw32-size,extra
x86_64-w64-mingw32-strings,extra
x86_64-w64-mingw32-strip,extra
x86_64-w64-mingw32-windmc,extra
x86_64-w64-mingw32-windres,extra
x86_energy_perf_policy,extra
xa,extra
xan,extra
xandikos,extra
xandikos-milter,extra
xaos,extra
xapian-check,extra
xapian-compact,extra
xapian-config,extra
xapian-delve,extra
xapian-metadata,extra
xapian-pos,extra
xapian-progsrv,extra
xapian-quest,extra
xapian-replicate,extra
xapian-replicate-server,extra
xapian-tcpsrv,extra
xapp-gpu-offload,extra
xarchiver,extra
xargs,core
xasy,extra
xattr,extra
xauth,extra
xb-tool,extra
xbacklight,extra
xbcloud,extra
xbcloud_osenv,extra
xbcrypt,extra
xbiff,extra
xbindkeys,extra
xbindkeys_show,extra
xbmtopbm,extra
xboard,extra
xbrlapi,extra
xbstream,extra
xbuild,extra
xca,extra
xcalc,extra
xcalib,extra
xcape,extra
xcas,extra
xcasnew,extra
xcbm2,extra
xcbm5x0,extra
xcffibgen,extra
xchm,extra
xclbinutil,extra
xclip,extra
xclip-copyfile,extra
xclip-cutfile,extra
xclip-pastefile,extra
xclipboard,extra
xclock,extra
xcmsdb,extra
xcolor,extra
xcompmgr,extra
xconsole,extra
xcur2png,extra
xcursorgen,extra
xcutsel,extra
xdelta3,extra
xdg-dbus-proxy,extra
xdg-desktop-icon,extra
xdg-desktop-menu,extra
xdg-email,extra
xdg-icon-resource,extra
xdg-mime,extra
xdg-open,extra
xdg-screensaver,extra
xdg-settings,extra
xdg-user-dir,extra
xdg-user-dirs-gtk-update,extra
xdg-user-dirs-update,extra
xdg_menu,extra
xdg_menu_su,extra
xdm,extra
xdo,extra
xdosemu,extra
xdot,extra
xdotool,extra
xdp-bench,extra
xdp-filter,extra
xdp-forward,extra
xdp-loader,extra
xdp-monitor,extra
xdp-trafficgen,extra
xdpdump,extra
xdpr,extra
xdpyinfo,extra
xdriinfo,extra
xdt-autogen,extra
xdt-check-abi,extra
xdt-csource,extra
xdt-gen-visibility,extra
xdvi,extra
xdvi-xaw,extra
xdvipdfmx,extra
xdvipsk,extra
xe-perf-configs,extra
xe-perf-control,extra
xe-perf-reader,extra
xe-perf-recorder,extra
xed,extra
xedit,extra
xeglgears,extra
xeglgears32,multilib
xeglthreads,extra
xeglthreads32,multilib
xelatex,extra
xelatex-dev,extra
xelatex-unsafe,extra
xembedsniproxy,extra
xetex,extra
xetex-unsafe,extra
xev,extra
xeyes,extra
xfburn,extra
xfce-build,extra
xfce-do-release,extra
xfce-get-release-notes,extra
xfce-get-translations,extra
xfce-update-news,extra
xfce4-about,extra
xfce4-accessibility-settings,extra
xfce4-appearance-settings,extra
xfce4-appfinder,extra
xfce4-clipman,extra
xfce4-clipman-history,extra
xfce4-clipman-settings,extra
xfce4-color-settings,extra
xfce4-dict,extra
xfce4-display-settings,extra
xfce4-find-cursor,extra
xfce4-keyboard-settings,extra
xfce4-kiosk-query,extra
xfce4-mime-helper,extra
xfce4-mime-settings,extra
xfce4-mixer,extra
xfce4-mouse-settings,extra
xfce4-notes,extra
xfce4-notes-settings,extra
xfce4-notifyd-config,extra
xfce4-panel,extra
xfce4-panel-profiles,extra
xfce4-pm-helper,extra
xfce4-popup-applicationsmenu,extra
xfce4-popup-clipman,extra
xfce4-popup-clipman-actions,extra
xfce4-popup-directorymenu,extra
xfce4-popup-notes,extra
xfce4-popup-places,extra
xfce4-popup-whiskermenu,extra
xfce4-popup-windowmenu,extra
xfce4-power-manager,extra
xfce4-power-manager-settings,extra
xfce4-screensaver,extra
xfce4-screensaver-command,extra
xfce4-screensaver-preferences,extra
xfce4-screenshooter,extra
xfce4-sensors,extra
xfce4-session,extra
xfce4-session-logout,extra
xfce4-session-settings,extra
xfce4-set-wallpaper,extra
xfce4-settings-editor,extra
xfce4-settings-manager,extra
xfce4-taskmanager,extra
xfce4-terminal,extra
xfce4-volumed-pulse,extra
xfconf-query,extra
xfd,extra
xfdesktop,extra
xfdesktop-settings,extra
xflock4,extra
xfmpc,extra
xfont,extra
xfont32,multilib
xfontsel,extra
xfpm-power-backlight-helper,extra
xfreerdp3,extra
xfrun4,extra
xfs_admin,core
xfs_bmap,core
xfs_copy,core
xfs_db,core
xfs_estimate,core
xfs_freeze,core
xfs_fsr,core
xfs_growfs,core
xfs_info,core
xfs_io,core
xfs_logprint,core
xfs_mdrestore,core
xfs_metadump,core
xfs_mkfile,core
xfs_ncheck,core
xfs_property,core
xfs_protofile,core
xfs_quota,core
xfs_repair,core
xfs_rtcp,core
xfs_scrub,core
xfs_scrub_all,core
xfs_spaceman,core
xfsdist,extra
xfsdump,extra
xfsettingsd,extra
xfsinvutil,extra
xfsrestore,extra
xfsslower,extra
xfte,extra
xfwm4,extra
xfwm4-settings,extra
xfwm4-tweaks-settings,extra
xfwm4-workspace-settings,extra
xgamma,extra
xgap,extra
xgettext,core
xgo,extra
xgps,extra
xgpsspeed,extra
xh,extra
xhlatex,extra
xhost,extra
xhs,extra
xiccd,extra
xicclu,extra
ximtoppm,extra
xindex,extra
xindy,extra
xindy.mem,extra
xindy.run,extra
xine,extra
xine-bugreport,extra
xine-check,extra
xine-config,extra
xine-list-1.2,extra
xine-remote,extra
xinfo,extra
xinit,extra
xinput,extra
xiphos,extra
xiphos-nav,extra
xjadeo,extra
xjc,extra
xjremote,extra
xkbbell,extra
xkbcli,extra
xkbcomp,extra
xkbevd,extra
xkbprint,extra
xkbsel,extra
xkbsel-aw,extra
xkbseldb,extra
xkbvleds,extra
xkbwatch,extra
xkcdpass,extra
xkeycaps,extra
xkibitz,extra
xkill,extra
xl2tpd,extra
xl2tpd-control,extra
xlet-about-dialog,extra
xlet-settings,extra
xliff2odf,extra
xliff2oo,extra
xliff2po,extra
xlinks,core
xload,extra
xloadimage,extra
xlock,extra
xlogo,extra
xls2csv,extra
xlsatoms,extra
xlsclients,extra
xlsfonts,extra
xmag,extra
xmake,extra
xman,extra
xmaxima,extra
xmbind,extra
xmdump2,extra
xmdump3,extra
xmdump4,extra
xmessage,extra
xmi2pot6,extra
xminicom,extra
xmkmf,extra
xml,extra
xml2-config,core
xml2ads,extra
xml2ag,extra
xml2asc,extra
xml2bib,extra
xml2biblatex,extra
xml2dcm,extra
xml2dsr,extra
xml2end,extra
xml2gbs,extra
xml2guido,extra
xml2isi,extra
xml2json,extra
xml2lcov,extra
xml2lcovutil.py,extra
xml2midi,extra
xml2nbib,extra
xml2odf,extra
xml2pmx,extra
xml2pot,extra
xml2ris,extra
xml2stems,extra
xml2stw,extra
xml2wordbib,extra
xml_parser,extra
xmlcatalog,core
xmldiff,extra
xmlif,extra
xmllint,core
xmlmantohtml,extra
xmlmerge,extra
xmlock,extra
xmlparse,extra
xmlpatch,extra
xmlpatterns,extra
xmlpatternsvalidator,extra
xmlread,extra
xmlschema-json2xml,extra
xmlschema-validate,extra
xmlschema-xml2json,extra
xmlsec1,extra
xmlsec1-config,extra
xmlstarlet,extra
xmltex,extra
xmlto,extra
xmltoman,extra
xmltranspose,extra
xmlversion,extra
xmlwf,core
xmms2,extra
xmms2-et,extra
xmms2-find-avahi,extra
xmms2-launcher,extra
xmms2-mdns-avahi,extra
xmms2-mlib-updater,extra
xmms2d,extra
xmobar,extra
xmode2,extra
xmodmap,extra
xmonad,extra
xmonad-dbus,extra
xmousepos,extra
xmrig,extra
xnmap,extra
xonotic-dedicated,extra
xonotic-glx,extra
xonotic-sdl,extra
xonsh,extra
xonsh-cat,extra
xonsh-uname,extra
xonsh-uptime,extra
xorrecord,extra
xorriso,extra
xorriso-dd-target,extra
xorriso-tcltk,extra
xorrisofs,extra
xortool,extra
xortool-xor,extra
xosd-config,extra
xournalpp,extra
xournalpp-thumbnailer,extra
xournalpp-wrapper,extra
xpad,extra
xpdf,extra
xpet,extra
xplanet,extra
xplr,extra
xplus4,extra
xpmtoppm,extra
xpr,extra
xpra,extra
xpra_Xdummy,extra
xpra_launcher,extra
xprintidle,extra
xprop,extra
xpstat,extra
xpstojpeg,extra
xpstopdf,extra
xpstopng,extra
xpstops,extra
xpstosvg,extra
xq,extra
xqmstats,extra
xrandr,extra
xrdacctest,extra
xrdadler32,extra
xrdb,extra
xrdcks,extra
xrdcopy,extra
xrdcp,extra
xrdcrc32c,extra
xrdfs,extra
xrdgsiproxy,extra
xrdgsitest,extra
xrdmapc,extra
xrdpfc_print,extra
xrdpinls,extra
xrdpwdadmin,extra
xrdreplay,extra
xrdshmap,extra
xrdsssadmin,extra
xreader,extra
xreader-previewer,extra
xreader-thumbnailer,extra
xrefresh,extra
xrepo,extra
xrootd,extra
xrootd-config,extra
xrootdfs,extra
xrotfontdemo,extra
xrotfontdemo32,multilib
xrt-replay,extra
xrt-runner,extra
xrt-smi,extra
xrt-tracer,extra
xscpu64,extra
xscreensaver,extra
xscreensaver-command,extra
xscreensaver-demo,extra
xscreensaver-settings,extra
xsd,extra
xsecurelock,extra
xsel,extra
xsensors,extra
xset,extra
xsetbg,extra
xsetroot,extra
xsettingsd,extra
xsetwacom,extra
xsi-replace-adwaita-symbolic,extra
xslt-config,extra
xsltproc,extra
xspike,extra
xss-lock,extra
xssstate,extra
xsv,extra
xtables-legacy-multi,core
xtables-monitor,core
xtables-nft-multi,core
xte,extra
xterm,extra
xtotroff,core
xtrabackup,extra
xtrace,core
xtractprotos,extra
xtrlock,extra
xvfb-run,extra
xvic,extra
xvidtune,extra
xviewer,extra
xvinfo,extra
xvminitoppm,extra
xwallpaper,extra
xwax,extra
xwayland-satellite,extra
xwd,extra
xwdtopnm,extra
xwininfo,extra
xwud,extra
xxd,extra
xxh128sum,extra
xxh32sum,extra
xxh3sum,extra
xxh64sum,extra
xxhsum,extra
xxkb,extra
xz,core
xzcat,core
xzcmp,core
xzdec,core
xzdiff,core
xzegrep,core
xzfgrep,core
xzgrep,core
xzless,core
xzmore,core
y4mblack,extra
y4mcolorbars,extra
y4mdenoise,extra
y4mhist,extra
y4minterlace,extra
y4mivtc,extra
y4mscaler,extra
y4mshift,extra
y4mspatialfilter,extra
y4mstabilizer,extra
y4mtopnm,extra
y4mtoppm,extra
y4mtoyuv,extra
y4munsharp,extra
ya,extra
yaak,extra
yaak-app-client,extra
yabridge-host.exe,extra
yabridge-host.exe.so,extra
yabridgectl,extra
yacc,core
yad,extra
yad-icon-browser,extra
yad-settings,extra
yad-tools,extra
yadm,extra
yaegi,extra
yakuake,extra
yamdi,extra
yaml,extra
yaml-bench,extra
yaml-bench-18,extra
yaml-bench-19,extra
yaml-bench-20,extra
yaml-bench-21,extra
yaml-language-server,extra
yaml-to-dhall,extra
yaml2json,extra
yaml2macho-core,extra
yaml2obj,extra
yaml2obj-18,extra
yaml2obj-19,extra
yaml2obj-20,extra
yaml2obj-21,extra
yaml2po,extra
yamlfmt,extra
yamllint,extra
yank,extra
yapf,extra
yapf-diff,extra
yaps,extra
yara,extra
yarac,extra
yard,extra
yardoc,extra
yarn,extra
yarnpkg,extra
yasm,extra
yass,extra
yat2m,core
yate,extra
yate-config,extra
yaz-asncomp,extra
yaz-client,extra
yaz-config,extra
yaz-iconv,extra
yaz-icu,extra
yaz-illclient,extra
yaz-json-parse,extra
yaz-marcdump,extra
yaz-record-conv,extra
yaz-url,extra
yaz-ztest,extra
yazi,extra
ybmtopbm,extra
ydotool,extra
ydotoold,extra
yelp,extra
yelp-build,extra
yelp-check,extra
yelp-new,extra
yes,core
yggdrasil,extra
yggdrasilctl,extra
yices,extra
yices-sat,extra
yices-smt,extra
yices-smt2,extra
ykchalresp,extra
ykclient,extra
ykfde-enroll,extra
ykfde-format,extra
ykfde-open,extra
ykgenerate,extra
ykinfo,extra
ykman,extra
ykpamcfg,extra
ykparse,extra
ykpersonalize,extra
yodl,extra
yodl2html,extra
yodl2latex,extra
yodl2man,extra
yodl2txt,extra
yodl2whatever,extra
yodl2xml,extra
yodlpost,extra
yodlstriproff,extra
yodlverbinsert,extra
yoshimi,extra
yosys,extra
yosys-config,extra
yosys-filterlib,extra
yosys-smtbmc,extra
yosys-witness,extra
ypipe,extra
yplan,extra
yq,extra
yrd,extra
yri,extra
ysh,extra
yt-dlp,extra
ytasm,extra
ytfzf,extra
ytmusicapi,extra
ytnef,extra
ytnefprint,extra
ytnefprocess,extra
yubico-piv-tool,extra
yubihsm-auth,extra
yubihsm-shell,extra
yubihsm-wrap,extra
yubikey-personalization-gui,extra
yubikey-touch-detector,extra
yuv2lav,extra
yuv4mpeg,extra
yuvconvert,extra
yuvcorrect,extra
yuvcorrect_tune,extra
yuvdeinterlace,extra
yuvdenoise,extra
yuvfps,extra
yuvinactive,extra
yuvkineco,extra
yuvmedianfilter,extra
yuvscaler,extra
yuvsplittoppm,extra
yuvtoppm,extra
yuvycsnoise,extra
yuy2topam,extra
yuyvtoy4m,extra
z3,extra
zabbix_agent2,extra
zabbix_agentd,extra
zabbix_get,extra
zabbix_proxy_mysql,extra
zabbix_proxy_postgresql,extra
zabbix_proxy_sqlite3,extra
zabbix_sender,extra
zabbix_server_mysql,extra
zabbix_server_postgresql,extra
zabbix_web_service,extra
zad,extra
zanshin,extra
zanshin-migrator,extra
zaproxy,extra
zarchive,extra
zathura,extra
zathura-sandbox,extra
zaz,extra
zbarcam,extra
zbarcam-gtk,extra
zbarcam-qt,extra
zbarimg,extra
zbasis,extra
zbl,extra
zblocklist,extra
zbus-xmlgen,extra
zcat,core
zcav,extra
zcf,extra
zck,extra
zck_delta_size,extra
zck_gen_zdict,extra
zck_read_header,extra
zckdl,extra
zcl,extra
zcmp,core
zcp,extra
zct,extra
zcv,extra
zdiff,core
zdump,core
zeal,extra
zeditor,extra
zef,extra
zegrep,core
zeisstopnm,extra
zeitgeist-daemon,extra
zeitgeist-datahub,extra
zeitgeist-explorer,extra
zellij,extra
zenheiset,extra
zenith,extra
zenity,extra
zenmap,extra
zeppelin,extra
zerk,extra
zeroclaw,extra
zerocode,extra
zerotier-cli,extra
zerotier-idtool,extra
zerotier-one,extra
zettlr,extra
zev,extra
zfgrep,core
zforce,core
zfp,extra
zfr,extra
zfsdist,extra
zfsslower,extra
zgrep,core
zic,core
zig,extra
zim,extra
zimbench,extra
zimcheck,extra
zimdiff,extra
zimdump,extra
zimpatch,extra
zimrecreate,extra
zimsearch,extra
zimsplit,extra
zimwriterfs,extra
zint,extra
zint-qt,extra
zip,extra
zip2john,extra
zip2st,extra
zipcloak,extra
zipcmp,extra
zipgrep,extra
zipinfo,extra
zipmerge,extra
zipnote,extra
ziproxy,extra
ziproxylogtool,extra
zipserver,extra
zipsplit,extra
ziptool,extra
zita-a2j,extra
zita-at1,extra
zita-bls1,extra
zita-dc1,extra
zita-dpl1,extra
zita-j2a,extra
zita-j2n,extra
zita-lrx,extra
zita-mu1,extra
zita-n2j,extra
zita-rev1,extra
ziterate,extra
ziv,extra
zizmor,extra
zk,extra
zkd,extra
zless,core
zlib-flate,extra
zls,extra
zmap,extra
zmf2raw,extra
zmf2svg,extra
zmo,extra
zmore,core
zmu,extra
zmw,extra
znc,extra
znc-buildmod,extra
znew,core
zntune,extra
znu,extra
zoekt,extra
zoekt-archive-index,extra
zoekt-dynamic-indexserver,extra
zoekt-git-clone,extra
zoekt-git-index,extra
zoekt-index,extra
zoekt-indexserver,extra
zoekt-merge-index,extra
zoekt-repo-index,extra
zoekt-webserver,extra
zola,extra
zone2json,extra
zone2ldap,extra
zone2sql,extra
zonetab2pot.py,extra
zoomsh,extra
zope-testrunner,extra
zopfli,extra
zopflipng,extra
zor,extra
zoxide,extra
zpo,extra
zpr,extra
zps,extra
zpt,extra
zqt,extra
zramctl,core
zresample,extra
zretune,extra
zro,extra
zrun,extra
zsc,extra
zsh,extra
zsh-5.9.2,extra
zshdb,extra
zsi,extra
zsnes,extra
zsoelim,core
zsolve,extra
zsp,extra
zssh,extra
zstd,core
zstdcat,core
zstdgrep,core
zstdless,core
zstdmt,core
zsy,extra
zsync,extra
zsyncmake,extra
ztc,extra
zte,extra
ztee,extra
ztelnet,extra
ztr,extra
zts,extra
zuk,extra
zutty,extra
zvbi-atsc-cc,extra
zvbi-chains,extra
zvbi-ntsc-cc,extra
zvbid,extra
zvp,extra
zxcvbn,extra
zyn-fusion,extra
zynaddsubfx,extra
zypp-NameReqPrv,extra
zypper,extra
zzat,extra
zzcat,extra
zzdir,extra
zzip,extra
zzuf,extra
zzxorcat,extra
zzxorcopy,extra
zzxordir,extra
